Station,Date,Time,Alk-Tot,Chl-a,Cl-Tot,DRP,EC,H-T,NH4N,NO2N,NO3N,O2-Dis,SiO2-Dis,TDS,TEMP,TURB,pH,Station Identifier,Latitude,Longitude,Region,Cl-Dis,NH3N,SiO2-Rea,TDP,TN,TP,TRANS,TSS,O2-Dis-Sat,TIP,BOD,TOTCOLI,A340,As-Tot,COL-True,Cd-Tot,Cr-Tot,DOC,ENTCOCC,FECALCOLI,Hg-Tot,Ni-Tot,Pb-Tot,TEMP-Air,TKN,TOC,TON,TRP,Ca-Dis,Fe-Dis,Mg-Dis,Na-Dis,Pb-Dis,SO4-Dis,Zn-Dis,B11,B12,B2,B3,B4,B5,B6,B7,B8,B8A
IND00124,2020-04-23,,,,,,238.0,,,,,8.6,,,,,7.8,BEAS AT D/S DEHRAGOPIPUR,31.8781,76.2033,India,,,,,,,,,,,0.1,33.0,,,,,,,,,,,,,,,,,,,,,,,,0.010099999606609344,0.011099999770522118,0.04340000078082085,0.057500001043081284,0.03759999945759773,0.025599999353289604,0.008700000122189522,0.01209999993443489,0.010900000110268593,0.010900000110268593
IND00293,2020-03-04,,,,,,551.0,,,,,6.4,,,,,7.4,KRISHNA A/C WITH TUNGABHADRA SANGAMESHWARAM KUNOOL,16.0019,78.365,India,,,,,,,,,,,1.2,900.0,,,,,,,,,,,,,,,,,,,,,,,,0.02345000021159649,0.016599999740719795,0.08980000019073486,0.11819999665021896,0.09560000151395798,0.10805000364780426,0.06279999762773514,0.06310000270605087,0.055399999022483826,0.04899999871850014
IND00293,2020-05-09,,,,,,748.0,,,,,5.6,,,,,6.6,KRISHNA A/C WITH TUNGABHADRA SANGAMESHWARAM KUNOOL,16.0019,78.365,India,,,,,,,,,,,2.2,700.0,,,,,,,,,,,,,,,,,,,,,,,,0.2243500053882599,0.1712000072002411,0.0803999975323677,0.09995000064373016,0.11270000040531158,0.13304999470710754,0.15729999542236328,0.17249999940395355,0.16189999878406525,0.1941000074148178
IND00293,2020-06-08,,,,,,982.0,,,,,5.9,,,,,7.5,KRISHNA A/C WITH TUNGABHADRA SANGAMESHWARAM KUNOOL,16.0019,78.365,India,,,,,,,,,,,1.7,500.0,,,,,,,,,,,,,,,,,,,,,,,,0.21719999611377716,0.1615000069141388,0.06549999862909317,0.08940000087022781,0.10419999808073044,0.12999999523162842,0.1762000024318695,0.18140000104904175,0.16500000655651093,0.2079000025987625
IND00370,2020-04-18,,,,,,258.0,,,,,7.2,,,,,7.6,KUAKHAI AT BHUBANESWAR U/S,20.2979,85.8824,India,,,,,,,,,,,0.2,2400.0,,,,,,,,,,,,,,,,,,,,,,,,0.11819999665021896,0.10949999839067459,0.08309999853372574,0.09679999947547913,0.1023000031709671,0.12849999964237213,0.10339999943971634,0.11710000038146973,0.09619999676942825,0.09989999979734421
IND00436,2019-02-21,,,,,,444.0,,,,,9.2,,,,,7.8,RAMGARH LAKE U.P.,26.7492,83.3973,India,,,,,,,,,,,4.4,9400.0,,,,,,,,,,,,,,,,,,,,,,,,0.20020000636577606,0.1768999993801117,0.08259999752044678,0.09000000357627869,0.11580000072717667,0.14020000398159027,0.13910000026226044,0.15240000188350677,0.15469999611377716,0.15970000624656677
IND00436,2019-04-26,,,,,,442.0,,,,,9.0,,,,,7.6,RAMGARH LAKE U.P.,26.7492,83.3973,India,,,,,,,,,,,4.6,11000.0,,,,,,,,,,,,,,,,,,,,,,,,0.24079999327659607,0.2175000011920929,0.11460000276565552,0.13300000131130219,0.13220000267028809,0.17239999771118164,0.19470000267028809,0.20669999718666077,0.2078000009059906,0.21899999678134918
IND00436,2019-05-17,,,,,,446.0,,,,,8.8,,,,,7.5,RAMGARH LAKE U.P.,26.7492,83.3973,India,,,,,,,,,,,4.4,17000.0,,,,,,,,,,,,,,,,,,,,,,,,0.25290000438690186,0.23309999704360962,0.11980000138282776,0.13680000603199005,0.1446000039577484,0.18209999799728394,0.20890000462532043,0.2304999977350235,0.22779999673366547,0.2371000051498413
IND00436,2020-02-15,,,,,,456.0,,,,,9.1,,,,,8.2,RAMGARH LAKE U.P.,26.7492,83.3973,India,,,,,,,,,,,5.0,32000.0,,,,,,,,,,,,,,,,,,,,,,,,0.16670000553131104,0.1453000009059906,0.10379999876022339,0.11240000277757645,0.12399999797344208,0.1307000070810318,0.13660000264644623,0.14020000398159027,0.147599995136261,0.14959999918937683
IND00436,2020-05-26,,,,,,470.0,,,,,8.8,,,,,8.2,RAMGARH LAKE U.P.,26.7492,83.3973,India,,,,,,,,,,,5.6,44000.0,,,,,,,,,,,,,,,,,,,,,,,,0.2565000057220459,0.22380000352859497,0.1289999932050705,0.149399995803833,0.16699999570846558,0.1753000020980835,0.21289999783039093,0.23180000483989716,0.22360000014305115,0.243599995970726
IND00436,2020-06-10,,,,,,476.0,,,,,8.4,,,,,8.1,RAMGARH LAKE U.P.,26.7492,83.3973,India,,,,,,,,,,,5.8,48000.0,,,,,,,,,,,,,,,,,,,,,,,,0.24459999799728394,0.22050000727176666,0.11259999871253967,0.13259999454021454,0.12999999523162842,0.1680999994277954,0.21389999985694885,0.23909999430179596,0.23319999873638153,0.25369998812675476
IND00436,2020-12-01,,,,,,498.0,,,,,8.0,,,,,8.0,RAMGARH LAKE U.P.,26.7492,83.3973,India,,,,,,,,,,,6.2,50000.0,,,,,,,,,,,,,,,,,,,,,,,,0.15029999613761902,0.12049999833106995,0.1136000007390976,0.12380000203847885,0.11339999735355377,0.1378999948501587,0.1565999984741211,0.16130000352859497,0.15119999647140503,0.16500000655651093
IND00436,2021-02-05,,,,,,522.0,,,,,8.2,,,,,8.28,RAMGARH LAKE U.P.,26.7492,83.3973,India,,,,,,,,,,,6.2,58000.0,,,,,,,,,,,,,,,,,,,,,,,,0.15209999680519104,0.13279999792575836,0.11900000274181366,0.11699999868869781,0.11699999868869781,0.131400004029274,0.13109999895095825,0.13779999315738678,0.12950000166893005,0.13729999959468842
IND00436,2021-03-16,,,,,,534.0,,,,,8.0,,,,,8.2,RAMGARH LAKE U.P.,26.7492,83.3973,India,,,,,,,,,,,6.6,60000.0,,,,,,,,,,,,,,,,,,,,,,,,0.20100000500679016,0.18150000274181366,0.12460000067949295,0.13899999856948853,0.1467999964952469,0.1696999967098236,0.17800000309944153,0.18950000405311584,0.18719999492168427,0.19020000100135803
IND00530,2019-01-02,,,,,,220.0,,0.5,,,7.0,,,,,7.3,DEEPAR BEEL ASSAM,26.1193,91.6477,India,,,,,,,,,,,2.7,910.0,,,,,,,,,,,,,,,,,,,,,,,,0.02239999920129776,0.012400000356137753,0.06239999830722809,0.094200000166893,0.05640000104904175,0.11959999799728394,0.12439999729394913,0.12330000102519989,0.11230000108480453,0.09769999980926514
IND00530,2019-03-04,,,,,,230.0,,0.5,,,11.0,,,,,7.9,DEEPAR BEEL ASSAM,26.1193,91.6477,India,,,,,,,,,,,4.8,720.0,,,,,,,,,,,,,,,,,,,,,,,,0.031099999323487282,0.022099999710917473,0.04430000111460686,0.07909999787807465,0.05130000039935112,0.09969999641180038,0.08720000088214874,0.09070000052452087,0.07530000060796738,0.07209999859333038
IND00530,2019-12-04,,,,,,226.0,,,,,7.8,,,,,7.8,DEEPAR BEEL ASSAM,26.1193,91.6477,India,,,,,,,,,,,3.4,360.0,,,,,,,,,,,,,,,,,,,,,,,,0.031599998474121094,0.016300000250339508,0.0868000015616417,0.09589999914169312,0.0689999982714653,0.09780000150203705,0.09749999642372131,0.10109999775886536,0.08900000154972076,0.07909999787807465
IND00530,2020-03-02,,,,,,210.0,,0.56,,,10.2,,,,,8.0,DEEPAR BEEL ASSAM,26.1193,91.6477,India,,,,,,,,,,,3.3,730.0,,,,,,,,,,,,,,,,,,,,,,,,0.03610000014305115,0.01979999989271164,0.06669999659061432,0.09210000187158585,0.055799998342990875,0.120899997651577,0.1396999955177307,0.14390000700950623,0.12800000607967377,0.11940000206232071
IND00530,2020-12-03,,,,,,240.0,,0.58,,,9.2,,,,,7.3,DEEPAR BEEL ASSAM,26.1193,91.6477,India,,,,,,,,,,,3.2,1100.0,,,,,,,,,,,,,,,,,,,,,,,,0.010499999858438969,0.0071000000461936,0.033900000154972076,0.048700001090765,0.03229999914765358,0.048900000751018524,0.031099999323487282,0.02930000051856041,0.02539999969303608,0.02329999953508377
IND00530,2021-03-03,,,,,,248.0,,1.4,,,10.1,,,,,7.6,DEEPAR BEEL ASSAM,26.1193,91.6477,India,,,,,,,,,,,3.2,1400.0,,,,,,,,,,,,,,,,,,,,,,,,0.043800000101327896,0.03020000085234642,0.06300000101327896,0.0892999991774559,0.06390000134706497,0.1185000017285347,0.11400000005960464,0.1168999969959259,0.10339999943971634,0.09040000289678574
IND00731,2019-03-11,,,,,,541.0,,,,,7.1,,,,,8.1,BILAWALI TALAB AT INDORE,22.6587,75.8642,India,,,,,,,,,,,1.8,70.0,,,,,,,,,,,,,,,,,,,,,,,,0.25380000472068787,0.22360000014305115,0.10599999874830246,0.1371999979019165,0.16359999775886536,0.19329999387264252,0.2054000049829483,0.21850000321865082,0.21439999341964722,0.2337999939918518
IND00731,2021-01-15,,,,,,428.0,,0.01,,,7.9,,,,,8.0,BILAWALI TALAB AT INDORE,22.6587,75.8642,India,,,,,,,,,,,1.2,63.0,,,,,,,,,,,,,,,,,,,,,,,,0.00559999980032444,0.00419999985024333,0.03319999948143959,0.05649999901652336,0.035999998450279236,0.04019999876618385,0.014800000004470348,0.01590000092983246,0.014499999582767487,0.010999999940395355
IND00731,2021-02-09,,,,,,424.0,,0.01,,,7.8,,,,,8.0,BILAWALI TALAB AT INDORE,22.6587,75.8642,India,,,,,,,,,,,2.0,58.0,,,,,,,,,,,,,,,,,,,,,,,,0.005100000184029341,0.005400000140070915,0.02290000021457672,0.0544000007212162,0.041600000113248825,0.04399999976158142,0.009700000286102295,0.009499999694526196,0.007799999788403511,0.006399999838322401
IND00734,2020-11-10,,,,,,240.0,,0.42,,,7.2,,,,,7.6,GOVINDGARH LAKE,24.3743,81.2823,India,,,,,,,,,,,1.3,47.0,,,,,,,,,,,,,,,,,,,,,,,,0.01954999938607216,0.012199999764561653,0.08415000140666962,0.07615000009536743,0.061149999499320984,0.06340000033378601,0.06154999881982803,0.0596500001847744,0.05700000002980232,0.05184999853372574
IND00734,2020-12-05,,,,,,258.0,,0.52,,,7.5,,,,,8.1,GOVINDGARH LAKE,24.3743,81.2823,India,,,,,,,,,,,2.0,46.0,,,,,,,,,,,,,,,,,,,,,,,,0.010099999606609344,0.0070500001311302185,0.03240000084042549,0.03139999881386757,0.024250000715255737,0.023350000381469727,0.021299999207258224,0.02135000005364418,0.021449999883770943,0.019750000908970833
IND00734,2021-01-14,,,,,,279.0,,0.38,,,7.7,,,,,7.8,GOVINDGARH LAKE,24.3743,81.2823,India,,,,,,,,,,,1.0,38.0,,,,,,,,,,,,,,,,,,,,,,,,0.004650000017136335,0.003700000001117587,0.018050000071525574,0.018300000578165054,0.010499999858438969,0.010300000198185444,0.010200000368058681,0.009150000289082527,0.011049999855458736,0.008750000037252903
IND00785,2019-05-21,,,,,,150.0,,,,,6.0,,,,,6.8,MAYEM LAKE BICHOLIM,15.5754,73.94,India,,,,,,,,,,,2.0,1300.0,,,,,,,,,,,,,,,,,,,,,,,,0.15919999778270721,0.11240000277757645,0.07209999859333038,0.09300000220537186,0.09200000017881393,0.10760000348091125,0.13410000503063202,0.1459999978542328,0.10260000079870224,0.16030000150203705
IND00785,2021-03-05,,,,,,47.0,,0.4,,,7.7,,,,,6.57,MAYEM LAKE BICHOLIM,15.5754,73.94,India,,,,,,,,,,,1.7,490.0,,,,,,,,,,,,,,,,,,,,,,,,0.040699999779462814,0.02449999935925007,0.03290000185370445,0.03880000114440918,0.03099999949336052,0.03700000047683716,0.04349999874830246,0.0494999997317791,0.024700000882148743,0.05119999870657921
IND00804,2020-02-12,,,,,,43600.0,,0.15,,,6.3,,,,,7.5,R CORAPUZHA AT KANAYANKODE,11.4444,75.7285,India,,,,,,,,,,,0.9,170.0,,,,,,,,,,,,,,,,,,,,,,,,0.016100000590085983,0.010400000028312206,0.041999999433755875,0.05420000106096268,0.03720000013709068,0.026599999517202377,0.030300000682473183,0.019300000742077827,0.02930000051856041,0.022700000554323196
IND00804,2020-04-11,,,,,,36420.0,,0.16,,,5.7,,,,,7.7,R CORAPUZHA AT KANAYANKODE,11.4444,75.7285,India,,,,,,,,,,,0.8,540.0,,,,,,,,,,,,,,,,,,,,,,,,0.035599999129772186,0.02979999966919422,0.06440000236034393,0.08139999955892563,0.06469999998807907,0.06080000102519989,0.04100000113248825,0.03290000185370445,0.045099999755620956,0.03060000017285347
IND00804,2020-05-02,,,,,,17950.0,,0.67,,,6.3,,,,,7.7,R CORAPUZHA AT KANAYANKODE,11.4444,75.7285,India,,,,,,,,,,,0.6,2100.0,,,,,,,,,,,,,,,,,,,,,,,,0.11230000108480453,0.09309999644756317,0.12960000336170197,0.1581999957561493,0.14560000598430634,0.133200004696846,0.12070000171661377,0.1200999990105629,0.13539999723434448,0.12160000205039978
IND00832,2019-01-04,,,,,,1601.0,,,,,2.2,,,,,7.4,LAXMINARAYANA CHERUVU AT EDULABAD RANGAREDDY,17.4249,78.6977,India,,,,,,,,,,,10.0,470.0,,,,,,,,,,,,,,,,,,,,,,,,0.009949999861419201,0.007499999832361937,0.0284000001847744,0.037050001323223114,0.025849999859929085,0.044449999928474426,0.02355000004172325,0.02005000039935112,0.01744999922811985,0.013899999670684338
IND00832,2019-03-11,,,,,,1720.0,,,,,2.2,,,,,7.3,LAXMINARAYANA CHERUVU AT EDULABAD RANGAREDDY,17.4249,78.6977,India,,,,,,,,,,,14.0,430.0,,,,,,,,,,,,,,,,,,,,,,,,0.03164999932050705,0.024700000882148743,0.04154999926686287,0.04924999922513962,0.039799999445676804,0.0580499991774559,0.03974999859929085,0.04064999893307686,0.03440000116825104,0.03280000016093254
IND00832,2019-09-21,,,,,,1316.0,,,,,2.8,,,,,7.8,LAXMINARAYANA CHERUVU AT EDULABAD RANGAREDDY,17.4249,78.6977,India,,,,,,,,,,,22.0,350.0,,,,,,,,,,,,,,,,,,,,,,,,0.042500000447034836,0.029500000178813934,0.08699999749660492,0.08500000089406967,0.06599999964237213,0.08129999786615372,0.05739999935030937,0.05889999866485596,0.05400000140070915,0.050700001418590546
IND00832,2020-09-01,,,,,,1335.0,,0.4,,,2.6,,,,,8.42,LAXMINARAYANA CHERUVU AT EDULABAD RANGAREDDY,17.4249,78.6977,India,,,,,,,,,,,6.0,2.0,,,,,,,,,,,,,,,,,,,,,,,,0.016249999403953552,0.013399999588727951,0.014050000347197056,0.019449999555945396,0.015650000423192978,0.028149999678134918,0.009700000286102295,0.00860000029206276,0.0035000001080334187,0.0066999997943639755
IND00832,2020-11-04,,,,,,1084.0,,0.4,,,5.8,,,,,7.42,LAXMINARAYANA CHERUVU AT EDULABAD RANGAREDDY,17.4249,78.6977,India,,,,,,,,,,,3.0,240.0,,,,,,,,,,,,,,,,,,,,,,,,0.01355000026524067,0.00839999970048666,0.03754999861121178,0.04390000179409981,0.034949999302625656,0.04170000180602074,0.03200000151991844,0.03220000118017197,0.026499999687075615,0.02785000018775463
IND00832,2021-03-05,,,,,,1210.0,,0.1,,,3.8,,,,,7.99,LAXMINARAYANA CHERUVU AT EDULABAD RANGAREDDY,17.4249,78.6977,India,,,,,,,,,,,4.0,150.0,,,,,,,,,,,,,,,,,,,,,,,,0.031099999323487282,0.015799999237060547,0.0284000001847744,0.03830000013113022,0.026799999177455902,0.051750000566244125,0.06364999711513519,0.06080000102519989,0.04490000009536743,0.07214999943971634
IND00837,2018-12-15,,,,,,871.0,,0.4,,,6.1,,,,,7.3,KONDAKARLA-AAVA LAKE PARAWADA PHARMA CITY VISHAKHA,17.6022,82.9974,India,,,,,,,,,,,1.3,350.0,,,,,,,,,,,,,,,,,,,,,,,,0.13500000536441803,0.06340000033378601,0.08739999681711197,0.12380000203847885,0.0820000022649765,0.15860000252723694,0.27079999446868896,0.289900004863739,0.2955999970436096,0.30140000581741333
IND00837,2019-01-08,,,,,,956.0,,,,,6.8,,,,,7.7,KONDAKARLA-AAVA LAKE PARAWADA PHARMA CITY VISHAKHA,17.6022,82.9974,India,,,,,,,,,,,1.8,240.0,,,,,,,,,,,,,,,,,,,,,,,,0.13510000705718994,0.06419999897480011,0.09629999846220016,0.13680000603199005,0.0940999984741211,0.17900000512599945,0.2890999913215637,0.3001999855041504,0.3043999969959259,0.3098999857902527
IND00837,2019-02-11,,,,,,1007.0,,,,,6.2,,,,,7.4,KONDAKARLA-AAVA LAKE PARAWADA PHARMA CITY VISHAKHA,17.6022,82.9974,India,,,,,,,,,,,1.6,460.0,,,,,,,,,,,,,,,,,,,,,,,,0.05979999899864197,0.029899999499320984,0.10660000145435333,0.12060000002384186,0.09539999812841415,0.12919999659061432,0.17180000245571136,0.1768999993801117,0.16580000519752502,0.17159999907016754
IND00837,2019-04-03,,,,,,1815.0,,,,,5.8,,,,,8.3,KONDAKARLA-AAVA LAKE PARAWADA PHARMA CITY VISHAKHA,17.6022,82.9974,India,,,,,,,,,,,1.7,460.0,,,,,,,,,,,,,,,,,,,,,,,,0.12690000236034393,0.06449999660253525,0.08619999885559082,0.11779999732971191,0.08479999750852585,0.15919999778270721,0.2287999987602234,0.26260000467300415,0.23960000276565552,0.26260000467300415
IND00837,2019-11-14,,,,,,941.0,,,,,5.8,,,,,8.3,KONDAKARLA-AAVA LAKE PARAWADA PHARMA CITY VISHAKHA,17.6022,82.9974,India,,,,,,,,,,,4.2,150.0,,,,,,,,,,,,,,,,,,,,,,,,0.09049999713897705,0.04170000180602074,0.05640000104904175,0.08780000358819962,0.05209999904036522,0.11620000004768372,0.18230000138282776,0.18719999492168427,0.17399999499320984,0.186599999666214
IND00837,2019-12-07,,,,,,714.0,,,,,5.0,,,,,8.5,KONDAKARLA-AAVA LAKE PARAWADA PHARMA CITY VISHAKHA,17.6022,82.9974,India,,,,,,,,,,,2.3,240.0,,,,,,,,,,,,,,,,,,,,,,,,0.15189999341964722,0.07079999893903732,0.055399999022483826,0.12120000272989273,0.05829999968409538,0.1738000065088272,0.31679999828338623,0.32359999418258667,0.3009999990463257,0.3160000145435333
IND00837,2020-01-22,,,,,,782.0,,0.25,,,5.2,,,,,7.5,KONDAKARLA-AAVA LAKE PARAWADA PHARMA CITY VISHAKHA,17.6022,82.9974,India,,,,,,,,,,,3.0,210.0,,,,,,,,,,,,,,,,,,,,,,,,0.17499999701976776,0.08399999886751175,0.08889999985694885,0.13779999315738678,0.08540000021457672,0.18940000236034393,0.3425999879837036,0.364300012588501,0.3531999886035919,0.374099999666214
IND00837,2020-02-11,,,,,,654.0,,0.1,,,5.6,,,,,7.3,KONDAKARLA-AAVA LAKE PARAWADA PHARMA CITY VISHAKHA,17.6022,82.9974,India,,,,,,,,,,,2.8,210.0,,,,,,,,,,,,,,,,,,,,,,,,0.1784999966621399,0.0860000029206276,0.07530000060796738,0.13120000064373016,0.07639999687671661,0.18970000743865967,0.35910001397132874,0.38690000772476196,0.37299999594688416,0.39890000224113464
IND00837,2020-03-18,,,,,,798.0,,0.1,,,4.5,,,,,7.4,KONDAKARLA-AAVA LAKE PARAWADA PHARMA CITY VISHAKHA,17.6022,82.9974,India,,,,,,,,,,,2.8,240.0,,,,,,,,,,,,,,,,,,,,,,,,0.1678999960422516,0.07559999823570251,0.08290000259876251,0.12399999797344208,0.07739999890327454,0.17880000174045563,0.3287999927997589,0.36149999499320984,0.3492000102996826,0.37229999899864197
IND00837,2020-04-11,,,,,,640.0,,0.12,,,5.8,,,,,7.6,KONDAKARLA-AAVA LAKE PARAWADA PHARMA CITY VISHAKHA,17.6022,82.9974,India,,,,,,,,,,,2.6,460.0,,,,,,,,,,,,,,,,,,,,,,,,0.28600001335144043,0.1956000030040741,0.12319999933242798,0.18479999899864197,0.14339999854564667,0.25769999623298645,0.4343999922275543,0.46389999985694885,0.45879998803138733,0.47450000047683716
IND00837,2020-05-23,,,,,,656.0,,0.18,,,4.2,,,,,7.5,KONDAKARLA-AAVA LAKE PARAWADA PHARMA CITY VISHAKHA,17.6022,82.9974,India,,,,,,,,,,,3.8,210.0,,,,,,,,,,,,,,,,,,,,,,,,0.18559999763965607,0.09560000151395798,0.08500000089406967,0.13179999589920044,0.0869000032544136,0.18320000171661377,0.3368000090122223,0.34790000319480896,0.3508000075817108,0.35749998688697815
IND00837,2020-09-04,,,,,,874.0,,0.08,,,6.8,,,,,7.1,KONDAKARLA-AAVA LAKE PARAWADA PHARMA CITY VISHAKHA,17.6022,82.9974,India,,,,,,,,,,,4.8,240.0,,,,,,,,,,,,,,,,,,,,,,,,0.13740000128746033,0.06750000268220901,0.1006999984383583,0.1340000033378601,0.08739999681711197,0.17430000007152557,0.27390000224113464,0.3068000078201294,0.2718000113964081,0.30090001225471497
IND00837,2021-02-16,,,,,,912.0,,0.13,,,6.8,,,,,7.5,KONDAKARLA-AAVA LAKE PARAWADA PHARMA CITY VISHAKHA,17.6022,82.9974,India,,,,,,,,,,,1.9,210.0,,,,,,,,,,,,,,,,,,,,,,,,0.10679999738931656,0.04859999939799309,0.0885000005364418,0.12099999934434891,0.0828000009059906,0.15710000693798065,0.2160000056028366,0.2337000072002411,0.21060000360012054,0.2264000028371811
IND00904,2019-01-04,,,,,,181.0,,1.7,,,5.5,,,,,7.1,ANSHUPA LAKE KADALIBARI,20.464,85.599,India,,,,,,,,,,,,170.0,,,,,,,,,,,,,,,,,,,,,,,,0.039900001138448715,0.02329999953508377,0.061799999326467514,0.06859999895095825,0.05939999967813492,0.07810000330209732,0.08529999852180481,0.09669999778270721,0.10019999742507935,0.08420000225305557
IND00904,2019-04-03,,,,,,150.0,,0.6,,,6.6,,,,,8.4,ANSHUPA LAKE KADALIBARI,20.464,85.599,India,,,,,,,,,,,2.0,2200.0,,,,,,,,,,,,,,,,,,,,,,,,0.05000000074505806,0.032499998807907104,0.03920000046491623,0.045099999755620956,0.037300001829862595,0.05389999970793724,0.06340000033378601,0.066600002348423,0.06080000102519989,0.06360000371932983
IND00904,2019-05-14,,,,,,155.0,,,,,7.2,,,,,7.0,ANSHUPA LAKE KADALIBARI,20.464,85.599,India,,,,,,,,,,,2.1,2800.0,,,,,,,,,,,,,,,,,,,,,,,,0.07020000368356705,0.049300000071525574,0.06279999762773514,0.06880000233650208,0.055399999022483826,0.08079999685287476,0.09399999678134918,0.10029999911785126,0.09380000084638596,0.09669999778270721
IND00904,2019-11-05,,,,,,150.0,,0.8,,,7.4,,,,,6.7,ANSHUPA LAKE KADALIBARI,20.464,85.599,India,,,,,,,,,,,1.5,460.0,,,,,,,,,,,,,,,,,,,,,,,,0.029200000688433647,0.015599999576807022,0.04969999939203262,0.06069999933242798,0.046799998730421066,0.06499999761581421,0.061900001019239426,0.05979999899864197,0.05130000039935112,0.05559999868273735
IND00904,2020-05-27,,,,,,157.0,,,,,7.6,,,,,7.4,ANSHUPA LAKE KADALIBARI,20.464,85.599,India,,,,,,,,,,,1.1,2200.0,,,,,,,,,,,,,,,,,,,,,,,,0.09730000048875809,0.07050000131130219,0.121799997985363,0.12999999523162842,0.11840000003576279,0.11209999769926071,0.11100000143051147,0.11860000342130661,0.12300000339746475,0.11069999635219574
IND00904,2020-07-01,,,,,,184.0,,,,,7.6,,,,,8.4,ANSHUPA LAKE KADALIBARI,20.464,85.599,India,,,,,,,,,,,2.5,2200.0,,,,,,,,,,,,,,,,,,,,,,,,0.034299999475479126,0.026799999177455902,0.04809999838471413,0.05009999871253967,0.03550000116229057,0.04600000008940697,0.04859999939799309,0.05550000071525574,0.03150000050663948,0.05220000073313713
IND00904,2020-11-04,,,,,,127.0,,0.56,,,7.4,,,,,7.9,ANSHUPA LAKE KADALIBARI,20.464,85.599,India,,,,,,,,,,,1.5,1400.0,,,,,,,,,,,,,,,,,,,,,,,,0.11270000040531158,0.057100001722574234,0.057100001722574234,0.08389999717473984,0.05130000039935112,0.11020000278949738,0.19120000302791595,0.21119999885559082,0.25099998712539673,0.25130000710487366
IND00904,2020-12-14,,,,,,133.0,,,,,7.8,,,,,7.7,ANSHUPA LAKE KADALIBARI,20.464,85.599,India,,,,,,,,,,,1.9,2800.0,,,,,,,,,,,,,,,,,,,,,,,,0.18770000338554382,0.09839999675750732,0.07599999755620956,0.10999999940395355,0.0681999996304512,0.1527000069618225,0.3012999892234802,0.3199999928474426,0.3481999933719635,0.3400000035762787
IND00904,2021-02-02,,,,,,142.0,,,,,7.5,,,,,8.1,ANSHUPA LAKE KADALIBARI,20.464,85.599,India,,,,,,,,,,,1.5,2400.0,,,,,,,,,,,,,,,,,,,,,,,,0.125,0.06750000268220901,0.08500000089406967,0.09600000083446503,0.07240000367164612,0.11860000342130661,0.20010000467300415,0.2224999964237213,0.2531999945640564,0.23229999840259552
IND00943,2019-02-04,,,,,,150.0,,,,,6.5,,,,,7.7,MIRIKH LAKE DARJEELING,26.89,88.1803,India,,,,,,,,,,,2.8,11000.0,,,,,,,,,,,,,,,,,,,,,,,,0.24420000612735748,0.17110000550746918,0.22920000553131104,0.2142000049352646,0.18199999630451202,0.21979999542236328,0.2587999999523163,0.2529999911785126,0.3052999973297119,0.2624000012874603
IND00943,2021-03-25,,,,,,161.0,,,,,6.2,,,,,7.4,MIRIKH LAKE DARJEELING,26.89,88.1803,India,,,,,,,,,,,2.4,14000.0,,,,,,,,,,,,,,,,,,,,,,,,0.18960000574588776,0.13420000672340393,0.055399999022483826,0.06750000268220901,0.06199999898672104,0.11699999868869781,0.17399999499320984,0.17980000376701355,0.19030000269412994,0.21140000224113464
IND00954,2019-01-14,,,,,,470.0,,,,,9.4,,,,,7.6,SAHEBBANDH AT PURULIA,23.3387,86.3574,India,,,,,,,,,,,2.7,17000.0,,,,,,,,,,,,,,,,,,,,,,,,0.03660000115633011,0.023600000888109207,0.08560000360012054,0.08460000157356262,0.06620000302791595,0.07360000163316727,0.07289999723434448,0.07559999823570251,0.06509999930858612,0.06689999997615814
IND00954,2019-10-31,,,,,,406.0,,,,,8.0,,,,,8.5,SAHEBBANDH AT PURULIA,23.3387,86.3574,India,,,,,,,,,,,3.0,12000.0,,,,,,,,,,,,,,,,,,,,,,,,0.030500000342726707,0.01730000041425228,0.0771000012755394,0.0851999968290329,0.06360000371932983,0.08340000361204147,0.07970000058412552,0.08299999684095383,0.0697999969124794,0.06840000301599503
IND00954,2019-11-19,,,,,,338.0,,,,,8.6,,,,,8.2,SAHEBBANDH AT PURULIA,23.3387,86.3574,India,,,,,,,,,,,3.1,3800.0,,,,,,,,,,,,,,,,,,,,,,,,0.022600000724196434,0.01489999983459711,0.045899998396635056,0.061799999326467514,0.038600001484155655,0.06400000303983688,0.046799998730421066,0.04919999837875366,0.03869999945163727,0.034699998795986176
IND00954,2019-12-05,,,,,,,,0.6,,,8.8,,,,,7.7,SAHEBBANDH AT PURULIA,23.3387,86.3574,India,,,,,,,,,,,3.3,4300.0,,,,,,,,,,,,,,,,,,,,,,,,0.04520000144839287,0.02590000070631504,0.09440000355243683,0.10379999876022339,0.08049999922513962,0.09950000047683716,0.094200000166893,0.10080000013113022,0.08229999989271164,0.08560000360012054
IND00954,2020-05-28,,,,,,467.0,,,,,8.7,,,,,7.5,SAHEBBANDH AT PURULIA,23.3387,86.3574,India,,,,,,,,,,,3.4,4900.0,,,,,,,,,,,,,,,,,,,,,,,,0.08429999649524689,0.06279999762773514,0.061500001698732376,0.07989999651908875,0.06509999930858612,0.09040000289678574,0.09830000251531601,0.10670000314712524,0.08470000326633453,0.10360000282526016
IND00954,2021-03-08,,,,,,399.0,,0.53,,,9.4,,,,,7.04,SAHEBBANDH AT PURULIA,23.3387,86.3574,India,,,,,,,,,,,3.9,4300.0,,,,,,,,,,,,,,,,,,,,,,,,0.06780000030994415,0.04809999838471413,0.0697999969124794,0.09070000052452087,0.07349999994039536,0.0925000011920929,0.0885000005364418,0.0917000025510788,0.07779999822378159,0.09080000221729279
IND00977,2019-01-22,,,,,,748.0,,,,,10.0,,,,,8.0,MOTI JHEEL AT MOTIHARII,26.6469,84.9228,India,,,,,,,,,,,2.9,11000.0,,,,,,,,,,,,,,,,,,,,,,,,0.08590000122785568,0.05900000035762787,0.1573999971151352,0.17640000581741333,0.14800000190734863,0.19509999454021454,0.18289999663829803,0.17970000207424164,0.15620000660419464,0.15880000591278076
IND00977,2019-05-27,,,,,,905.0,,,,,9.6,,,,,8.8,MOTI JHEEL AT MOTIHARII,26.6469,84.9228,India,,,,,,,,,,,2.9,9300.0,,,,,,,,,,,,,,,,,,,,,,,,0.09040000289678574,0.07509999722242355,0.08460000157356262,0.10719999670982361,0.08240000158548355,0.16140000522136688,0.22439999878406525,0.24199999868869781,0.2054000049829483,0.18559999763965607
IND00977,2019-10-18,,,,,,660.0,,0.9,,,13.6,,,,,7.6,MOTI JHEEL AT MOTIHARII,26.6469,84.9228,India,,,,,,,,,,,10.0,14000.0,,,,,,,,,,,,,,,,,,,,,,,,0.04399999976158142,0.027799999341368675,0.10239999741315842,0.11219999939203262,0.0885000005364418,0.13179999589920044,0.11159999668598175,0.1071000024676323,0.09279999881982803,0.08190000057220459
IND00977,2020-09-28,,,,,,628.0,,4.77,,,16.6,,,,,7.8,MOTI JHEEL AT MOTIHARII,26.6469,84.9228,India,,,,,,,,,,,4.0,13000.0,,,,,,,,,,,,,,,,,,,,,,,,0.04650000110268593,0.03319999948143959,0.021199999377131462,0.029100000858306885,0.018400000408291817,0.038600001484155655,0.03350000083446503,0.049800001084804535,0.015300000086426735,0.04529999941587448
IND00977,2020-10-27,,,,,,796.0,,8.4,,,4.5,,,,,7.4,MOTI JHEEL AT MOTIHARII,26.6469,84.9228,India,,,,,,,,,,,5.0,35000.0,,,,,,,,,,,,,,,,,,,,,,,,0.0714000016450882,0.054999999701976776,0.06920000165700912,0.07280000299215317,0.05790000036358833,0.08020000159740448,0.09399999678134918,0.10570000112056732,0.06920000165700912,0.09359999746084213
IND00977,2020-12-31,,,,,,895.0,,0.21,,,5.2,,,,,7.4,MOTI JHEEL AT MOTIHARII,26.6469,84.9228,India,,,,,,,,,,,6.0,28000.0,,,,,,,,,,,,,,,,,,,,,,,,0.16249999403953552,0.08179999887943268,0.05779999867081642,0.08709999918937683,0.06109999865293503,0.11789999902248383,0.31139999628067017,0.37290000915527344,0.40299999713897705,0.4000000059604645
IND00977,2021-02-20,,,,,,945.0,,2.96,,,7.5,,,,,7.61,MOTI JHEEL AT MOTIHARII,26.6469,84.9228,India,,,,,,,,,,,3.0,14000.0,,,,,,,,,,,,,,,,,,,,,,,,0.19979999959468842,0.12290000170469284,0.03840000182390213,0.05790000036358833,0.05590000003576279,0.09910000115633011,0.20659999549388885,0.24169999361038208,0.28299999237060547,0.2818000018596649
IND00977,2021-03-17,,,,,,1080.0,,1.17,,,22.0,,,,,8.33,MOTI JHEEL AT MOTIHARII,26.6469,84.9228,India,,,,,,,,,,,16.0,160000.0,,,,,,,,,,,,,,,,,,,,,,,,0.17560000717639923,0.1111999973654747,0.09520000219345093,0.1080000028014183,0.09399999678134918,0.12540000677108765,0.26809999346733093,0.3239000141620636,0.34200000762939453,0.3467999994754791
IND01007,2018-12-21,,,,,,241.0,,0.56,,,8.3,,,,,8.0,RIWALSAR LAKE,31.634,76.8336,India,,,,,,,,,,,4.0,1600.0,,,,,,,,,,,,,,,,,,,,,,,,0.010999999940395355,0.007600000128149986,0.008299999870359898,0.01940000057220459,0.012000000104308128,0.04019999876618385,0.02850000001490116,0.024299999698996544,0.02290000021457672,0.018799999728798866
IND01007,2019-03-01,,,,,,284.0,,0.8,,,7.9,,,,,7.9,RIWALSAR LAKE,31.634,76.8336,India,,,,,,,,,,,17.0,1600.0,,,,,,,,,,,,,,,,,,,,,,,,0.020099999383091927,0.015599999576807022,0.014399999752640724,0.025599999353289604,0.019200000911951065,0.03689999878406525,0.026000000536441803,0.026100000366568565,0.026000000536441803,0.023099999874830246
IND01007,2019-04-05,,,,,,181.0,,0.8,,,12.5,,,,,8.2,RIWALSAR LAKE,31.634,76.8336,India,,,,,,,,,,,3.0,1600.0,,,,,,,,,,,,,,,,,,,,,,,,0.03150000050663948,0.024700000882148743,0.01209999993443489,0.02199999988079071,0.017100000753998756,0.0494999997317791,0.035599999129772186,0.03460000082850456,0.028999999165534973,0.027300000190734863
IND01007,2019-05-13,,,,,,214.0,,0.6,,,6.2,,,,,7.9,RIWALSAR LAKE,31.634,76.8336,India,,,,,,,,,,,4.0,920.0,,,,,,,,,,,,,,,,,,,,,,,,0.15530000627040863,0.09920000284910202,0.11379999667406082,0.13259999454021454,0.12160000205039978,0.14820000529289246,0.1712000072002411,0.16899999976158142,0.21119999885559082,0.15569999814033508
IND01007,2019-10-10,,,,,,183.0,,0.8,,,8.5,,,,,8.2,RIWALSAR LAKE,31.634,76.8336,India,,,,,,,,,,,12.0,920.0,,,,,,,,,,,,,,,,,,,,,,,,0.012799999676644802,0.008200000040233135,0.022299999371170998,0.03240000084042549,0.020099999383091927,0.04729999974370003,0.03680000081658363,0.03920000046491623,0.03189999982714653,0.026900000870227814
IND01007,2019-11-04,,,,,,178.0,,0.8,,,8.7,,,,,7.0,RIWALSAR LAKE,31.634,76.8336,India,,,,,,,,,,,6.0,920.0,,,,,,,,,,,,,,,,,,,,,,,,0.015699999406933784,0.011699999682605267,0.023800000548362732,0.03530000150203705,0.020800000056624413,0.05570000037550926,0.038600001484155655,0.03700000047683716,0.03460000082850456,0.02630000002682209
IND01007,2020-06-16,,,,,,187.0,,0.56,,,5.6,,,,,7.3,RIWALSAR LAKE,31.634,76.8336,India,,,,,,,,,,,9.0,920.0,,,,,,,,,,,,,,,,,,,,,,,,0.24580000340938568,0.20659999549388885,0.382999986410141,0.4875999987125397,0.44440001249313354,0.34549999237060547,0.2718999981880188,0.2825999855995178,0.41760000586509705,0.2549999952316284
IND01007,2020-09-10,,,,,,175.0,,0.84,,,8.2,,,,,7.6,RIWALSAR LAKE,31.634,76.8336,India,,,,,,,,,,,4.0,920.0,,,,,,,,,,,,,,,,,,,,,,,,0.16279999911785126,0.1412000060081482,0.09780000150203705,0.12099999934434891,0.11479999870061874,0.12460000067949295,0.1550000011920929,0.18379999697208405,0.1534000039100647,0.19619999825954437
IND01007,2020-10-09,,,,,,194.0,,0.84,,,8.2,,,,,7.2,RIWALSAR LAKE,31.634,76.8336,India,,,,,,,,,,,2.8,920.0,,,,,,,,,,,,,,,,,,,,,,,,0.01769999973475933,0.010999999940395355,0.033900000154972076,0.04129999876022339,0.028300000354647636,0.04520000144839287,0.03660000115633011,0.03830000013113022,0.032600000500679016,0.03200000151991844
IND01007,2020-11-09,,,,,,160.0,,,,,7.9,,,,,7.7,RIWALSAR LAKE,31.634,76.8336,India,,,,,,,,,,,6.4,1600.0,,,,,,,,,,,,,,,,,,,,,,,,0.016200000420212746,0.010700000450015068,0.03305000066757202,0.04179999977350235,0.02655000053346157,0.048700001090765,0.030799999833106995,0.03034999966621399,0.02734999917447567,0.023399999365210533
IND01007,2020-12-21,,,,,,144.0,,0.56,,,8.3,,,,,7.8,RIWALSAR LAKE,31.634,76.8336,India,,,,,,,,,,,2.8,540.0,,,,,,,,,,,,,,,,,,,,,,,,0.013899999670684338,0.01269999984651804,0.011099999770522118,0.03709999844431877,0.017999999225139618,0.03720000013709068,0.020999999716877937,0.01850000023841858,0.018400000408291817,0.016699999570846558
IND01007,2021-01-30,,,,,,150.0,,0.56,,,9.8,,,,,8.3,RIWALSAR LAKE,31.634,76.8336,India,,,,,,,,,,,2.2,920.0,,,,,,,,,,,,,,,,,,,,,,,,0.019200000911951065,0.015799999237060547,0.045499999076128006,0.05649999901652336,0.040699999779462814,0.05389999970793724,0.043699998408555984,0.04320000112056732,0.042899999767541885,0.03700000047683716
IND01120,2019-01-25,,,,,,351.0,,,,,6.3,,,,,7.2,PUMLEN LAKE AT TOKPACHING,24.4265,93.8781,India,,,,,,,,,,,3.8,130.0,,,,,,,,,,,,,,,,,,,,,,,,0.007799999788403511,0.004900000058114529,0.010900000110268593,0.018200000748038292,0.016100000590085983,0.02889999933540821,0.02800000086426735,0.028599999845027924,0.02459999918937683,0.01979999989271164
IND01151,2019-10-15,,,,,,600.0,,0.7,,,4.4,,,,,7.8,RAJSAMAND LAKE  RAJSAMAND- POINT NO. 1 RAJSAMAND R,25.0686,73.8762,India,,,,,,,,,,,1.2,210.0,,,,,,,,,,,,,,,,,,,,,,,,0.21570000052452087,0.14650000631809235,0.06279999762773514,0.10999999940395355,0.09669999778270721,0.22390000522136688,0.21960000693798065,0.2061000019311905,0.09880000352859497,0.22519999742507935
IND01151,2019-12-19,,,,,,510.0,,0.6,,,5.1,,,,,8.0,RAJSAMAND LAKE  RAJSAMAND- POINT NO. 1 RAJSAMAND R,25.0686,73.8762,India,,,,,,,,,,,1.9,120.0,,,,,,,,,,,,,,,,,,,,,,,,0.2451000064611435,0.18119999766349792,0.14180000126361847,0.17080000042915344,0.19529999792575836,0.23749999701976776,0.24469999969005585,0.24390000104904175,0.2249000072479248,0.2272000014781952
IND01151,2020-11-09,,,,,,440.0,,0.16,,,6.6,,,,,8.7,RAJSAMAND LAKE  RAJSAMAND- POINT NO. 1 RAJSAMAND R,25.0686,73.8762,India,,,,,,,,,,,2.3,240.0,,,,,,,,,,,,,,,,,,,,,,,,0.21799999475479126,0.16519999504089355,0.12520000338554382,0.149399995803833,0.1695999950170517,0.22470000386238098,0.24879999458789825,0.2563999891281128,0.19130000472068787,0.22579999268054962
IND01151,2021-01-12,,,,,,460.0,,0.16,,,6.3,,,,,8.7,RAJSAMAND LAKE  RAJSAMAND- POINT NO. 1 RAJSAMAND R,25.0686,73.8762,India,,,,,,,,,,,1.6,240.0,,,,,,,,,,,,,,,,,,,,,,,,0.27390000224113464,0.18809999525547028,0.1656000018119812,0.22519999742507935,0.23440000414848328,0.26420000195503235,0.2651999890804291,0.2662000060081482,0.2732999920845032,0.25859999656677246
IND01151,2021-03-04,,,,,,500.0,,0.4,,,7.0,,,,,8.79,RAJSAMAND LAKE  RAJSAMAND- POINT NO. 1 RAJSAMAND R,25.0686,73.8762,India,,,,,,,,,,,2.5,240.0,,,,,,,,,,,,,,,,,,,,,,,,0.3562999963760376,0.25209999084472656,0.22439999878406525,0.28760001063346863,0.3230000138282776,0.35089999437332153,0.3215999901294708,0.35199999809265137,0.3628000020980835,0.3174999952316284
IND01152,2019-10-15,,,,,,620.0,,0.7,,,5.5,,,,,8.1,RAJSAMAND LAKE  RAJSAMAND- POINT NO. 2 RAJSAMAND R,25.0614,73.8905,India,,,,,,,,,,,,150.0,,,,,,,,,,,,,,,,,,,,,,,,0.07090000063180923,0.06840000301599503,0.06369999796152115,0.06440000236034393,0.06260000169277191,0.06880000233650208,0.06689999997615814,0.06780000030994415,0.05900000035762787,0.07100000232458115
IND01152,2019-12-19,,,,,,510.0,,0.6,,,4.8,,,,,8.0,RAJSAMAND LAKE  RAJSAMAND- POINT NO. 2 RAJSAMAND R,25.0614,73.8905,India,,,,,,,,,,,,240.0,,,,,,,,,,,,,,,,,,,,,,,,0.05209999904036522,0.06520000100135803,0.024800000712275505,0.039900001138448715,0.024700000882148743,0.05920000001788139,0.05000000074505806,0.05660000070929527,0.03150000050663948,0.05559999868273735
IND01152,2020-11-09,,,,,,420.0,,0.14,,,5.8,,,,,8.6,RAJSAMAND LAKE  RAJSAMAND- POINT NO. 2 RAJSAMAND R,25.0614,73.8905,India,,,,,,,,,,,1.2,460.0,,,,,,,,,,,,,,,,,,,,,,,,0.06270000338554382,0.0754999965429306,0.08489999920129776,0.09610000252723694,0.07999999821186066,0.06159999966621399,0.06210000067949295,0.06239999830722809,0.08659999817609787,0.05979999899864197
IND01152,2021-01-12,,,,,,450.0,,0.36,,,7.2,,,,,8.77,RAJSAMAND LAKE  RAJSAMAND- POINT NO. 2 RAJSAMAND R,25.0614,73.8905,India,,,,,,,,,,,2.1,460.0,,,,,,,,,,,,,,,,,,,,,,,,0.07159999758005142,0.06859999895095825,0.0575999990105629,0.07900000363588333,0.05770000070333481,0.06960000097751617,0.09679999947547913,0.09099999815225601,0.0640999972820282,0.08609999716281891
IND01152,2021-03-04,,,,,,510.0,,0.4,,,6.7,,,,,8.73,RAJSAMAND LAKE  RAJSAMAND- POINT NO. 2 RAJSAMAND R,25.0614,73.8905,India,,,,,,,,,,,2.2,210.0,,,,,,,,,,,,,,,,,,,,,,,,0.09459999948740005,0.08749999850988388,0.05990000069141388,0.08829999715089798,0.09040000289678574,0.10180000215768814,0.11739999800920486,0.12150000035762787,0.11379999667406082,0.10360000282526016
IND01156,2019-02-05,,,,,,3200.0,,1.1,,,2.1,,,,,8.8,JALMAHAL JAIPUR RAJASTHAN,26.9529,75.8431,India,,,,,,,,,,,28.2,460.0,,,,,,,,,,,,,,,,,,,,,,,,0.1639000028371811,0.13740000128746033,0.10719999670982361,0.12380000203847885,0.13019999861717224,0.14339999854564667,0.16500000655651093,0.1868000030517578,0.20180000364780426,0.1770000010728836
IND01156,2019-03-26,,,,,,3600.0,,1.1,,,0.5,,,,,8.7,JALMAHAL JAIPUR RAJASTHAN,26.9529,75.8431,India,,,,,,,,,,,26.3,460.0,,,,,,,,,,,,,,,,,,,,,,,,0.20309999585151672,0.1712000072002411,0.10760000348091125,0.14000000059604645,0.14219999313354492,0.15620000660419464,0.20739999413490295,0.2232999950647354,0.2750000059604645,0.22310000658035278
IND01156,2019-06-25,,,,,,4900.0,,1.1,,,1.9,,,,,9.0,JALMAHAL JAIPUR RAJASTHAN,26.9529,75.8431,India,,,,,,,,,,,11.4,240.0,,,,,,,,,,,,,,,,,,,,,,,,0.2433999925851822,0.19789999723434448,0.12380000203847885,0.14900000393390656,0.16060000658035278,0.17270000278949738,0.20819999277591705,0.24230000376701355,0.2460000067949295,0.2410999983549118
IND01237,2019-02-06,,,,,,543.0,,11.0,,,4.0,,,,,8.3,POONDI LAKE AT THIRUVALLUR TAMILNADU,13.1697,79.8882,India,,,,,,,,,,,6.0,210.0,,,,,,,,,,,,,,,,,,,,,,,,0.3774999976158142,0.2572999894618988,0.093299999833107,0.10939999669790268,0.12780000269412994,0.1720000058412552,0.2232999950647354,0.24809999763965607,0.2556000053882599,0.2833000123500824
IND01237,2019-05-27,,,,,,722.0,,3.0,,,6.2,,,,,7.3,POONDI LAKE AT THIRUVALLUR TAMILNADU,13.1697,79.8882,India,,,,,,,,,,,12.0,9200.0,,,,,,,,,,,,,,,,,,,,,,,,0.438400000333786,0.3677000105381012,0.10760000348091125,0.13539999723434448,0.1770000010728836,0.2053000032901764,0.23000000417232513,0.2533999979496002,0.2563999891281128,0.2851000130176544
IND01237,2021-02-05,,,,,,604.0,,,,,7.0,,,,,7.1,POONDI LAKE AT THIRUVALLUR TAMILNADU,13.1697,79.8882,India,,,,,,,,,,,2.0,68.0,,,,,,,,,,,,,,,,,,,,,,,,0.014499999582767487,0.011099999770522118,0.049400001764297485,0.048900000751018524,0.03310000151395798,0.032999999821186066,0.027899999171495438,0.029100000858306885,0.02539999969303608,0.02410000003874302
IND01269,2019-03-06,,,,,,280.0,,,,,5.2,,,,,8.0,RAMAPPA LAKE WARANGAL,18.2511,79.9394,India,,,,,,,,,,,2.0,22.0,,,,,,,,,,,,,,,,,,,,,,,,0.030799999833106995,0.023000000044703484,0.054999999701976776,0.07190000265836716,0.05130000039935112,0.051899999380111694,0.045899998396635056,0.04270000010728836,0.04190000146627426,0.04230000078678131
IND01269,2019-05-09,,,,,,340.0,,,,,5.2,,,,,7.7,RAMAPPA LAKE WARANGAL,18.2511,79.9394,India,,,,,,,,,,,2.0,24.0,,,,,,,,,,,,,,,,,,,,,,,,0.133200004696846,0.1177000030875206,0.10939999669790268,0.13860000669956207,0.1324000060558319,0.1436000019311905,0.13230000436306,0.1371999979019165,0.13379999995231628,0.13609999418258667
IND01269,2020-04-09,,,,,,224.0,,1.0,,,6.0,,,,,7.7,RAMAPPA LAKE WARANGAL,18.2511,79.9394,India,,,,,,,,,,,2.1,26.0,,,,,,,,,,,,,,,,,,,,,,,,0.08869999647140503,0.07859999686479568,0.07670000195503235,0.10130000114440918,0.09139999747276306,0.09740000218153,0.08579999953508377,0.08649999648332596,0.08089999854564667,0.08089999854564667
IND01269,2021-02-08,,,,,,244.0,,0.1,,,5.8,,,,,7.97,RAMAPPA LAKE WARANGAL,18.2511,79.9394,India,,,,,,,,,,,2.1,20.0,,,,,,,,,,,,,,,,,,,,,,,,0.017899999395012856,0.012400000356137753,0.04989999905228615,0.06430000066757202,0.04740000143647194,0.04989999905228615,0.03700000047683716,0.03790000081062317,0.03449999913573265,0.033799998462200165
IND01269,2021-03-09,,,,,,244.0,,0.1,,,6.0,,,,,7.61,RAMAPPA LAKE WARANGAL,18.2511,79.9394,India,,,,,,,,,,,2.1,26.0,,,,,,,,,,,,,,,,,,,,,,,,0.027300000190734863,0.02199999988079071,0.03689999878406525,0.05739999935030937,0.0414000004529953,0.04479999840259552,0.03629999980330467,0.03400000184774399,0.03370000049471855,0.028599999845027924
IND01271,2019-01-05,,,,,,1420.0,,,,,1.4,,,,,7.8,FOX SAGAR JEEDIMETLA RANGA REDDY,17.5249,78.4685,India,,,,,,,,,,,12.0,380.0,,,,,,,,,,,,,,,,,,,,,,,,0.00925000011920929,0.006149999797344208,0.02384999953210354,0.027699999511241913,0.018200000748038292,0.021449999883770943,0.014499999582767487,0.013249999843537807,0.011649999767541885,0.011649999767541885
IND01271,2019-02-08,,,,,,1638.0,,,,,1.2,,,,,7.3,FOX SAGAR JEEDIMETLA RANGA REDDY,17.5249,78.4685,India,,,,,,,,,,,12.0,350.0,,,,,,,,,,,,,,,,,,,,,,,,0.028999999165534973,0.019700000062584877,0.07190000265836716,0.07129999995231628,0.059300001710653305,0.0674000009894371,0.06520000100135803,0.06809999793767929,0.06040000170469284,0.05909999832510948
IND01271,2019-03-11,,,,,,1690.0,,,,,1.0,,,,,7.6,FOX SAGAR JEEDIMETLA RANGA REDDY,17.5249,78.4685,India,,,,,,,,,,,14.0,430.0,,,,,,,,,,,,,,,,,,,,,,,,0.03319999948143959,0.02525000087916851,0.04839999973773956,0.04659999907016754,0.03880000114440918,0.045899998396635056,0.040449999272823334,0.04414999857544899,0.039000000804662704,0.03824999928474426
IND01271,2020-03-05,,,,,,1618.0,,,,,3.9,,,,,7.5,FOX SAGAR JEEDIMETLA RANGA REDDY,17.5249,78.4685,India,,,,,,,,,,,18.0,350.0,,,,,,,,,,,,,,,,,,,,,,,,0.02865000069141388,0.022450000047683716,0.05040000006556511,0.05285000056028366,0.04554999992251396,0.060350000858306885,0.052400000393390656,0.0515500009059906,0.04565000161528587,0.04574999958276749
IND01271,2020-11-10,,,,,,1066.0,,0.4,,,4.8,,,,,7.35,FOX SAGAR JEEDIMETLA RANGA REDDY,17.5249,78.4685,India,,,,,,,,,,,7.0,280.0,,,,,,,,,,,,,,,,,,,,,,,,0.010599999688565731,0.006200000178068876,0.043299999088048935,0.05635000020265579,0.037300001829862595,0.04984999820590019,0.031599998474121094,0.03465000167489052,0.028699999675154686,0.025049999356269836
IND01271,2020-12-30,,,,,,1138.0,,0.4,,,3.9,,,,,7.6,FOX SAGAR JEEDIMETLA RANGA REDDY,17.5249,78.4685,India,,,,,,,,,,,6.0,350.0,,,,,,,,,,,,,,,,,,,,,,,,0.01360000018030405,0.00865000020712614,0.042399998754262924,0.03844999894499779,0.027799999341368675,0.033149998635053635,0.039000000804662704,0.04340000078082085,0.03799999877810478,0.040049999952316284
IND01271,2021-03-05,,,,,,1356.0,,0.1,,,2.2,,,,,7.92,FOX SAGAR JEEDIMETLA RANGA REDDY,17.5249,78.4685,India,,,,,,,,,,,5.6,430.0,,,,,,,,,,,,,,,,,,,,,,,,0.1189500018954277,0.052149999886751175,0.03485000133514404,0.05485000088810921,0.03545000031590462,0.07684999704360962,0.25920000672340393,0.31790000200271606,0.3230000138282776,0.34104999899864197
IND01389,2020-03-05,,,,,,628.0,,0.64,,,6.8,,,,,7.2,WAINGANGA AT CHHAPARA NEAR ROAD BRIDGE AFTER MIXIN,22.3879,79.5426,India,,,,,,,,,,,1.8,250.0,,,,,,,,,,,,,,,,,,,,,,,,0.023749999701976776,0.020800000056624413,0.041749998927116394,0.059849999845027924,0.03849999979138374,0.036400001496076584,0.018699999898672104,0.021150000393390656,0.016750000417232513,0.01334999967366457
IND01389,2020-12-04,,,,,,268.0,,0.62,,,7.0,,,,,7.5,WAINGANGA AT CHHAPARA NEAR ROAD BRIDGE AFTER MIXIN,22.3879,79.5426,India,,,,,,,,,,,1.4,25.0,,,,,,,,,,,,,,,,,,,,,,,,0.010900000110268593,0.006899999920278788,0.030700000002980232,0.04230000078678131,0.02669999934732914,0.02850000001490116,0.01850000023841858,0.01679999940097332,0.01720000058412552,0.0142000000923872
IND01455,2019-05-14,,,,,,225.0,,,,,1.0,,,,,5.8,VELLAYANI LAKE AT VANDITHADOM THIRUVANANTHAPURAM,8.4317,76.9903,India,,,,,,,,,,,4.0,1100.0,,,,,,,,,,,,,,,,,,,,,,,,0.15940000116825104,0.094200000166893,0.05609999969601631,0.08669999986886978,0.0738999992609024,0.13510000705718994,0.2257000058889389,0.2590999901294708,0.289000004529953,0.2590000033378601
IND01455,2020-04-13,,,,,,145.0,,,,,4.2,,,,,7.2,VELLAYANI LAKE AT VANDITHADOM THIRUVANANTHAPURAM,8.4317,76.9903,India,,,,,,,,,,,8.4,910.0,,,,,,,,,,,,,,,,,,,,,,,,0.19779999554157257,0.10970000177621841,0.06499999761581421,0.0892999991774559,0.06920000165700912,0.13590000569820404,0.24210000038146973,0.27880001068115234,0.28450000286102295,0.29269999265670776
IND01527,2019-01-24,,,,,,150.0,,,,,4.1,,,,,7.3,SON BEEL WATER AT KARIMGANJ,24.6893,92.4324,India,,,,,,,,,,,4.0,910.0,,,,,,,,,,,,,,,,,,,,,,,,0.1143999993801117,0.05939999967813492,0.04639999940991402,0.07819999754428864,0.041600000113248825,0.11339999735355377,0.24009999632835388,0.2750000059604645,0.2680000066757202,0.2791999876499176
IND01527,2019-03-26,,,,,,150.0,,,,,4.1,,,,,6.8,SON BEEL WATER AT KARIMGANJ,24.6893,92.4324,India,,,,,,,,,,,3.4,1500.0,,,,,,,,,,,,,,,,,,,,,,,,0.17249999940395355,0.09189999848604202,0.07000000029802322,0.09600000083446503,0.0697999969124794,0.1348000019788742,0.2628999948501587,0.2847999930381775,0.28679999709129333,0.2955000102519989
IND01527,2019-04-24,,,,,,150.0,,,,,4.2,,,,,7.4,SON BEEL WATER AT KARIMGANJ,24.6893,92.4324,India,,,,,,,,,,,4.0,910.0,,,,,,,,,,,,,,,,,,,,,,,,0.07020000368356705,0.04340000078082085,0.06960000097751617,0.07479999959468842,0.05429999902844429,0.09019999951124191,0.12129999697208405,0.13369999825954437,0.11339999735355377,0.12860000133514404
IND01527,2019-08-26,,,,,,150.0,,,,,5.3,,,,,6.4,SON BEEL WATER AT KARIMGANJ,24.6893,92.4324,India,,,,,,,,,,,2.8,1400.0,,,,,,,,,,,,,,,,,,,,,,,,0.00419999985024333,0.003000000026077032,0.045899998396635056,0.07249999791383743,0.04969999939203262,0.040300000458955765,0.011699999682605267,0.013399999588727951,0.008700000122189522,0.005799999926239252
IND01527,2019-10-30,,,,,,150.0,,,,,5.1,,,,,7.3,SON BEEL WATER AT KARIMGANJ,24.6893,92.4324,India,,,,,,,,,,,2.1,2000.0,,,,,,,,,,,,,,,,,,,,,,,,0.003000000026077032,0.0020000000949949026,0.06360000371932983,0.10660000145435333,0.07959999889135361,0.06759999692440033,0.024399999529123306,0.023499999195337296,0.017400000244379044,0.013899999670684338
IND01527,2020-01-29,,,,,,112.0,,0.3,,,4.2,,,,,7.3,SON BEEL WATER AT KARIMGANJ,24.6893,92.4324,India,,,,,,,,,,,2.1,910.0,,,,,,,,,,,,,,,,,,,,,,,,0.08760000020265579,0.0471000000834465,0.09989999979734421,0.11299999803304672,0.08460000157356262,0.12729999423027039,0.19539999961853027,0.2160000056028366,0.2125999927520752,0.21250000596046448
IND01527,2021-01-27,,,,,,154.0,,0.46,,,4.2,,,,,7.2,SON BEEL WATER AT KARIMGANJ,24.6893,92.4324,India,,,,,,,,,,,2.4,910.0,,,,,,,,,,,,,,,,,,,,,,,,0.09679999947547913,0.04839999973773956,0.03189999982714653,0.05310000106692314,0.031099999323487282,0.0908999964594841,0.20409999787807465,0.226500004529953,0.22779999673366547,0.2175000011920929
IND01527,2021-02-22,,,,,,150.0,,1.8,,,4.1,,,,,7.0,SON BEEL WATER AT KARIMGANJ,24.6893,92.4324,India,,,,,,,,,,,2.2,1100.0,,,,,,,,,,,,,,,,,,,,,,,,0.08889999985694885,0.04500000178813934,0.04899999871850014,0.066600002348423,0.04600000008940697,0.10119999945163727,0.181099995970726,0.19869999587535858,0.1889999955892563,0.19529999792575836
IND01527,2021-03-17,,,,,,158.0,,1.6,,,4.2,,,,,7.5,SON BEEL WATER AT KARIMGANJ,24.6893,92.4324,India,,,,,,,,,,,2.4,1100.0,,,,,,,,,,,,,,,,,,,,,,,,0.11270000040531158,0.06499999761581421,0.055799998342990875,0.08470000326633453,0.06480000168085098,0.12409999966621399,0.19480000436306,0.2094999998807907,0.19699999690055847,0.21209999918937683
IND01624,2019-05-09,,,,,,778.0,,,,,4.6,,,,,8.0,TAMPADA LAKE AT CHHATRAPUR,19.3436,84.9888,India,,,,,,,,,,,5.9,170.0,,,,,,,,,,,,,,,,,,,,,,,,0.13339999318122864,0.0966000035405159,0.0746999979019165,0.11180000007152557,0.09759999811649323,0.14059999585151672,0.14470000565052032,0.1581999957561493,0.17980000376701355,0.15950000286102295
IND01624,2019-11-05,,,,,,1385.0,,,,,5.5,,,,,7.9,TAMPADA LAKE AT CHHATRAPUR,19.3436,84.9888,India,,,,,,,,,,,2.1,490.0,,,,,,,,,,,,,,,,,,,,,,,,0.05350000038743019,0.024700000882148743,0.08209999650716782,0.09279999881982803,0.07199999690055847,0.0860000029206276,0.12380000203847885,0.1306000053882599,0.14000000059604645,0.12150000035762787
IND01624,2019-12-04,,,,,,660.0,,2.2,,,9.0,,,,,8.2,TAMPADA LAKE AT CHHATRAPUR,19.3436,84.9888,India,,,,,,,,,,,5.2,3500.0,,,,,,,,,,,,,,,,,,,,,,,,0.05090000107884407,0.025800000876188278,0.09960000216960907,0.10819999873638153,0.08540000021457672,0.09529999643564224,0.11710000038146973,0.11919999867677689,0.11299999803304672,0.11339999735355377
IND01624,2020-04-12,,,,,,550.0,,,,,9.7,,,,,8.0,TAMPADA LAKE AT CHHATRAPUR,19.3436,84.9888,India,,,,,,,,,,,2.1,3900.0,,,,,,,,,,,,,,,,,,,,,,,,0.06729999929666519,0.04749999940395355,0.051600001752376556,0.06759999692440033,0.05389999970793724,0.07090000063180923,0.07500000298023224,0.0868000015616417,0.10119999945163727,0.08829999715089798
IND01624,2020-11-03,,,,,,305.0,,1.68,,,3.5,,,,,8.2,TAMPADA LAKE AT CHHATRAPUR,19.3436,84.9888,India,,,,,,,,,,,4.3,2800.0,,,,,,,,,,,,,,,,,,,,,,,,0.04089999943971634,0.021700000390410423,0.07450000196695328,0.08250000327825546,0.06379999965429306,0.07810000330209732,0.09040000289678574,0.09640000015497208,0.07769999653100967,0.08699999749660492
IND01624,2021-01-12,,,,,,696.0,,,,,3.0,,,,,8.2,TAMPADA LAKE AT CHHATRAPUR,19.3436,84.9888,India,,,,,,,,,,,4.2,460.0,,,,,,,,,,,,,,,,,,,,,,,,0.03909999877214432,0.020899999886751175,0.06689999997615814,0.08330000191926956,0.06459999829530716,0.07660000026226044,0.07519999891519547,0.07900000363588333,0.0731000006198883,0.07779999822378159
IND01624,2021-03-04,,,,,,805.0,,0.56,,,5.0,,,,,8.2,TAMPADA LAKE AT CHHATRAPUR,19.3436,84.9888,India,,,,,,,,,,,3.7,1700.0,,,,,,,,,,,,,,,,,,,,,,,,0.047600001096725464,0.02810000069439411,0.04439999908208847,0.05950000137090683,0.04520000144839287,0.05339999869465828,0.04340000078082085,0.04830000177025795,0.04190000146627426,0.04879999905824661
IND01625,2019-01-04,,,,,,192.0,,1.1,,,7.0,,,,,7.0,ANSHUPA AT SUBARANAPUR,20.4475,85.6063,India,,,,,,,,,,,,1700.0,,,,,,,,,,,,,,,,,,,,,,,,0.06040000170469284,0.03500000014901161,0.0649000033736229,0.07349999994039536,0.057999998331069946,0.09430000185966492,0.11949999630451202,0.1306000053882599,0.11789999902248383,0.12370000034570694
IND01625,2019-04-03,,,,,,150.0,,,,,7.3,,,,,8.0,ANSHUPA AT SUBARANAPUR,20.4475,85.6063,India,,,,,,,,,,,1.1,790.0,,,,,,,,,,,,,,,,,,,,,,,,0.10869999974966049,0.06560000032186508,0.04839999973773956,0.0738999992609024,0.04910000041127205,0.10740000009536743,0.18410000205039978,0.2094999998807907,0.1858000010251999,0.21170000731945038
IND01625,2019-05-14,,,,,,150.0,,0.8,,,6.9,,,,,7.0,ANSHUPA AT SUBARANAPUR,20.4475,85.6063,India,,,,,,,,,,,1.4,2800.0,,,,,,,,,,,,,,,,,,,,,,,,0.21050000190734863,0.12449999898672104,0.08100000023841858,0.12399999797344208,0.06830000132322311,0.16840000450611115,0.32190001010894775,0.35089999437332153,0.3675999939441681,0.358599990606308
IND01625,2019-11-05,,,,,,150.0,,0.6,,,6.2,,,,,6.8,ANSHUPA AT SUBARANAPUR,20.4475,85.6063,India,,,,,,,,,,,,2200.0,,,,,,,,,,,,,,,,,,,,,,,,0.2295999974012375,0.12880000472068787,0.07410000264644623,0.11959999799728394,0.06620000302791595,0.16869999468326569,0.3248000144958496,0.33480000495910645,0.34689998626708984,0.35530000925064087
IND01625,2020-05-27,,,,,,123.0,,,,,7.4,,,,,7.7,ANSHUPA AT SUBARANAPUR,20.4475,85.6063,India,,,,,,,,,,,0.8,1300.0,,,,,,,,,,,,,,,,,,,,,,,,0.2240999937057495,0.1356000006198883,0.07249999791383743,0.09179999679327011,0.0731000006198883,0.131400004029274,0.22210000455379486,0.2475000023841858,0.2531000077724457,0.2766999900341034
IND01625,2020-07-01,,,,,,164.0,,,,,7.1,,,,,6.8,ANSHUPA AT SUBARANAPUR,20.4475,85.6063,India,,,,,,,,,,,2.1,3500.0,,,,,,,,,,,,,,,,,,,,,,,,0.11429999768733978,0.06710000336170197,0.06719999760389328,0.07339999824762344,0.052299998700618744,0.09399999678134918,0.14470000565052032,0.16200000047683716,0.163100004196167,0.1720999926328659
IND01625,2020-11-04,,,,,,108.0,,1.12,,,7.0,,,,,7.3,ANSHUPA AT SUBARANAPUR,20.4475,85.6063,India,,,,,,,,,,,1.6,1700.0,,,,,,,,,,,,,,,,,,,,,,,,0.04349999874830246,0.023399999365210533,0.05350000038743019,0.06509999930858612,0.04470000043511391,0.06750000268220901,0.08129999786615372,0.08699999749660492,0.09950000047683716,0.07930000126361847
IND01625,2020-12-14,,,,,,118.0,,,,,8.4,,,,,7.6,ANSHUPA AT SUBARANAPUR,20.4475,85.6063,India,,,,,,,,,,,1.7,2200.0,,,,,,,,,,,,,,,,,,,,,,,,0.05310000106692314,0.029999999329447746,0.06279999762773514,0.07180000096559525,0.051500000059604645,0.07569999992847443,0.09910000115633011,0.10050000250339508,0.10140000283718109,0.08879999816417694
IND01625,2021-02-02,,,,,,102.0,,,,,6.9,,,,,8.0,ANSHUPA AT SUBARANAPUR,20.4475,85.6063,India,,,,,,,,,,,1.4,1700.0,,,,,,,,,,,,,,,,,,,,,,,,0.0689999982714653,0.04179999977350235,0.07249999791383743,0.08160000294446945,0.062300000339746475,0.09300000220537186,0.1264999955892563,0.13279999792575836,0.1436000019311905,0.11779999732971191
IND01626,2019-01-04,,,,,,172.0,,0.8,,,6.7,,,,,7.0,ANSHUPA AT BISHNUPUR,20.4572,85.6072,India,,,,,,,,,,,,1100.0,,,,,,,,,,,,,,,,,,,,,,,,0.03009999915957451,0.020400000736117363,0.059700001031160355,0.061400000005960464,0.049300000071525574,0.050200000405311584,0.05389999970793724,0.04580000042915344,0.05040000006556511,0.050200000405311584
IND01626,2019-05-14,,,,,,150.0,,1.1,,,6.7,,,,,7.0,ANSHUPA AT BISHNUPUR,20.4572,85.6072,India,,,,,,,,,,,1.2,3500.0,,,,,,,,,,,,,,,,,,,,,,,,0.0786999985575676,0.051100000739097595,0.0568000003695488,0.06689999997615814,0.05829999968409538,0.08529999852180481,0.10790000110864639,0.10939999669790268,0.08320000022649765,0.10540000349283218
IND01626,2019-11-05,,,,,,150.0,,1.1,,,7.4,,,,,6.5,ANSHUPA AT BISHNUPUR,20.4572,85.6072,India,,,,,,,,,,,1.4,7000.0,,,,,,,,,,,,,,,,,,,,,,,,0.028699999675154686,0.017500000074505806,0.05939999967813492,0.07079999893903732,0.05719999969005585,0.0649000033736229,0.062199998646974564,0.06129999831318855,0.05209999904036522,0.05460000038146973
IND01626,2020-05-27,,,,,,145.0,,,,,7.3,,,,,7.0,ANSHUPA AT BISHNUPUR,20.4572,85.6072,India,,,,,,,,,,,0.8,1700.0,,,,,,,,,,,,,,,,,,,,,,,,0.1152999997138977,0.09019999951124191,0.06989999860525131,0.08110000193119049,0.07739999890327454,0.11050000041723251,0.1437000036239624,0.16750000417232513,0.12540000677108765,0.1761000007390976
IND01626,2020-07-01,,,,,,154.0,,,,,6.0,,,,,7.3,ANSHUPA AT BISHNUPUR,20.4572,85.6072,India,,,,,,,,,,,2.3,3500.0,,,,,,,,,,,,,,,,,,,,,,,,0.09629999846220016,0.07240000367164612,0.06350000202655792,0.06859999895095825,0.062199998646974564,0.11789999902248383,0.1876000016927719,0.19670000672340393,0.13689999282360077,0.19290000200271606
IND01626,2020-11-04,,,,,,125.0,,2.24,,,7.2,,,,,7.3,ANSHUPA AT BISHNUPUR,20.4572,85.6072,India,,,,,,,,,,,2.4,700.0,,,,,,,,,,,,,,,,,,,,,,,,0.026200000196695328,0.01640000008046627,0.05990000069141388,0.05920000001788139,0.04859999939799309,0.061000000685453415,0.0625,0.06319999694824219,0.04740000143647194,0.04969999939203262
IND01626,2020-12-14,,,,,,117.0,,,,,6.8,,,,,7.6,ANSHUPA AT BISHNUPUR,20.4572,85.6072,India,,,,,,,,,,,1.7,1700.0,,,,,,,,,,,,,,,,,,,,,,,,0.026900000870227814,0.015799999237060547,0.05810000002384186,0.061000000685453415,0.04749999940395355,0.05119999870657921,0.04899999871850014,0.053199999034404755,0.04470000043511391,0.04780000075697899
IND01626,2021-02-02,,,,,,130.0,,,,,7.5,,,,,7.9,ANSHUPA AT BISHNUPUR,20.4572,85.6072,India,,,,,,,,,,,1.9,2400.0,,,,,,,,,,,,,,,,,,,,,,,,0.0414000004529953,0.02590000070631504,0.07880000025033951,0.08070000261068344,0.06719999760389328,0.07460000365972519,0.07699999958276749,0.07620000094175339,0.07090000063180923,0.07259999960660934
IND01627,2019-01-04,,,,,,170.0,,0.6,,,8.4,,,,,7.0,ANSHUPA AT SARANDAGARH,20.4598,85.6039,India,,,,,,,,,,,1.8,1700.0,,,,,,,,,,,,,,,,,,,,,,,,0.02250000089406967,0.014499999582767487,0.05820000171661377,0.05920000001788139,0.04439999908208847,0.049400001764297485,0.044599998742341995,0.04479999840259552,0.040300000458955765,0.04089999943971634
IND01627,2019-04-03,,,,,,161.0,,0.6,,,7.8,,,,,7.5,ANSHUPA AT SARANDAGARH,20.4598,85.6039,India,,,,,,,,,,,1.8,1100.0,,,,,,,,,,,,,,,,,,,,,,,,0.04879999905824661,0.03440000116825104,0.045899998396635056,0.053700000047683716,0.042399998754262924,0.05530000105500221,0.06750000268220901,0.07500000298023224,0.08730000257492065,0.07360000163316727
IND01627,2019-05-14,,,,,,150.0,,,,,7.4,,,,,7.4,ANSHUPA AT SARANDAGARH,20.4598,85.6039,India,,,,,,,,,,,1.9,3500.0,,,,,,,,,,,,,,,,,,,,,,,,0.07090000063180923,0.04839999973773956,0.06499999761581421,0.07429999858140945,0.06260000169277191,0.08169999718666077,0.10350000113248825,0.10939999669790268,0.1428000032901764,0.10769999772310257
IND01627,2019-11-05,,,,,,150.0,,,,,5.8,,,,,6.9,ANSHUPA AT SARANDAGARH,20.4598,85.6039,India,,,,,,,,,,,1.9,1700.0,,,,,,,,,,,,,,,,,,,,,,,,0.017999999225139618,0.011699999682605267,0.05849999934434891,0.0706000030040741,0.055799998342990875,0.060499999672174454,0.05079999938607216,0.04500000178813934,0.03290000185370445,0.041200000792741776
IND01627,2020-05-27,,,,,,160.0,,,,,8.1,,,,,7.8,ANSHUPA AT SARANDAGARH,20.4598,85.6039,India,,,,,,,,,,,1.8,1100.0,,,,,,,,,,,,,,,,,,,,,,,,0.08070000261068344,0.061900001019239426,0.07259999960660934,0.07959999889135361,0.07240000367164612,0.0997999981045723,0.1193000003695488,0.13009999692440033,0.11400000005960464,0.12359999865293503
IND01627,2020-07-01,,,,,,163.0,,,,,6.8,,,,,6.9,ANSHUPA AT SARANDAGARH,20.4598,85.6039,India,,,,,,,,,,,1.2,2800.0,,,,,,,,,,,,,,,,,,,,,,,,0.058800000697374344,0.04569999873638153,0.05260000005364418,0.055799998342990875,0.04899999871850014,0.08940000087022781,0.1370999962091446,0.15189999341964722,0.12939999997615814,0.14329999685287476
IND01627,2020-11-04,,,,,,218.0,,1.12,,,6.4,,,,,7.5,ANSHUPA AT SARANDAGARH,20.4598,85.6039,India,,,,,,,,,,,1.2,1100.0,,,,,,,,,,,,,,,,,,,,,,,,0.032600000500679016,0.018200000748038292,0.05889999866485596,0.06019999831914902,0.0471000000834465,0.06199999898672104,0.07519999891519547,0.07890000194311142,0.04529999941587448,0.06800000369548798
IND01627,2020-12-14,,,,,,127.0,,,,,7.6,,,,,7.5,ANSHUPA AT SARANDAGARH,20.4598,85.6039,India,,,,,,,,,,,2.0,3500.0,,,,,,,,,,,,,,,,,,,,,,,,0.02850000001490116,0.01510000042617321,0.06319999694824219,0.061400000005960464,0.048500001430511475,0.05510000139474869,0.05420000106096268,0.05460000038146973,0.04490000009536743,0.049800001084804535
IND01627,2021-02-02,,,,,,141.0,,,,,7.7,,,,,7.7,ANSHUPA AT SARANDAGARH,20.4598,85.6039,India,,,,,,,,,,,1.1,1300.0,,,,,,,,,,,,,,,,,,,,,,,,0.04170000180602074,0.02250000089406967,0.08259999752044678,0.08640000224113464,0.06780000030994415,0.08150000125169754,0.08420000225305557,0.0843999981880188,0.07829999923706055,0.07779999822378159
IND01788,2020-02-04,,,,,,1520.0,,7.6,,,5.6,,,,,7.1,RIVER TUNGABHADRA UPSTREAM OF KURNOOL TOWN BEFORE ,15.8258,78.0646,India,,,,,,,,,,,1.9,1200.0,,,,,,,,,,,,,,,,,,,,,,,,0.06840000301599503,0.046300001442432404,0.06199999898672104,0.06790000200271606,0.05510000139474869,0.0697999969124794,0.07909999787807465,0.08470000326633453,0.0640999972820282,0.08429999649524689
IND01788,2020-04-14,,,,,,2551.0,,1.1,,,5.1,,,,,6.6,RIVER TUNGABHADRA UPSTREAM OF KURNOOL TOWN BEFORE ,15.8258,78.0646,India,,,,,,,,,,,3.0,700.0,,,,,,,,,,,,,,,,,,,,,,,,0.09769999980926514,0.059700001031160355,0.07440000027418137,0.07500000298023224,0.06830000132322311,0.09139999747276306,0.11129999905824661,0.120899997651577,0.0868000015616417,0.11800000071525574
IND01788,2020-11-04,,,,,,709.0,,4.2,,,6.0,,,,,7.8,RIVER TUNGABHADRA UPSTREAM OF KURNOOL TOWN BEFORE ,15.8258,78.0646,India,,,,,,,,,,,1.5,540.0,,,,,,,,,,,,,,,,,,,,,,,,0.02290000021457672,0.014000000432133675,0.03929999843239784,0.06889999657869339,0.039000000804662704,0.05990000069141388,0.03889999911189079,0.036400001496076584,0.02710000053048134,0.02979999966919422
IND01890,2020-05-30,,,,,,255.0,,0.0,,,7.5,,,,,8.5,DEJLA DEWDA KHARGON,21.5932,75.6236,India,,,,,,,,,,,0.6,40.0,,,,,,,,,,,,,,,,,,,,,,,,0.12099999934434891,0.11140000075101852,0.16699999570846558,0.186599999666214,0.19300000369548798,0.19939999282360077,0.15160000324249268,0.15129999816417694,0.14560000598430634,0.13369999825954437
IND01890,2020-09-07,,,,,,436.0,,0.02,,,7.3,,,,,7.8,DEJLA DEWDA KHARGON,21.5932,75.6236,India,,,,,,,,,,,0.8,43.0,,,,,,,,,,,,,,,,,,,,,,,,0.02239999920129776,0.01269999984651804,0.1103999987244606,0.13500000536441803,0.0738999992609024,0.08510000258684158,0.06480000168085098,0.06629999727010727,0.051500000059604645,0.051600001752376556
IND01890,2020-10-21,,,,,,556.0,,0.02,,,6.3,,,,,8.1,DEJLA DEWDA KHARGON,21.5932,75.6236,India,,,,,,,,,,,1.2,63.0,,,,,,,,,,,,,,,,,,,,,,,,0.032600000500679016,0.017100000753998756,0.12240000069141388,0.1509999930858612,0.09910000115633011,0.11050000041723251,0.10350000113248825,0.10189999639987946,0.08709999918937683,0.09189999848604202
IND01890,2020-11-05,,,,,,549.0,,0.01,,,7.4,,,,,8.2,DEJLA DEWDA KHARGON,21.5932,75.6236,India,,,,,,,,,,,1.1,46.0,,,,,,,,,,,,,,,,,,,,,,,,0.009399999864399433,0.007400000002235174,0.04410000145435333,0.0568000003695488,0.035100001841783524,0.03660000115633011,0.026399999856948853,0.026200000196695328,0.023099999874830246,0.0203000009059906
IND01890,2020-12-30,,,,,,402.0,,0.01,,,1.0,,,,,7.9,DEJLA DEWDA KHARGON,21.5932,75.6236,India,,,,,,,,,,,1.0,41.0,,,,,,,,,,,,,,,,,,,,,,,,0.03840000182390213,0.020999999716877937,0.13359999656677246,0.14219999313354492,0.1151999980211258,0.11980000138282776,0.11400000005960464,0.11230000108480453,0.10010000318288803,0.09969999641180038
IND01896,2020-04-12,,,,,,143.0,,0.1,,,5.8,,,,,6.9,RUDRASAGAR EAST LAKE TRIPURA,23.4992,91.3211,India,,,,,,,,,,,0.4,84.0,,,,,,,,,,,,,,,,,,,,,,,,0.1936500072479248,0.10845000296831131,0.07649999856948853,0.12399999797344208,0.0750499963760376,0.15240000188350677,0.2894499897956848,0.3248000144958496,0.3941499888896942,0.32864999771118164
IND01896,2021-03-17,,,,,,169.0,,,,,6.0,,,,,7.12,RUDRASAGAR EAST LAKE TRIPURA,23.4992,91.3211,India,,,,,,,,,,,1.2,110.0,,,,,,,,,,,,,,,,,,,,,,,,0.17024999856948853,0.09380000084638596,0.05959999933838844,0.09494999796152115,0.06575000286102295,0.14110000431537628,0.27090001106262207,0.2926500141620636,0.2635500133037567,0.30160000920295715
IND01897,2020-04-12,,,,,,135.0,,0.08,,,5.9,,,,,6.9,RUDRASAGAR WEST LAKE TRIPURA,23.4918,91.3211,India,,,,,,,,,,,0.3,58.0,,,,,,,,,,,,,,,,,,,,,,,,0.20990000665187836,0.12264999747276306,0.052149999886751175,0.07800000160932541,0.060100000351667404,0.11235000193119049,0.2508000135421753,0.32074999809265137,0.30125001072883606,0.33090001344680786
IND01897,2021-03-17,,,,,,145.0,,,,,6.1,,,,,7.15,RUDRASAGAR WEST LAKE TRIPURA,23.4918,91.3211,India,,,,,,,,,,,1.3,170.0,,,,,,,,,,,,,,,,,,,,,,,,0.22075000405311584,0.13785000145435333,0.05609999969601631,0.07840000092983246,0.0706000030040741,0.11659999936819077,0.2324499934911728,0.2651999890804291,0.28949999809265137,0.2895500063896179
