Chl-a,B11,B12,B2,B3,B4,B5,B6,B7,B8,B8A
28.47,0.0147000001743435,0.0125000001862645,0.0500999987125396,0.0724999979138374,0.0375999994575977,0.0432999990880489,0.0251000002026557,0.024100000038743,0.0220999997109174,0.0206000003963708
16.77,0.0141000002622604,0.0110999997705221,0.0511000007390975,0.0714000016450882,0.0370000004768371,0.0362999998033046,0.0228000003844499,0.0232999995350837,0.0197000000625848,0.0182000007480382
14.3,0.0210999995470047,0.019200000911951,0.0588999986648559,0.0782999992370605,0.0432999990880489,0.0443999990820884,0.0306000001728534,0.031199999153614,0.0272000003606081,0.0272000003606081
4.64,0.0152000002562999,0.012699999846518,0.0472999997437,0.0531999990344047,0.0252999998629093,0.024100000038743,0.019200000911951,0.0210999995470047,0.0188999995589256,0.0175999999046325
0.77,0.0059000002220273,0.0038000000640749,0.0650999993085861,0.0662000030279159,0.0280000008642673,0.0249000005424022,0.0165999997407197,0.0170000009238719,0.0162000004202127,0.0113000003620982
8.27,0.0082000000402331,0.0043999999761581,0.0701000019907951,0.0923999994993209,0.0566999986767768,0.0649000033736229,0.0386999994516372,0.0403000004589557,0.0364999994635582,0.0309999994933605
24.83,0.0065999999642372,0.0040000001899898,0.0592000000178813,0.0712999999523162,0.0355999991297721,0.0337000004947185,0.0205000005662441,0.0198999997228384,0.017400000244379,0.0164000000804662
12.19,0.006000000052154,0.0038000000640749,0.065200001001358,0.0794000029563903,0.0375000014901161,0.0353999994695186,0.0230000000447034,0.0237000007182359,0.0205000005662441,0.0185000002384185
35.15,0.0089999996125698,0.0071999998763203,0.0416000001132488,0.063400000333786,0.0381999984383583,0.0406000018119812,0.019200000911951,0.0196000002324581,0.0203000009059906,0.0135000003501772
6.7,0.0027000000700354,0.0024999999441206,0.0252000000327825,0.0293000005185604,0.0074999998323619,0.006000000052154,0.0035000001080334,0.003000000026077,0.0049000000581145,0.002600000007078
88.92,0.0153999999165534,0.0141000002622604,0.0447999984025955,0.0671000033617019,0.049600001424551,0.0608000010251998,0.0291000008583068,0.0297999996691942,0.0262000001966953,0.0248000007122755
26.39,0.0190999992191791,0.0164000000804662,0.0461999997496604,0.0575000010430812,0.0432000011205673,0.0403000004589557,0.023199999704957,0.0252000000327825,0.0214000009000301,0.0208999998867511
36.51,0.016499999910593,0.0149999996647238,0.0558499991893768,0.0834499970078468,0.0664499998092651,0.0774499997496604,0.0402499996125698,0.0401000007987022,0.0318499989807605,0.0283499993383884
28.86,0.0070000002160668,0.0063999998383224,0.0377999991178512,0.0562999993562698,0.0310999993234872,0.0390000008046627,0.0168999992311,0.0172000005841255,0.0120000001043081,0.0105999996885657
8.03,0.0054000001400709,0.0057999999262392,0.0304000005125999,0.0359000004827976,0.0164000000804662,0.0146000003442168,0.0076999999582767,0.0063000000081956,0.0083999997004866,0.0066999997943639
7.92,0.0127999996766448,0.0105999996885657,0.0507999993860721,0.063799999654293,0.0373999997973442,0.0275999996811151,0.0163000002503395,0.017799999564886,0.0166999995708465,0.0143999997526407
69.27,0.0118000004440546,0.0099999997764825,0.06700000166893,0.0938000008463859,0.0612000003457069,0.0758000016212463,0.0394000001251697,0.0406000018119812,0.034400001168251,0.0285999998450279
63.91,0.0113000003620982,0.0093000000342726,0.0716999992728233,0.096000000834465,0.0631999969482421,0.0710000023245811,0.0342999994754791,0.0340999998152256,0.0288999993354082,0.0234999991953372
45.48,0.0103000001981854,0.0080000003799796,0.062399998307228,0.0806000009179115,0.0399000011384487,0.0403999984264373,0.0207000002264976,0.0199999995529651,0.0196000002324581,0.0160000007599592
70.64,0.002600000007078,0.00179999996908,0.0688999965786933,0.1044000014662742,0.0662999972701072,0.0864999964833259,0.0357999987900257,0.0351000018417835,0.0280000008642673,0.0208999998867511
45.97,0.0020000000949949,0.0012000000569969,0.0489999987185001,0.0706999972462654,0.0372000001370906,0.0443999990820884,0.017400000244379,0.0161000005900859,0.0127999996766448,0.0087000001221895
106.76,0.0041000000201165,0.002199999988079,0.0626000016927719,0.1005999967455864,0.066500000655651,0.0976999998092651,0.0449000000953674,0.0476000010967254,0.0351999998092651,0.0266999993473291
93.65,0.0041000000201165,0.0037000000011175,0.0549999997019767,0.0812000036239624,0.0504000000655651,0.0680000036954879,0.0299999993294477,0.0303000006824731,0.0225000008940696,0.017799999564886
69.37,0.0039499998092651,0.0031000000890344,0.0602499991655349,0.094200000166893,0.0640499964356422,0.0948000028729438,0.0434000007808208,0.0457499995827674,0.0355499982833862,0.0269499998539686
46.75,0.0028999999631196,0.0013999999500811,0.0568000003695488,0.0886000022292137,0.0461000017821788,0.0597000010311603,0.0230999998748302,0.0212999992072582,0.0142000000923872,0.0149999996647238
22.62,0.0041999998502433,0.0028999999631196,0.0570000000298023,0.0856999978423118,0.0388000011444091,0.0373000018298625,0.0163000002503395,0.0152000002562999,0.0133999995887279,0.009800000116229
25.22,0.0020999999251216,0.0020000000949949,0.046399999409914,0.0775000005960464,0.0377000011503696,0.0408000014722347,0.0142999999225139,0.0143999997526407,0.0130000002682209,0.0092000002041459
1.57910174773945,0.0037000000011175,0.002199999988079,0.0215499997138977,0.0212500002235174,0.0114500001072883,0.0109000001102685,0.0089999996125698,0.0074499999172985,0.0096500003710389,0.0065999999642372
1.57910174773945,0.0037000000011175,0.002199999988079,0.0215499997138977,0.0212500002235174,0.0114500001072883,0.0109000001102685,0.0089999996125698,0.0074499999172985,0.0096500003710389,0.0065999999642372
1.57910174773945,0.0037000000011175,0.002199999988079,0.0215499997138977,0.0212500002235174,0.0114500001072883,0.0109000001102685,0.0089999996125698,0.0074499999172985,0.0096500003710389,0.0065999999642372
1.57910174773945,0.0037000000011175,0.002199999988079,0.0215499997138977,0.0212500002235174,0.0114500001072883,0.0109000001102685,0.0089999996125698,0.0074499999172985,0.0096500003710389,0.0065999999642372
1.57910174773945,0.0037000000011175,0.002199999988079,0.0215499997138977,0.0212500002235174,0.0114500001072883,0.0109000001102685,0.0089999996125698,0.0074499999172985,0.0096500003710389,0.0065999999642372
1.57910174773945,0.0037000000011175,0.002199999988079,0.0215499997138977,0.0212500002235174,0.0114500001072883,0.0109000001102685,0.0089999996125698,0.0074499999172985,0.0096500003710389,0.0065999999642372
1.57910174773945,0.0037000000011175,0.002199999988079,0.0215499997138977,0.0212500002235174,0.0114500001072883,0.0109000001102685,0.0089999996125698,0.0074499999172985,0.0096500003710389,0.0065999999642372
1.57910174773945,0.0037000000011175,0.002199999988079,0.0215499997138977,0.0212500002235174,0.0114500001072883,0.0109000001102685,0.0089999996125698,0.0074499999172985,0.0096500003710389,0.0065999999642372
1.84024075313035,0.0037000000011175,0.002199999988079,0.0215499997138977,0.0212500002235174,0.0114500001072883,0.0109000001102685,0.0089999996125698,0.0074499999172985,0.0096500003710389,0.0065999999642372
1.84024075313035,0.0037000000011175,0.002199999988079,0.0215499997138977,0.0212500002235174,0.0114500001072883,0.0109000001102685,0.0089999996125698,0.0074499999172985,0.0096500003710389,0.0065999999642372
1.84024075313035,0.0037000000011175,0.002199999988079,0.0215499997138977,0.0212500002235174,0.0114500001072883,0.0109000001102685,0.0089999996125698,0.0074499999172985,0.0096500003710389,0.0065999999642372
1.84024075313035,0.0037000000011175,0.002199999988079,0.0215499997138977,0.0212500002235174,0.0114500001072883,0.0109000001102685,0.0089999996125698,0.0074499999172985,0.0096500003710389,0.0065999999642372
1.84024075313035,0.0037000000011175,0.002199999988079,0.0215499997138977,0.0212500002235174,0.0114500001072883,0.0109000001102685,0.0089999996125698,0.0074499999172985,0.0096500003710389,0.0065999999642372
1.84024075313035,0.0037000000011175,0.002199999988079,0.0215499997138977,0.0212500002235174,0.0114500001072883,0.0109000001102685,0.0089999996125698,0.0074499999172985,0.0096500003710389,0.0065999999642372
1.84024075313035,0.0037000000011175,0.002199999988079,0.0215499997138977,0.0212500002235174,0.0114500001072883,0.0109000001102685,0.0089999996125698,0.0074499999172985,0.0096500003710389,0.0065999999642372
1.84024075313035,0.0037000000011175,0.002199999988079,0.0215499997138977,0.0212500002235174,0.0114500001072883,0.0109000001102685,0.0089999996125698,0.0074499999172985,0.0096500003710389,0.0065999999642372
1.38491826477381,0.0037000000011175,0.002199999988079,0.0215499997138977,0.0212500002235174,0.0114500001072883,0.0109000001102685,0.0089999996125698,0.0074499999172985,0.0096500003710389,0.0065999999642372
2.35341330242867,0.0077999997884035,0.0054000001400709,0.0295000001788139,0.0209999997168779,0.0093000000342726,0.0164000000804662,0.0121499998494982,0.0113000003620982,0.0075500002130866,0.0082499999552965
2.35341330242867,0.0077999997884035,0.0054000001400709,0.0295000001788139,0.0209999997168779,0.0093000000342726,0.0164000000804662,0.0121499998494982,0.0113000003620982,0.0075500002130866,0.0082499999552965
2.35341330242867,0.0077999997884035,0.0054000001400709,0.0295000001788139,0.0209999997168779,0.0093000000342726,0.0164000000804662,0.0121499998494982,0.0113000003620982,0.0075500002130866,0.0082499999552965
2.35341330242867,0.0077999997884035,0.0054000001400709,0.0295000001788139,0.0209999997168779,0.0093000000342726,0.0164000000804662,0.0121499998494982,0.0113000003620982,0.0075500002130866,0.0082499999552965
2.35341330242867,0.0077999997884035,0.0054000001400709,0.0295000001788139,0.0209999997168779,0.0093000000342726,0.0164000000804662,0.0121499998494982,0.0113000003620982,0.0075500002130866,0.0082499999552965
2.35341330242867,0.0077999997884035,0.0054000001400709,0.0295000001788139,0.0209999997168779,0.0093000000342726,0.0164000000804662,0.0121499998494982,0.0113000003620982,0.0075500002130866,0.0082499999552965
2.35341330242867,0.0077999997884035,0.0054000001400709,0.0295000001788139,0.0209999997168779,0.0093000000342726,0.0164000000804662,0.0121499998494982,0.0113000003620982,0.0075500002130866,0.0082499999552965
2.35341330242867,0.0077999997884035,0.0054000001400709,0.0295000001788139,0.0209999997168779,0.0093000000342726,0.0164000000804662,0.0121499998494982,0.0113000003620982,0.0075500002130866,0.0082499999552965
5.25490795536887,0.0077999997884035,0.0054000001400709,0.0295000001788139,0.0209999997168779,0.0093000000342726,0.0164000000804662,0.0121499998494982,0.0113000003620982,0.0075500002130866,0.0082499999552965
5.25490795536887,0.0077999997884035,0.0054000001400709,0.0295000001788139,0.0209999997168779,0.0093000000342726,0.0164000000804662,0.0121499998494982,0.0113000003620982,0.0075500002130866,0.0082499999552965
5.25490795536887,0.0077999997884035,0.0054000001400709,0.0295000001788139,0.0209999997168779,0.0093000000342726,0.0164000000804662,0.0121499998494982,0.0113000003620982,0.0075500002130866,0.0082499999552965
5.25490795536887,0.0077999997884035,0.0054000001400709,0.0295000001788139,0.0209999997168779,0.0093000000342726,0.0164000000804662,0.0121499998494982,0.0113000003620982,0.0075500002130866,0.0082499999552965
5.25490795536887,0.0077999997884035,0.0054000001400709,0.0295000001788139,0.0209999997168779,0.0093000000342726,0.0164000000804662,0.0121499998494982,0.0113000003620982,0.0075500002130866,0.0082499999552965
5.25490795536887,0.0077999997884035,0.0054000001400709,0.0295000001788139,0.0209999997168779,0.0093000000342726,0.0164000000804662,0.0121499998494982,0.0113000003620982,0.0075500002130866,0.0082499999552965
5.25490795536887,0.0077999997884035,0.0054000001400709,0.0295000001788139,0.0209999997168779,0.0093000000342726,0.0164000000804662,0.0121499998494982,0.0113000003620982,0.0075500002130866,0.0082499999552965
5.25490795536887,0.0077999997884035,0.0054000001400709,0.0295000001788139,0.0209999997168779,0.0093000000342726,0.0164000000804662,0.0121499998494982,0.0113000003620982,0.0075500002130866,0.0082499999552965
0.946098358603028,0.0120000001043081,0.0092000002041459,0.0218499992042779,0.0164500009268522,0.0080500002950429,0.0107500003650784,0.0099499998614192,0.0123500004410743,0.0082499999552965,0.0118000004440546
0.946098358603028,0.0120000001043081,0.0092000002041459,0.0218499992042779,0.0164500009268522,0.0080500002950429,0.0107500003650784,0.0099499998614192,0.0123500004410743,0.0082499999552965,0.0118000004440546
0.946098358603028,0.0120000001043081,0.0092000002041459,0.0218499992042779,0.0164500009268522,0.0080500002950429,0.0107500003650784,0.0099499998614192,0.0123500004410743,0.0082499999552965,0.0118000004440546
0.946098358603028,0.0120000001043081,0.0092000002041459,0.0218499992042779,0.0164500009268522,0.0080500002950429,0.0107500003650784,0.0099499998614192,0.0123500004410743,0.0082499999552965,0.0118000004440546
0.946098358603028,0.0120000001043081,0.0092000002041459,0.0218499992042779,0.0164500009268522,0.0080500002950429,0.0107500003650784,0.0099499998614192,0.0123500004410743,0.0082499999552965,0.0118000004440546
0.946098358603028,0.0120000001043081,0.0092000002041459,0.0218499992042779,0.0164500009268522,0.0080500002950429,0.0107500003650784,0.0099499998614192,0.0123500004410743,0.0082499999552965,0.0118000004440546
0.946098358603028,0.0120000001043081,0.0092000002041459,0.0218499992042779,0.0164500009268522,0.0080500002950429,0.0107500003650784,0.0099499998614192,0.0123500004410743,0.0082499999552965,0.0118000004440546
0.946098358603028,0.0120000001043081,0.0092000002041459,0.0218499992042779,0.0164500009268522,0.0080500002950429,0.0107500003650784,0.0099499998614192,0.0123500004410743,0.0082499999552965,0.0118000004440546
1.54609139190222,0.0120000001043081,0.0092000002041459,0.0218499992042779,0.0164500009268522,0.0080500002950429,0.0107500003650784,0.0099499998614192,0.0123500004410743,0.0082499999552965,0.0118000004440546
1.54609139190222,0.0120000001043081,0.0092000002041459,0.0218499992042779,0.0164500009268522,0.0080500002950429,0.0107500003650784,0.0099499998614192,0.0123500004410743,0.0082499999552965,0.0118000004440546
1.54609139190222,0.0120000001043081,0.0092000002041459,0.0218499992042779,0.0164500009268522,0.0080500002950429,0.0107500003650784,0.0099499998614192,0.0123500004410743,0.0082499999552965,0.0118000004440546
1.54609139190222,0.0120000001043081,0.0092000002041459,0.0218499992042779,0.0164500009268522,0.0080500002950429,0.0107500003650784,0.0099499998614192,0.0123500004410743,0.0082499999552965,0.0118000004440546
1.54609139190222,0.0120000001043081,0.0092000002041459,0.0218499992042779,0.0164500009268522,0.0080500002950429,0.0107500003650784,0.0099499998614192,0.0123500004410743,0.0082499999552965,0.0118000004440546
1.54609139190222,0.0120000001043081,0.0092000002041459,0.0218499992042779,0.0164500009268522,0.0080500002950429,0.0107500003650784,0.0099499998614192,0.0123500004410743,0.0082499999552965,0.0118000004440546
1.54609139190222,0.0120000001043081,0.0092000002041459,0.0218499992042779,0.0164500009268522,0.0080500002950429,0.0107500003650784,0.0099499998614192,0.0123500004410743,0.0082499999552965,0.0118000004440546
1.54609139190222,0.0120000001043081,0.0092000002041459,0.0218499992042779,0.0164500009268522,0.0080500002950429,0.0107500003650784,0.0099499998614192,0.0123500004410743,0.0082499999552965,0.0118000004440546
3.17537105924945,0.0119500001892447,0.0104999998584389,0.0441999994218349,0.0489500015974044,0.0364000014960765,0.0266500003635883,0.0259499996900558,0.024949999526143,0.0238000005483627,0.0187999997287988
3.17537105924945,0.0119500001892447,0.0104999998584389,0.0441999994218349,0.0489500015974044,0.0364000014960765,0.0266500003635883,0.0259499996900558,0.024949999526143,0.0238000005483627,0.0187999997287988
3.17537105924945,0.0119500001892447,0.0104999998584389,0.0441999994218349,0.0489500015974044,0.0364000014960765,0.0266500003635883,0.0259499996900558,0.024949999526143,0.0238000005483627,0.0187999997287988
3.17537105924945,0.0119500001892447,0.0104999998584389,0.0441999994218349,0.0489500015974044,0.0364000014960765,0.0266500003635883,0.0259499996900558,0.024949999526143,0.0238000005483627,0.0187999997287988
3.17537105924945,0.0119500001892447,0.0104999998584389,0.0441999994218349,0.0489500015974044,0.0364000014960765,0.0266500003635883,0.0259499996900558,0.024949999526143,0.0238000005483627,0.0187999997287988
3.17537105924945,0.0119500001892447,0.0104999998584389,0.0441999994218349,0.0489500015974044,0.0364000014960765,0.0266500003635883,0.0259499996900558,0.024949999526143,0.0238000005483627,0.0187999997287988
3.17537105924945,0.0119500001892447,0.0104999998584389,0.0441999994218349,0.0489500015974044,0.0364000014960765,0.0266500003635883,0.0259499996900558,0.024949999526143,0.0238000005483627,0.0187999997287988
3.17537105924945,0.0119500001892447,0.0104999998584389,0.0441999994218349,0.0489500015974044,0.0364000014960765,0.0266500003635883,0.0259499996900558,0.024949999526143,0.0238000005483627,0.0187999997287988
1.90644000662422,0.0119500001892447,0.0104999998584389,0.0441999994218349,0.0489500015974044,0.0364000014960765,0.0266500003635883,0.0259499996900558,0.024949999526143,0.0238000005483627,0.0187999997287988
1.90644000662422,0.0119500001892447,0.0104999998584389,0.0441999994218349,0.0489500015974044,0.0364000014960765,0.0266500003635883,0.0259499996900558,0.024949999526143,0.0238000005483627,0.0187999997287988
1.90644000662422,0.0119500001892447,0.0104999998584389,0.0441999994218349,0.0489500015974044,0.0364000014960765,0.0266500003635883,0.0259499996900558,0.024949999526143,0.0238000005483627,0.0187999997287988
1.90644000662422,0.0119500001892447,0.0104999998584389,0.0441999994218349,0.0489500015974044,0.0364000014960765,0.0266500003635883,0.0259499996900558,0.024949999526143,0.0238000005483627,0.0187999997287988
1.90644000662422,0.0119500001892447,0.0104999998584389,0.0441999994218349,0.0489500015974044,0.0364000014960765,0.0266500003635883,0.0259499996900558,0.024949999526143,0.0238000005483627,0.0187999997287988
1.90644000662422,0.0119500001892447,0.0104999998584389,0.0441999994218349,0.0489500015974044,0.0364000014960765,0.0266500003635883,0.0259499996900558,0.024949999526143,0.0238000005483627,0.0187999997287988
1.90644000662422,0.0119500001892447,0.0104999998584389,0.0441999994218349,0.0489500015974044,0.0364000014960765,0.0266500003635883,0.0259499996900558,0.024949999526143,0.0238000005483627,0.0187999997287988
1.90644000662422,0.0119500001892447,0.0104999998584389,0.0441999994218349,0.0489500015974044,0.0364000014960765,0.0266500003635883,0.0259499996900558,0.024949999526143,0.0238000005483627,0.0187999997287988
1.99557469993683,0.0119500001892447,0.0104999998584389,0.0441999994218349,0.0489500015974044,0.0364000014960765,0.0266500003635883,0.0259499996900558,0.024949999526143,0.0238000005483627,0.0187999997287988
1.99557469993683,0.0119500001892447,0.0104999998584389,0.0441999994218349,0.0489500015974044,0.0364000014960765,0.0266500003635883,0.0259499996900558,0.024949999526143,0.0238000005483627,0.0187999997287988
1.99557469993683,0.0119500001892447,0.0104999998584389,0.0441999994218349,0.0489500015974044,0.0364000014960765,0.0266500003635883,0.0259499996900558,0.024949999526143,0.0238000005483627,0.0187999997287988
1.99557469993683,0.0119500001892447,0.0104999998584389,0.0441999994218349,0.0489500015974044,0.0364000014960765,0.0266500003635883,0.0259499996900558,0.024949999526143,0.0238000005483627,0.0187999997287988
1.99557469993683,0.0119500001892447,0.0104999998584389,0.0441999994218349,0.0489500015974044,0.0364000014960765,0.0266500003635883,0.0259499996900558,0.024949999526143,0.0238000005483627,0.0187999997287988
1.99557469993683,0.0119500001892447,0.0104999998584389,0.0441999994218349,0.0489500015974044,0.0364000014960765,0.0266500003635883,0.0259499996900558,0.024949999526143,0.0238000005483627,0.0187999997287988
1.99557469993683,0.0119500001892447,0.0104999998584389,0.0441999994218349,0.0489500015974044,0.0364000014960765,0.0266500003635883,0.0259499996900558,0.024949999526143,0.0238000005483627,0.0187999997287988
1.99557469993683,0.0119500001892447,0.0104999998584389,0.0441999994218349,0.0489500015974044,0.0364000014960765,0.0266500003635883,0.0259499996900558,0.024949999526143,0.0238000005483627,0.0187999997287988
2.22186880205443,0.0119500001892447,0.0104999998584389,0.0441999994218349,0.0489500015974044,0.0364000014960765,0.0266500003635883,0.0259499996900558,0.024949999526143,0.0238000005483627,0.0187999997287988
2.22186880205443,0.0119500001892447,0.0104999998584389,0.0441999994218349,0.0489500015974044,0.0364000014960765,0.0266500003635883,0.0259499996900558,0.024949999526143,0.0238000005483627,0.0187999997287988
2.22186880205443,0.0119500001892447,0.0104999998584389,0.0441999994218349,0.0489500015974044,0.0364000014960765,0.0266500003635883,0.0259499996900558,0.024949999526143,0.0238000005483627,0.0187999997287988
2.22186880205443,0.0119500001892447,0.0104999998584389,0.0441999994218349,0.0489500015974044,0.0364000014960765,0.0266500003635883,0.0259499996900558,0.024949999526143,0.0238000005483627,0.0187999997287988
2.22186880205443,0.0119500001892447,0.0104999998584389,0.0441999994218349,0.0489500015974044,0.0364000014960765,0.0266500003635883,0.0259499996900558,0.024949999526143,0.0238000005483627,0.0187999997287988
2.22186880205443,0.0119500001892447,0.0104999998584389,0.0441999994218349,0.0489500015974044,0.0364000014960765,0.0266500003635883,0.0259499996900558,0.024949999526143,0.0238000005483627,0.0187999997287988
2.22186880205443,0.0119500001892447,0.0104999998584389,0.0441999994218349,0.0489500015974044,0.0364000014960765,0.0266500003635883,0.0259499996900558,0.024949999526143,0.0238000005483627,0.0187999997287988
2.22186880205443,0.0119500001892447,0.0104999998584389,0.0441999994218349,0.0489500015974044,0.0364000014960765,0.0266500003635883,0.0259499996900558,0.024949999526143,0.0238000005483627,0.0187999997287988
2.36640614288023,0.0221500005573034,0.0147000001743435,0.0563500002026557,0.0685499981045723,0.0421999990940094,0.0366000011563301,0.0320999994874,0.031700000166893,0.0357999987900257,0.0283499993383884
2.36640614288023,0.0221500005573034,0.0147000001743435,0.0563500002026557,0.0685499981045723,0.0421999990940094,0.0366000011563301,0.0320999994874,0.031700000166893,0.0357999987900257,0.0283499993383884
2.36640614288023,0.0221500005573034,0.0147000001743435,0.0563500002026557,0.0685499981045723,0.0421999990940094,0.0366000011563301,0.0320999994874,0.031700000166893,0.0357999987900257,0.0283499993383884
2.36640614288023,0.0221500005573034,0.0147000001743435,0.0563500002026557,0.0685499981045723,0.0421999990940094,0.0366000011563301,0.0320999994874,0.031700000166893,0.0357999987900257,0.0283499993383884
2.36640614288023,0.0221500005573034,0.0147000001743435,0.0563500002026557,0.0685499981045723,0.0421999990940094,0.0366000011563301,0.0320999994874,0.031700000166893,0.0357999987900257,0.0283499993383884
2.36640614288023,0.0221500005573034,0.0147000001743435,0.0563500002026557,0.0685499981045723,0.0421999990940094,0.0366000011563301,0.0320999994874,0.031700000166893,0.0357999987900257,0.0283499993383884
2.36640614288023,0.0221500005573034,0.0147000001743435,0.0563500002026557,0.0685499981045723,0.0421999990940094,0.0366000011563301,0.0320999994874,0.031700000166893,0.0357999987900257,0.0283499993383884
2.36640614288023,0.0221500005573034,0.0147000001743435,0.0563500002026557,0.0685499981045723,0.0421999990940094,0.0366000011563301,0.0320999994874,0.031700000166893,0.0357999987900257,0.0283499993383884
2.91749845644629,0.0221500005573034,0.0147000001743435,0.0563500002026557,0.0685499981045723,0.0421999990940094,0.0366000011563301,0.0320999994874,0.031700000166893,0.0357999987900257,0.0283499993383884
2.91749845644629,0.0221500005573034,0.0147000001743435,0.0563500002026557,0.0685499981045723,0.0421999990940094,0.0366000011563301,0.0320999994874,0.031700000166893,0.0357999987900257,0.0283499993383884
2.91749845644629,0.0221500005573034,0.0147000001743435,0.0563500002026557,0.0685499981045723,0.0421999990940094,0.0366000011563301,0.0320999994874,0.031700000166893,0.0357999987900257,0.0283499993383884
2.91749845644629,0.0221500005573034,0.0147000001743435,0.0563500002026557,0.0685499981045723,0.0421999990940094,0.0366000011563301,0.0320999994874,0.031700000166893,0.0357999987900257,0.0283499993383884
2.91749845644629,0.0221500005573034,0.0147000001743435,0.0563500002026557,0.0685499981045723,0.0421999990940094,0.0366000011563301,0.0320999994874,0.031700000166893,0.0357999987900257,0.0283499993383884
2.91749845644629,0.0221500005573034,0.0147000001743435,0.0563500002026557,0.0685499981045723,0.0421999990940094,0.0366000011563301,0.0320999994874,0.031700000166893,0.0357999987900257,0.0283499993383884
2.91749845644629,0.0221500005573034,0.0147000001743435,0.0563500002026557,0.0685499981045723,0.0421999990940094,0.0366000011563301,0.0320999994874,0.031700000166893,0.0357999987900257,0.0283499993383884
2.91749845644629,0.0221500005573034,0.0147000001743435,0.0563500002026557,0.0685499981045723,0.0421999990940094,0.0366000011563301,0.0320999994874,0.031700000166893,0.0357999987900257,0.0283499993383884
2.89115426269126,0.0221500005573034,0.0147000001743435,0.0563500002026557,0.0685499981045723,0.0421999990940094,0.0366000011563301,0.0320999994874,0.031700000166893,0.0357999987900257,0.0283499993383884
2.45724173971962,0.0248000007122755,0.0227000005543231,0.1049999967217445,0.1067999973893165,0.0870999991893768,0.0283000003546476,0.0362999998033046,0.0223999992012977,0.065600000321865,0.0295000001788139
1.41944515112767,0.0161499995738267,0.0115499999374151,0.032549999654293,0.0373000018298625,0.0243500005453825,0.0203000009059906,0.0194499995559453,0.0203499998897314,0.0258000008761882,0.016499999910593
1.41944515112767,0.0161499995738267,0.0115499999374151,0.032549999654293,0.0373000018298625,0.0243500005453825,0.0203000009059906,0.0194499995559453,0.0203499998897314,0.0258000008761882,0.016499999910593
1.41944515112767,0.0161499995738267,0.0115499999374151,0.032549999654293,0.0373000018298625,0.0243500005453825,0.0203000009059906,0.0194499995559453,0.0203499998897314,0.0258000008761882,0.016499999910593
1.41944515112767,0.0161499995738267,0.0115499999374151,0.032549999654293,0.0373000018298625,0.0243500005453825,0.0203000009059906,0.0194499995559453,0.0203499998897314,0.0258000008761882,0.016499999910593
1.41944515112767,0.0161499995738267,0.0115499999374151,0.032549999654293,0.0373000018298625,0.0243500005453825,0.0203000009059906,0.0194499995559453,0.0203499998897314,0.0258000008761882,0.016499999910593
1.41944515112767,0.0161499995738267,0.0115499999374151,0.032549999654293,0.0373000018298625,0.0243500005453825,0.0203000009059906,0.0194499995559453,0.0203499998897314,0.0258000008761882,0.016499999910593
1.41944515112767,0.0161499995738267,0.0115499999374151,0.032549999654293,0.0373000018298625,0.0243500005453825,0.0203000009059906,0.0194499995559453,0.0203499998897314,0.0258000008761882,0.016499999910593
1.41944515112767,0.0161499995738267,0.0115499999374151,0.032549999654293,0.0373000018298625,0.0243500005453825,0.0203000009059906,0.0194499995559453,0.0203499998897314,0.0258000008761882,0.016499999910593
1.66444191151961,0.0161499995738267,0.0115499999374151,0.032549999654293,0.0373000018298625,0.0243500005453825,0.0203000009059906,0.0194499995559453,0.0203499998897314,0.0258000008761882,0.016499999910593
1.66444191151961,0.0161499995738267,0.0115499999374151,0.032549999654293,0.0373000018298625,0.0243500005453825,0.0203000009059906,0.0194499995559453,0.0203499998897314,0.0258000008761882,0.016499999910593
1.66444191151961,0.0161499995738267,0.0115499999374151,0.032549999654293,0.0373000018298625,0.0243500005453825,0.0203000009059906,0.0194499995559453,0.0203499998897314,0.0258000008761882,0.016499999910593
1.66444191151961,0.0161499995738267,0.0115499999374151,0.032549999654293,0.0373000018298625,0.0243500005453825,0.0203000009059906,0.0194499995559453,0.0203499998897314,0.0258000008761882,0.016499999910593
1.66444191151961,0.0161499995738267,0.0115499999374151,0.032549999654293,0.0373000018298625,0.0243500005453825,0.0203000009059906,0.0194499995559453,0.0203499998897314,0.0258000008761882,0.016499999910593
1.66444191151961,0.0161499995738267,0.0115499999374151,0.032549999654293,0.0373000018298625,0.0243500005453825,0.0203000009059906,0.0194499995559453,0.0203499998897314,0.0258000008761882,0.016499999910593
1.66444191151961,0.0161499995738267,0.0115499999374151,0.032549999654293,0.0373000018298625,0.0243500005453825,0.0203000009059906,0.0194499995559453,0.0203499998897314,0.0258000008761882,0.016499999910593
1.66444191151961,0.0161499995738267,0.0115499999374151,0.032549999654293,0.0373000018298625,0.0243500005453825,0.0203000009059906,0.0194499995559453,0.0203499998897314,0.0258000008761882,0.016499999910593
3.58567420389378,0.0161499995738267,0.0115499999374151,0.032549999654293,0.0373000018298625,0.0243500005453825,0.0203000009059906,0.0194499995559453,0.0203499998897314,0.0258000008761882,0.016499999910593
4.55505168099164,0.0114500001072883,0.0065500000491738,0.0274999998509883,0.0309999994933605,0.0232500005513429,0.0153500000014901,0.0137999998405575,0.0126000000163912,0.0201999992132186,0.0140000004321336
4.55505168099164,0.0114500001072883,0.0065500000491738,0.0274999998509883,0.0309999994933605,0.0232500005513429,0.0153500000014901,0.0137999998405575,0.0126000000163912,0.0201999992132186,0.0140000004321336
4.55505168099164,0.0114500001072883,0.0065500000491738,0.0274999998509883,0.0309999994933605,0.0232500005513429,0.0153500000014901,0.0137999998405575,0.0126000000163912,0.0201999992132186,0.0140000004321336
4.55505168099164,0.0114500001072883,0.0065500000491738,0.0274999998509883,0.0309999994933605,0.0232500005513429,0.0153500000014901,0.0137999998405575,0.0126000000163912,0.0201999992132186,0.0140000004321336
4.55505168099164,0.0114500001072883,0.0065500000491738,0.0274999998509883,0.0309999994933605,0.0232500005513429,0.0153500000014901,0.0137999998405575,0.0126000000163912,0.0201999992132186,0.0140000004321336
4.55505168099164,0.0114500001072883,0.0065500000491738,0.0274999998509883,0.0309999994933605,0.0232500005513429,0.0153500000014901,0.0137999998405575,0.0126000000163912,0.0201999992132186,0.0140000004321336
4.55505168099164,0.0114500001072883,0.0065500000491738,0.0274999998509883,0.0309999994933605,0.0232500005513429,0.0153500000014901,0.0137999998405575,0.0126000000163912,0.0201999992132186,0.0140000004321336
4.55505168099164,0.0114500001072883,0.0065500000491738,0.0274999998509883,0.0309999994933605,0.0232500005513429,0.0153500000014901,0.0137999998405575,0.0126000000163912,0.0201999992132186,0.0140000004321336
5.50541721204229,0.0114500001072883,0.0065500000491738,0.0274999998509883,0.0309999994933605,0.0232500005513429,0.0153500000014901,0.0137999998405575,0.0126000000163912,0.0201999992132186,0.0140000004321336
5.50541721204229,0.0114500001072883,0.0065500000491738,0.0274999998509883,0.0309999994933605,0.0232500005513429,0.0153500000014901,0.0137999998405575,0.0126000000163912,0.0201999992132186,0.0140000004321336
5.50541721204229,0.0114500001072883,0.0065500000491738,0.0274999998509883,0.0309999994933605,0.0232500005513429,0.0153500000014901,0.0137999998405575,0.0126000000163912,0.0201999992132186,0.0140000004321336
5.50541721204229,0.0114500001072883,0.0065500000491738,0.0274999998509883,0.0309999994933605,0.0232500005513429,0.0153500000014901,0.0137999998405575,0.0126000000163912,0.0201999992132186,0.0140000004321336
5.50541721204229,0.0114500001072883,0.0065500000491738,0.0274999998509883,0.0309999994933605,0.0232500005513429,0.0153500000014901,0.0137999998405575,0.0126000000163912,0.0201999992132186,0.0140000004321336
5.50541721204229,0.0114500001072883,0.0065500000491738,0.0274999998509883,0.0309999994933605,0.0232500005513429,0.0153500000014901,0.0137999998405575,0.0126000000163912,0.0201999992132186,0.0140000004321336
5.50541721204229,0.0114500001072883,0.0065500000491738,0.0274999998509883,0.0309999994933605,0.0232500005513429,0.0153500000014901,0.0137999998405575,0.0126000000163912,0.0201999992132186,0.0140000004321336
5.50541721204229,0.0114500001072883,0.0065500000491738,0.0274999998509883,0.0309999994933605,0.0232500005513429,0.0153500000014901,0.0137999998405575,0.0126000000163912,0.0201999992132186,0.0140000004321336
4.22803379026065,0.0114500001072883,0.0065500000491738,0.0274999998509883,0.0309999994933605,0.0232500005513429,0.0153500000014901,0.0137999998405575,0.0126000000163912,0.0201999992132186,0.0140000004321336
4.22803379026065,0.0114500001072883,0.0065500000491738,0.0274999998509883,0.0309999994933605,0.0232500005513429,0.0153500000014901,0.0137999998405575,0.0126000000163912,0.0201999992132186,0.0140000004321336
4.22803379026065,0.0114500001072883,0.0065500000491738,0.0274999998509883,0.0309999994933605,0.0232500005513429,0.0153500000014901,0.0137999998405575,0.0126000000163912,0.0201999992132186,0.0140000004321336
4.22803379026065,0.0114500001072883,0.0065500000491738,0.0274999998509883,0.0309999994933605,0.0232500005513429,0.0153500000014901,0.0137999998405575,0.0126000000163912,0.0201999992132186,0.0140000004321336
4.22803379026065,0.0114500001072883,0.0065500000491738,0.0274999998509883,0.0309999994933605,0.0232500005513429,0.0153500000014901,0.0137999998405575,0.0126000000163912,0.0201999992132186,0.0140000004321336
4.22803379026065,0.0114500001072883,0.0065500000491738,0.0274999998509883,0.0309999994933605,0.0232500005513429,0.0153500000014901,0.0137999998405575,0.0126000000163912,0.0201999992132186,0.0140000004321336
4.22803379026065,0.0114500001072883,0.0065500000491738,0.0274999998509883,0.0309999994933605,0.0232500005513429,0.0153500000014901,0.0137999998405575,0.0126000000163912,0.0201999992132186,0.0140000004321336
4.22803379026065,0.0114500001072883,0.0065500000491738,0.0274999998509883,0.0309999994933605,0.0232500005513429,0.0153500000014901,0.0137999998405575,0.0126000000163912,0.0201999992132186,0.0140000004321336
4.89565728985819,0.0114500001072883,0.0065500000491738,0.0274999998509883,0.0309999994933605,0.0232500005513429,0.0153500000014901,0.0137999998405575,0.0126000000163912,0.0201999992132186,0.0140000004321336
4.89565728985819,0.0114500001072883,0.0065500000491738,0.0274999998509883,0.0309999994933605,0.0232500005513429,0.0153500000014901,0.0137999998405575,0.0126000000163912,0.0201999992132186,0.0140000004321336
4.89565728985819,0.0114500001072883,0.0065500000491738,0.0274999998509883,0.0309999994933605,0.0232500005513429,0.0153500000014901,0.0137999998405575,0.0126000000163912,0.0201999992132186,0.0140000004321336
4.89565728985819,0.0114500001072883,0.0065500000491738,0.0274999998509883,0.0309999994933605,0.0232500005513429,0.0153500000014901,0.0137999998405575,0.0126000000163912,0.0201999992132186,0.0140000004321336
4.89565728985819,0.0114500001072883,0.0065500000491738,0.0274999998509883,0.0309999994933605,0.0232500005513429,0.0153500000014901,0.0137999998405575,0.0126000000163912,0.0201999992132186,0.0140000004321336
4.89565728985819,0.0114500001072883,0.0065500000491738,0.0274999998509883,0.0309999994933605,0.0232500005513429,0.0153500000014901,0.0137999998405575,0.0126000000163912,0.0201999992132186,0.0140000004321336
4.89565728985819,0.0114500001072883,0.0065500000491738,0.0274999998509883,0.0309999994933605,0.0232500005513429,0.0153500000014901,0.0137999998405575,0.0126000000163912,0.0201999992132186,0.0140000004321336
4.89565728985819,0.0114500001072883,0.0065500000491738,0.0274999998509883,0.0309999994933605,0.0232500005513429,0.0153500000014901,0.0137999998405575,0.0126000000163912,0.0201999992132186,0.0140000004321336
1.74506053788969,0.0206499993801116,0.0153000000864267,0.0534499995410442,0.0546000003814697,0.0492499992251396,0.0358499996364116,0.0309500005096197,0.0333999991416931,0.0384499989449977,0.0213500000536441
1.74506053788969,0.0206499993801116,0.0153000000864267,0.0534499995410442,0.0546000003814697,0.0492499992251396,0.0358499996364116,0.0309500005096197,0.0333999991416931,0.0384499989449977,0.0213500000536441
1.74506053788969,0.0206499993801116,0.0153000000864267,0.0534499995410442,0.0546000003814697,0.0492499992251396,0.0358499996364116,0.0309500005096197,0.0333999991416931,0.0384499989449977,0.0213500000536441
1.74506053788969,0.0206499993801116,0.0153000000864267,0.0534499995410442,0.0546000003814697,0.0492499992251396,0.0358499996364116,0.0309500005096197,0.0333999991416931,0.0384499989449977,0.0213500000536441
1.74506053788969,0.0206499993801116,0.0153000000864267,0.0534499995410442,0.0546000003814697,0.0492499992251396,0.0358499996364116,0.0309500005096197,0.0333999991416931,0.0384499989449977,0.0213500000536441
1.74506053788969,0.0206499993801116,0.0153000000864267,0.0534499995410442,0.0546000003814697,0.0492499992251396,0.0358499996364116,0.0309500005096197,0.0333999991416931,0.0384499989449977,0.0213500000536441
1.74506053788969,0.0206499993801116,0.0153000000864267,0.0534499995410442,0.0546000003814697,0.0492499992251396,0.0358499996364116,0.0309500005096197,0.0333999991416931,0.0384499989449977,0.0213500000536441
1.74506053788969,0.0206499993801116,0.0153000000864267,0.0534499995410442,0.0546000003814697,0.0492499992251396,0.0358499996364116,0.0309500005096197,0.0333999991416931,0.0384499989449977,0.0213500000536441
3.04914593289424,0.0206499993801116,0.0153000000864267,0.0534499995410442,0.0546000003814697,0.0492499992251396,0.0358499996364116,0.0309500005096197,0.0333999991416931,0.0384499989449977,0.0213500000536441
3.04914593289424,0.0206499993801116,0.0153000000864267,0.0534499995410442,0.0546000003814697,0.0492499992251396,0.0358499996364116,0.0309500005096197,0.0333999991416931,0.0384499989449977,0.0213500000536441
3.04914593289424,0.0206499993801116,0.0153000000864267,0.0534499995410442,0.0546000003814697,0.0492499992251396,0.0358499996364116,0.0309500005096197,0.0333999991416931,0.0384499989449977,0.0213500000536441
3.04914593289424,0.0206499993801116,0.0153000000864267,0.0534499995410442,0.0546000003814697,0.0492499992251396,0.0358499996364116,0.0309500005096197,0.0333999991416931,0.0384499989449977,0.0213500000536441
3.04914593289424,0.0206499993801116,0.0153000000864267,0.0534499995410442,0.0546000003814697,0.0492499992251396,0.0358499996364116,0.0309500005096197,0.0333999991416931,0.0384499989449977,0.0213500000536441
3.04914593289424,0.0206499993801116,0.0153000000864267,0.0534499995410442,0.0546000003814697,0.0492499992251396,0.0358499996364116,0.0309500005096197,0.0333999991416931,0.0384499989449977,0.0213500000536441
3.04914593289424,0.0206499993801116,0.0153000000864267,0.0534499995410442,0.0546000003814697,0.0492499992251396,0.0358499996364116,0.0309500005096197,0.0333999991416931,0.0384499989449977,0.0213500000536441
3.04914593289424,0.0206499993801116,0.0153000000864267,0.0534499995410442,0.0546000003814697,0.0492499992251396,0.0358499996364116,0.0309500005096197,0.0333999991416931,0.0384499989449977,0.0213500000536441
2.23233440204044,0.0206499993801116,0.0153000000864267,0.0534499995410442,0.0546000003814697,0.0492499992251396,0.0358499996364116,0.0309500005096197,0.0333999991416931,0.0384499989449977,0.0213500000536441
2.23233440204044,0.0206499993801116,0.0153000000864267,0.0534499995410442,0.0546000003814697,0.0492499992251396,0.0358499996364116,0.0309500005096197,0.0333999991416931,0.0384499989449977,0.0213500000536441
2.23233440204044,0.0206499993801116,0.0153000000864267,0.0534499995410442,0.0546000003814697,0.0492499992251396,0.0358499996364116,0.0309500005096197,0.0333999991416931,0.0384499989449977,0.0213500000536441
2.23233440204044,0.0206499993801116,0.0153000000864267,0.0534499995410442,0.0546000003814697,0.0492499992251396,0.0358499996364116,0.0309500005096197,0.0333999991416931,0.0384499989449977,0.0213500000536441
2.23233440204044,0.0206499993801116,0.0153000000864267,0.0534499995410442,0.0546000003814697,0.0492499992251396,0.0358499996364116,0.0309500005096197,0.0333999991416931,0.0384499989449977,0.0213500000536441
2.23233440204044,0.0206499993801116,0.0153000000864267,0.0534499995410442,0.0546000003814697,0.0492499992251396,0.0358499996364116,0.0309500005096197,0.0333999991416931,0.0384499989449977,0.0213500000536441
2.23233440204044,0.0206499993801116,0.0153000000864267,0.0534499995410442,0.0546000003814697,0.0492499992251396,0.0358499996364116,0.0309500005096197,0.0333999991416931,0.0384499989449977,0.0213500000536441
2.23233440204044,0.0206499993801116,0.0153000000864267,0.0534499995410442,0.0546000003814697,0.0492499992251396,0.0358499996364116,0.0309500005096197,0.0333999991416931,0.0384499989449977,0.0213500000536441
2.95264551629741,0.0206499993801116,0.0153000000864267,0.0534499995410442,0.0546000003814697,0.0492499992251396,0.0358499996364116,0.0309500005096197,0.0333999991416931,0.0384499989449977,0.0213500000536441
2.95264551629741,0.0206499993801116,0.0153000000864267,0.0534499995410442,0.0546000003814697,0.0492499992251396,0.0358499996364116,0.0309500005096197,0.0333999991416931,0.0384499989449977,0.0213500000536441
2.95264551629741,0.0206499993801116,0.0153000000864267,0.0534499995410442,0.0546000003814697,0.0492499992251396,0.0358499996364116,0.0309500005096197,0.0333999991416931,0.0384499989449977,0.0213500000536441
2.95264551629741,0.0206499993801116,0.0153000000864267,0.0534499995410442,0.0546000003814697,0.0492499992251396,0.0358499996364116,0.0309500005096197,0.0333999991416931,0.0384499989449977,0.0213500000536441
2.95264551629741,0.0206499993801116,0.0153000000864267,0.0534499995410442,0.0546000003814697,0.0492499992251396,0.0358499996364116,0.0309500005096197,0.0333999991416931,0.0384499989449977,0.0213500000536441
2.95264551629741,0.0206499993801116,0.0153000000864267,0.0534499995410442,0.0546000003814697,0.0492499992251396,0.0358499996364116,0.0309500005096197,0.0333999991416931,0.0384499989449977,0.0213500000536441
2.95264551629741,0.0206499993801116,0.0153000000864267,0.0534499995410442,0.0546000003814697,0.0492499992251396,0.0358499996364116,0.0309500005096197,0.0333999991416931,0.0384499989449977,0.0213500000536441
2.95264551629741,0.0206499993801116,0.0153000000864267,0.0534499995410442,0.0546000003814697,0.0492499992251396,0.0358499996364116,0.0309500005096197,0.0333999991416931,0.0384499989449977,0.0213500000536441
2.50222274463107,0.0139499995857477,0.0097000002861022,0.031649999320507,0.0360499992966651,0.0223500002175569,0.0234500002115964,0.0178999993950128,0.0157500002533197,0.0214499998837709,0.0148000000044703
2.50222274463107,0.0139499995857477,0.0097000002861022,0.031649999320507,0.0360499992966651,0.0223500002175569,0.0234500002115964,0.0178999993950128,0.0157500002533197,0.0214499998837709,0.0148000000044703
2.50222274463107,0.0139499995857477,0.0097000002861022,0.031649999320507,0.0360499992966651,0.0223500002175569,0.0234500002115964,0.0178999993950128,0.0157500002533197,0.0214499998837709,0.0148000000044703
2.50222274463107,0.0139499995857477,0.0097000002861022,0.031649999320507,0.0360499992966651,0.0223500002175569,0.0234500002115964,0.0178999993950128,0.0157500002533197,0.0214499998837709,0.0148000000044703
2.50222274463107,0.0139499995857477,0.0097000002861022,0.031649999320507,0.0360499992966651,0.0223500002175569,0.0234500002115964,0.0178999993950128,0.0157500002533197,0.0214499998837709,0.0148000000044703
2.50222274463107,0.0139499995857477,0.0097000002861022,0.031649999320507,0.0360499992966651,0.0223500002175569,0.0234500002115964,0.0178999993950128,0.0157500002533197,0.0214499998837709,0.0148000000044703
2.50222274463107,0.0139499995857477,0.0097000002861022,0.031649999320507,0.0360499992966651,0.0223500002175569,0.0234500002115964,0.0178999993950128,0.0157500002533197,0.0214499998837709,0.0148000000044703
2.50222274463107,0.0139499995857477,0.0097000002861022,0.031649999320507,0.0360499992966651,0.0223500002175569,0.0234500002115964,0.0178999993950128,0.0157500002533197,0.0214499998837709,0.0148000000044703
2.39679590511687,0.0139499995857477,0.0097000002861022,0.031649999320507,0.0360499992966651,0.0223500002175569,0.0234500002115964,0.0178999993950128,0.0157500002533197,0.0214499998837709,0.0148000000044703
2.39679590511687,0.0139499995857477,0.0097000002861022,0.031649999320507,0.0360499992966651,0.0223500002175569,0.0234500002115964,0.0178999993950128,0.0157500002533197,0.0214499998837709,0.0148000000044703
2.39679590511687,0.0139499995857477,0.0097000002861022,0.031649999320507,0.0360499992966651,0.0223500002175569,0.0234500002115964,0.0178999993950128,0.0157500002533197,0.0214499998837709,0.0148000000044703
2.39679590511687,0.0139499995857477,0.0097000002861022,0.031649999320507,0.0360499992966651,0.0223500002175569,0.0234500002115964,0.0178999993950128,0.0157500002533197,0.0214499998837709,0.0148000000044703
2.39679590511687,0.0139499995857477,0.0097000002861022,0.031649999320507,0.0360499992966651,0.0223500002175569,0.0234500002115964,0.0178999993950128,0.0157500002533197,0.0214499998837709,0.0148000000044703
2.39679590511687,0.0139499995857477,0.0097000002861022,0.031649999320507,0.0360499992966651,0.0223500002175569,0.0234500002115964,0.0178999993950128,0.0157500002533197,0.0214499998837709,0.0148000000044703
2.39679590511687,0.0139499995857477,0.0097000002861022,0.031649999320507,0.0360499992966651,0.0223500002175569,0.0234500002115964,0.0178999993950128,0.0157500002533197,0.0214499998837709,0.0148000000044703
2.39679590511687,0.0139499995857477,0.0097000002861022,0.031649999320507,0.0360499992966651,0.0223500002175569,0.0234500002115964,0.0178999993950128,0.0157500002533197,0.0214499998837709,0.0148000000044703
1.44919249320488,0.0139499995857477,0.0097000002861022,0.031649999320507,0.0360499992966651,0.0223500002175569,0.0234500002115964,0.0178999993950128,0.0157500002533197,0.0214499998837709,0.0148000000044703
1.44919249320488,0.0139499995857477,0.0097000002861022,0.031649999320507,0.0360499992966651,0.0223500002175569,0.0234500002115964,0.0178999993950128,0.0157500002533197,0.0214499998837709,0.0148000000044703
1.44919249320488,0.0139499995857477,0.0097000002861022,0.031649999320507,0.0360499992966651,0.0223500002175569,0.0234500002115964,0.0178999993950128,0.0157500002533197,0.0214499998837709,0.0148000000044703
1.44919249320488,0.0139499995857477,0.0097000002861022,0.031649999320507,0.0360499992966651,0.0223500002175569,0.0234500002115964,0.0178999993950128,0.0157500002533197,0.0214499998837709,0.0148000000044703
1.44919249320488,0.0139499995857477,0.0097000002861022,0.031649999320507,0.0360499992966651,0.0223500002175569,0.0234500002115964,0.0178999993950128,0.0157500002533197,0.0214499998837709,0.0148000000044703
1.44919249320488,0.0139499995857477,0.0097000002861022,0.031649999320507,0.0360499992966651,0.0223500002175569,0.0234500002115964,0.0178999993950128,0.0157500002533197,0.0214499998837709,0.0148000000044703
1.44919249320488,0.0139499995857477,0.0097000002861022,0.031649999320507,0.0360499992966651,0.0223500002175569,0.0234500002115964,0.0178999993950128,0.0157500002533197,0.0214499998837709,0.0148000000044703
1.44919249320488,0.0139499995857477,0.0097000002861022,0.031649999320507,0.0360499992966651,0.0223500002175569,0.0234500002115964,0.0178999993950128,0.0157500002533197,0.0214499998837709,0.0148000000044703
1.54601377354322,0.0139499995857477,0.0097000002861022,0.031649999320507,0.0360499992966651,0.0223500002175569,0.0234500002115964,0.0178999993950128,0.0157500002533197,0.0214499998837709,0.0148000000044703
1.54601377354322,0.0139499995857477,0.0097000002861022,0.031649999320507,0.0360499992966651,0.0223500002175569,0.0234500002115964,0.0178999993950128,0.0157500002533197,0.0214499998837709,0.0148000000044703
1.54601377354322,0.0139499995857477,0.0097000002861022,0.031649999320507,0.0360499992966651,0.0223500002175569,0.0234500002115964,0.0178999993950128,0.0157500002533197,0.0214499998837709,0.0148000000044703
1.54601377354322,0.0139499995857477,0.0097000002861022,0.031649999320507,0.0360499992966651,0.0223500002175569,0.0234500002115964,0.0178999993950128,0.0157500002533197,0.0214499998837709,0.0148000000044703
1.54601377354322,0.0139499995857477,0.0097000002861022,0.031649999320507,0.0360499992966651,0.0223500002175569,0.0234500002115964,0.0178999993950128,0.0157500002533197,0.0214499998837709,0.0148000000044703
1.54601377354322,0.0139499995857477,0.0097000002861022,0.031649999320507,0.0360499992966651,0.0223500002175569,0.0234500002115964,0.0178999993950128,0.0157500002533197,0.0214499998837709,0.0148000000044703
1.54601377354322,0.0139499995857477,0.0097000002861022,0.031649999320507,0.0360499992966651,0.0223500002175569,0.0234500002115964,0.0178999993950128,0.0157500002533197,0.0214499998837709,0.0148000000044703
1.54601377354322,0.0139499995857477,0.0097000002861022,0.031649999320507,0.0360499992966651,0.0223500002175569,0.0234500002115964,0.0178999993950128,0.0157500002533197,0.0214499998837709,0.0148000000044703
1.62943239065947,0.0197500009089708,0.0184499993920326,0.050450000911951,0.0461499989032745,0.0336499996483325,0.017799999564886,0.0230500008910894,0.0297999996691942,0.0443999990820884,0.0232500005513429
1.62943239065947,0.0197500009089708,0.0184499993920326,0.050450000911951,0.0461499989032745,0.0336499996483325,0.017799999564886,0.0230500008910894,0.0297999996691942,0.0443999990820884,0.0232500005513429
1.62943239065947,0.0197500009089708,0.0184499993920326,0.050450000911951,0.0461499989032745,0.0336499996483325,0.017799999564886,0.0230500008910894,0.0297999996691942,0.0443999990820884,0.0232500005513429
1.62943239065947,0.0197500009089708,0.0184499993920326,0.050450000911951,0.0461499989032745,0.0336499996483325,0.017799999564886,0.0230500008910894,0.0297999996691942,0.0443999990820884,0.0232500005513429
1.62943239065947,0.0197500009089708,0.0184499993920326,0.050450000911951,0.0461499989032745,0.0336499996483325,0.017799999564886,0.0230500008910894,0.0297999996691942,0.0443999990820884,0.0232500005513429
1.62943239065947,0.0197500009089708,0.0184499993920326,0.050450000911951,0.0461499989032745,0.0336499996483325,0.017799999564886,0.0230500008910894,0.0297999996691942,0.0443999990820884,0.0232500005513429
1.62943239065947,0.0197500009089708,0.0184499993920326,0.050450000911951,0.0461499989032745,0.0336499996483325,0.017799999564886,0.0230500008910894,0.0297999996691942,0.0443999990820884,0.0232500005513429
1.62943239065947,0.0197500009089708,0.0184499993920326,0.050450000911951,0.0461499989032745,0.0336499996483325,0.017799999564886,0.0230500008910894,0.0297999996691942,0.0443999990820884,0.0232500005513429
1.9022544797497,0.0197500009089708,0.0184499993920326,0.050450000911951,0.0461499989032745,0.0336499996483325,0.017799999564886,0.0230500008910894,0.0297999996691942,0.0443999990820884,0.0232500005513429
1.9022544797497,0.0197500009089708,0.0184499993920326,0.050450000911951,0.0461499989032745,0.0336499996483325,0.017799999564886,0.0230500008910894,0.0297999996691942,0.0443999990820884,0.0232500005513429
1.9022544797497,0.0197500009089708,0.0184499993920326,0.050450000911951,0.0461499989032745,0.0336499996483325,0.017799999564886,0.0230500008910894,0.0297999996691942,0.0443999990820884,0.0232500005513429
1.9022544797497,0.0197500009089708,0.0184499993920326,0.050450000911951,0.0461499989032745,0.0336499996483325,0.017799999564886,0.0230500008910894,0.0297999996691942,0.0443999990820884,0.0232500005513429
1.9022544797497,0.0197500009089708,0.0184499993920326,0.050450000911951,0.0461499989032745,0.0336499996483325,0.017799999564886,0.0230500008910894,0.0297999996691942,0.0443999990820884,0.0232500005513429
1.9022544797497,0.0197500009089708,0.0184499993920326,0.050450000911951,0.0461499989032745,0.0336499996483325,0.017799999564886,0.0230500008910894,0.0297999996691942,0.0443999990820884,0.0232500005513429
1.9022544797497,0.0197500009089708,0.0184499993920326,0.050450000911951,0.0461499989032745,0.0336499996483325,0.017799999564886,0.0230500008910894,0.0297999996691942,0.0443999990820884,0.0232500005513429
1.9022544797497,0.0197500009089708,0.0184499993920326,0.050450000911951,0.0461499989032745,0.0336499996483325,0.017799999564886,0.0230500008910894,0.0297999996691942,0.0443999990820884,0.0232500005513429
2.0206135713594,0.0197500009089708,0.0184499993920326,0.050450000911951,0.0461499989032745,0.0336499996483325,0.017799999564886,0.0230500008910894,0.0297999996691942,0.0443999990820884,0.0232500005513429
2.0206135713594,0.0197500009089708,0.0184499993920326,0.050450000911951,0.0461499989032745,0.0336499996483325,0.017799999564886,0.0230500008910894,0.0297999996691942,0.0443999990820884,0.0232500005513429
2.0206135713594,0.0197500009089708,0.0184499993920326,0.050450000911951,0.0461499989032745,0.0336499996483325,0.017799999564886,0.0230500008910894,0.0297999996691942,0.0443999990820884,0.0232500005513429
2.0206135713594,0.0197500009089708,0.0184499993920326,0.050450000911951,0.0461499989032745,0.0336499996483325,0.017799999564886,0.0230500008910894,0.0297999996691942,0.0443999990820884,0.0232500005513429
2.0206135713594,0.0197500009089708,0.0184499993920326,0.050450000911951,0.0461499989032745,0.0336499996483325,0.017799999564886,0.0230500008910894,0.0297999996691942,0.0443999990820884,0.0232500005513429
2.0206135713594,0.0197500009089708,0.0184499993920326,0.050450000911951,0.0461499989032745,0.0336499996483325,0.017799999564886,0.0230500008910894,0.0297999996691942,0.0443999990820884,0.0232500005513429
2.0206135713594,0.0197500009089708,0.0184499993920326,0.050450000911951,0.0461499989032745,0.0336499996483325,0.017799999564886,0.0230500008910894,0.0297999996691942,0.0443999990820884,0.0232500005513429
2.0206135713594,0.0197500009089708,0.0184499993920326,0.050450000911951,0.0461499989032745,0.0336499996483325,0.017799999564886,0.0230500008910894,0.0297999996691942,0.0443999990820884,0.0232500005513429
2.62123875186811,0.0197500009089708,0.0184499993920326,0.050450000911951,0.0461499989032745,0.0336499996483325,0.017799999564886,0.0230500008910894,0.0297999996691942,0.0443999990820884,0.0232500005513429
2.62123875186811,0.0197500009089708,0.0184499993920326,0.050450000911951,0.0461499989032745,0.0336499996483325,0.017799999564886,0.0230500008910894,0.0297999996691942,0.0443999990820884,0.0232500005513429
2.62123875186811,0.0197500009089708,0.0184499993920326,0.050450000911951,0.0461499989032745,0.0336499996483325,0.017799999564886,0.0230500008910894,0.0297999996691942,0.0443999990820884,0.0232500005513429
2.62123875186811,0.0197500009089708,0.0184499993920326,0.050450000911951,0.0461499989032745,0.0336499996483325,0.017799999564886,0.0230500008910894,0.0297999996691942,0.0443999990820884,0.0232500005513429
2.62123875186811,0.0197500009089708,0.0184499993920326,0.050450000911951,0.0461499989032745,0.0336499996483325,0.017799999564886,0.0230500008910894,0.0297999996691942,0.0443999990820884,0.0232500005513429
2.62123875186811,0.0197500009089708,0.0184499993920326,0.050450000911951,0.0461499989032745,0.0336499996483325,0.017799999564886,0.0230500008910894,0.0297999996691942,0.0443999990820884,0.0232500005513429
2.62123875186811,0.0197500009089708,0.0184499993920326,0.050450000911951,0.0461499989032745,0.0336499996483325,0.017799999564886,0.0230500008910894,0.0297999996691942,0.0443999990820884,0.0232500005513429
2.62123875186811,0.0197500009089708,0.0184499993920326,0.050450000911951,0.0461499989032745,0.0336499996483325,0.017799999564886,0.0230500008910894,0.0297999996691942,0.0443999990820884,0.0232500005513429
1.79479707105919,0.0260000005364418,0.0217000003904104,0.068800002336502,0.0846500024199485,0.0585500001907348,0.0367499999701976,0.0275999996811151,0.0267999991774559,0.0436000004410743,0.0262499991804361
1.79479707105919,0.0260000005364418,0.0217000003904104,0.068800002336502,0.0846500024199485,0.0585500001907348,0.0367499999701976,0.0275999996811151,0.0267999991774559,0.0436000004410743,0.0262499991804361
1.79479707105919,0.0260000005364418,0.0217000003904104,0.068800002336502,0.0846500024199485,0.0585500001907348,0.0367499999701976,0.0275999996811151,0.0267999991774559,0.0436000004410743,0.0262499991804361
1.79479707105919,0.0260000005364418,0.0217000003904104,0.068800002336502,0.0846500024199485,0.0585500001907348,0.0367499999701976,0.0275999996811151,0.0267999991774559,0.0436000004410743,0.0262499991804361
1.79479707105919,0.0260000005364418,0.0217000003904104,0.068800002336502,0.0846500024199485,0.0585500001907348,0.0367499999701976,0.0275999996811151,0.0267999991774559,0.0436000004410743,0.0262499991804361
1.79479707105919,0.0260000005364418,0.0217000003904104,0.068800002336502,0.0846500024199485,0.0585500001907348,0.0367499999701976,0.0275999996811151,0.0267999991774559,0.0436000004410743,0.0262499991804361
1.79479707105919,0.0260000005364418,0.0217000003904104,0.068800002336502,0.0846500024199485,0.0585500001907348,0.0367499999701976,0.0275999996811151,0.0267999991774559,0.0436000004410743,0.0262499991804361
1.79479707105919,0.0260000005364418,0.0217000003904104,0.068800002336502,0.0846500024199485,0.0585500001907348,0.0367499999701976,0.0275999996811151,0.0267999991774559,0.0436000004410743,0.0262499991804361
1.88791261013487,0.0260000005364418,0.0217000003904104,0.068800002336502,0.0846500024199485,0.0585500001907348,0.0367499999701976,0.0275999996811151,0.0267999991774559,0.0436000004410743,0.0262499991804361
1.88791261013487,0.0260000005364418,0.0217000003904104,0.068800002336502,0.0846500024199485,0.0585500001907348,0.0367499999701976,0.0275999996811151,0.0267999991774559,0.0436000004410743,0.0262499991804361
1.88791261013487,0.0260000005364418,0.0217000003904104,0.068800002336502,0.0846500024199485,0.0585500001907348,0.0367499999701976,0.0275999996811151,0.0267999991774559,0.0436000004410743,0.0262499991804361
1.88791261013487,0.0260000005364418,0.0217000003904104,0.068800002336502,0.0846500024199485,0.0585500001907348,0.0367499999701976,0.0275999996811151,0.0267999991774559,0.0436000004410743,0.0262499991804361
1.88791261013487,0.0260000005364418,0.0217000003904104,0.068800002336502,0.0846500024199485,0.0585500001907348,0.0367499999701976,0.0275999996811151,0.0267999991774559,0.0436000004410743,0.0262499991804361
1.88791261013487,0.0260000005364418,0.0217000003904104,0.068800002336502,0.0846500024199485,0.0585500001907348,0.0367499999701976,0.0275999996811151,0.0267999991774559,0.0436000004410743,0.0262499991804361
1.88791261013487,0.0260000005364418,0.0217000003904104,0.068800002336502,0.0846500024199485,0.0585500001907348,0.0367499999701976,0.0275999996811151,0.0267999991774559,0.0436000004410743,0.0262499991804361
1.88791261013487,0.0260000005364418,0.0217000003904104,0.068800002336502,0.0846500024199485,0.0585500001907348,0.0367499999701976,0.0275999996811151,0.0267999991774559,0.0436000004410743,0.0262499991804361
1.56565193396606,0.0309999994933605,0.025000000372529,0.045899998396635,0.0520999990403652,0.0348999984562397,0.0322999991476535,0.0370999984443187,0.0443999990820884,0.0494999997317791,0.0386999994516372
2.2224099604789,0.0309999994933605,0.025000000372529,0.045899998396635,0.0520999990403652,0.0348999984562397,0.0322999991476535,0.0370999984443187,0.0443999990820884,0.0494999997317791,0.0386999994516372
2.2224099604789,0.0309999994933605,0.025000000372529,0.045899998396635,0.0520999990403652,0.0348999984562397,0.0322999991476535,0.0370999984443187,0.0443999990820884,0.0494999997317791,0.0386999994516372
2.2224099604789,0.0309999994933605,0.025000000372529,0.045899998396635,0.0520999990403652,0.0348999984562397,0.0322999991476535,0.0370999984443187,0.0443999990820884,0.0494999997317791,0.0386999994516372
2.2224099604789,0.0309999994933605,0.025000000372529,0.045899998396635,0.0520999990403652,0.0348999984562397,0.0322999991476535,0.0370999984443187,0.0443999990820884,0.0494999997317791,0.0386999994516372
2.2224099604789,0.0309999994933605,0.025000000372529,0.045899998396635,0.0520999990403652,0.0348999984562397,0.0322999991476535,0.0370999984443187,0.0443999990820884,0.0494999997317791,0.0386999994516372
2.2224099604789,0.0309999994933605,0.025000000372529,0.045899998396635,0.0520999990403652,0.0348999984562397,0.0322999991476535,0.0370999984443187,0.0443999990820884,0.0494999997317791,0.0386999994516372
2.2224099604789,0.0309999994933605,0.025000000372529,0.045899998396635,0.0520999990403652,0.0348999984562397,0.0322999991476535,0.0370999984443187,0.0443999990820884,0.0494999997317791,0.0386999994516372
2.2224099604789,0.0309999994933605,0.025000000372529,0.045899998396635,0.0520999990403652,0.0348999984562397,0.0322999991476535,0.0370999984443187,0.0443999990820884,0.0494999997317791,0.0386999994516372
1.75790865216961,0.0309999994933605,0.025000000372529,0.045899998396635,0.0520999990403652,0.0348999984562397,0.0322999991476535,0.0370999984443187,0.0443999990820884,0.0494999997317791,0.0386999994516372
1.75790865216961,0.0309999994933605,0.025000000372529,0.045899998396635,0.0520999990403652,0.0348999984562397,0.0322999991476535,0.0370999984443187,0.0443999990820884,0.0494999997317791,0.0386999994516372
1.75790865216961,0.0309999994933605,0.025000000372529,0.045899998396635,0.0520999990403652,0.0348999984562397,0.0322999991476535,0.0370999984443187,0.0443999990820884,0.0494999997317791,0.0386999994516372
1.75790865216961,0.0309999994933605,0.025000000372529,0.045899998396635,0.0520999990403652,0.0348999984562397,0.0322999991476535,0.0370999984443187,0.0443999990820884,0.0494999997317791,0.0386999994516372
1.75790865216961,0.0309999994933605,0.025000000372529,0.045899998396635,0.0520999990403652,0.0348999984562397,0.0322999991476535,0.0370999984443187,0.0443999990820884,0.0494999997317791,0.0386999994516372
1.75790865216961,0.0309999994933605,0.025000000372529,0.045899998396635,0.0520999990403652,0.0348999984562397,0.0322999991476535,0.0370999984443187,0.0443999990820884,0.0494999997317791,0.0386999994516372
1.75790865216961,0.0309999994933605,0.025000000372529,0.045899998396635,0.0520999990403652,0.0348999984562397,0.0322999991476535,0.0370999984443187,0.0443999990820884,0.0494999997317791,0.0386999994516372
1.75790865216961,0.0309999994933605,0.025000000372529,0.045899998396635,0.0520999990403652,0.0348999984562397,0.0322999991476535,0.0370999984443187,0.0443999990820884,0.0494999997317791,0.0386999994516372
1.49284409968962,0.036200001835823,0.0337999984622001,0.1125999987125396,0.1058000028133392,0.0803499966859817,0.0538999997079372,0.0397999994456768,0.0417499989271163,0.0764499977231025,0.0390999987721443
1.21269683090202,0.036200001835823,0.0337999984622001,0.1125999987125396,0.1058000028133392,0.0803499966859817,0.0538999997079372,0.0397999994456768,0.0417499989271163,0.0764499977231025,0.0390999987721443
1.21269683090202,0.036200001835823,0.0337999984622001,0.1125999987125396,0.1058000028133392,0.0803499966859817,0.0538999997079372,0.0397999994456768,0.0417499989271163,0.0764499977231025,0.0390999987721443
1.21269683090202,0.036200001835823,0.0337999984622001,0.1125999987125396,0.1058000028133392,0.0803499966859817,0.0538999997079372,0.0397999994456768,0.0417499989271163,0.0764499977231025,0.0390999987721443
1.21269683090202,0.036200001835823,0.0337999984622001,0.1125999987125396,0.1058000028133392,0.0803499966859817,0.0538999997079372,0.0397999994456768,0.0417499989271163,0.0764499977231025,0.0390999987721443
1.21269683090202,0.036200001835823,0.0337999984622001,0.1125999987125396,0.1058000028133392,0.0803499966859817,0.0538999997079372,0.0397999994456768,0.0417499989271163,0.0764499977231025,0.0390999987721443
1.21269683090202,0.036200001835823,0.0337999984622001,0.1125999987125396,0.1058000028133392,0.0803499966859817,0.0538999997079372,0.0397999994456768,0.0417499989271163,0.0764499977231025,0.0390999987721443
1.21269683090202,0.036200001835823,0.0337999984622001,0.1125999987125396,0.1058000028133392,0.0803499966859817,0.0538999997079372,0.0397999994456768,0.0417499989271163,0.0764499977231025,0.0390999987721443
1.21269683090202,0.036200001835823,0.0337999984622001,0.1125999987125396,0.1058000028133392,0.0803499966859817,0.0538999997079372,0.0397999994456768,0.0417499989271163,0.0764499977231025,0.0390999987721443
1.21486288277449,0.036200001835823,0.0337999984622001,0.1125999987125396,0.1058000028133392,0.0803499966859817,0.0538999997079372,0.0397999994456768,0.0417499989271163,0.0764499977231025,0.0390999987721443
1.21486288277449,0.036200001835823,0.0337999984622001,0.1125999987125396,0.1058000028133392,0.0803499966859817,0.0538999997079372,0.0397999994456768,0.0417499989271163,0.0764499977231025,0.0390999987721443
1.21486288277449,0.036200001835823,0.0337999984622001,0.1125999987125396,0.1058000028133392,0.0803499966859817,0.0538999997079372,0.0397999994456768,0.0417499989271163,0.0764499977231025,0.0390999987721443
1.21486288277449,0.036200001835823,0.0337999984622001,0.1125999987125396,0.1058000028133392,0.0803499966859817,0.0538999997079372,0.0397999994456768,0.0417499989271163,0.0764499977231025,0.0390999987721443
1.21486288277449,0.036200001835823,0.0337999984622001,0.1125999987125396,0.1058000028133392,0.0803499966859817,0.0538999997079372,0.0397999994456768,0.0417499989271163,0.0764499977231025,0.0390999987721443
1.21486288277449,0.036200001835823,0.0337999984622001,0.1125999987125396,0.1058000028133392,0.0803499966859817,0.0538999997079372,0.0397999994456768,0.0417499989271163,0.0764499977231025,0.0390999987721443
1.21486288277449,0.036200001835823,0.0337999984622001,0.1125999987125396,0.1058000028133392,0.0803499966859817,0.0538999997079372,0.0397999994456768,0.0417499989271163,0.0764499977231025,0.0390999987721443
1.21486288277449,0.036200001835823,0.0337999984622001,0.1125999987125396,0.1058000028133392,0.0803499966859817,0.0538999997079372,0.0397999994456768,0.0417499989271163,0.0764499977231025,0.0390999987721443
0.4,0.0027999999001622,0.0027999999001622,0.0441999994218349,0.0478999987244606,0.0071000000461936,0.0035999999381601,0.0003999999898951,0.0015999999595806,0.0023000000510364,0.0010999999940395
0.4,0.0027999999001622,0.0027999999001622,0.0441999994218349,0.0478999987244606,0.0071000000461936,0.0035999999381601,0.0003999999898951,0.0015999999595806,0.0023000000510364,0.0010999999940395
0.4,0.0027999999001622,0.0027999999001622,0.0441999994218349,0.0478999987244606,0.0071000000461936,0.0035999999381601,0.0003999999898951,0.0015999999595806,0.0023000000510364,0.0010999999940395
0.4,0.0027999999001622,0.0027999999001622,0.0441999994218349,0.0478999987244606,0.0071000000461936,0.0035999999381601,0.0003999999898951,0.0015999999595806,0.0023000000510364,0.0010999999940395
0.4,0.0027999999001622,0.0027999999001622,0.0441999994218349,0.0478999987244606,0.0071000000461936,0.0035999999381601,0.0003999999898951,0.0015999999595806,0.0023000000510364,0.0010999999940395
0.4,0.0027999999001622,0.0027999999001622,0.0441999994218349,0.0478999987244606,0.0071000000461936,0.0035999999381601,0.0003999999898951,0.0015999999595806,0.0023000000510364,0.0010999999940395
0.4,0.0027999999001622,0.0027999999001622,0.0441999994218349,0.0478999987244606,0.0071000000461936,0.0035999999381601,0.0003999999898951,0.0015999999595806,0.0023000000510364,0.0010999999940395
0.4,0.0027999999001622,0.0027999999001622,0.0441999994218349,0.0478999987244606,0.0071000000461936,0.0035999999381601,0.0003999999898951,0.0015999999595806,0.0023000000510364,0.0010999999940395
1.3,0.0013999999500811,0.0024000001139938,0.0286999996751546,0.0232999995350837,0.0038999998942017,0.0020000000949949,9.999999747378752e-05,0.0006999999750405,0.0015999999595806,0.0007999999797903
1.3,0.0013999999500811,0.0024000001139938,0.0286999996751546,0.0232999995350837,0.0038999998942017,0.0020000000949949,9.999999747378752e-05,0.0006999999750405,0.0015999999595806,0.0007999999797903
1.3,0.0013999999500811,0.0024000001139938,0.0286999996751546,0.0232999995350837,0.0038999998942017,0.0020000000949949,9.999999747378752e-05,0.0006999999750405,0.0015999999595806,0.0007999999797903
1.3,0.0013999999500811,0.0024000001139938,0.0286999996751546,0.0232999995350837,0.0038999998942017,0.0020000000949949,9.999999747378752e-05,0.0006999999750405,0.0015999999595806,0.0007999999797903
1.3,0.0013999999500811,0.0024000001139938,0.0286999996751546,0.0232999995350837,0.0038999998942017,0.0020000000949949,9.999999747378752e-05,0.0006999999750405,0.0015999999595806,0.0007999999797903
1.3,0.0013999999500811,0.0024000001139938,0.0286999996751546,0.0232999995350837,0.0038999998942017,0.0020000000949949,9.999999747378752e-05,0.0006999999750405,0.0015999999595806,0.0007999999797903
1.3,0.0013999999500811,0.0024000001139938,0.0286999996751546,0.0232999995350837,0.0038999998942017,0.0020000000949949,9.999999747378752e-05,0.0006999999750405,0.0015999999595806,0.0007999999797903
1.3,0.0013999999500811,0.0024000001139938,0.0286999996751546,0.0232999995350837,0.0038999998942017,0.0020000000949949,9.999999747378752e-05,0.0006999999750405,0.0015999999595806,0.0007999999797903
1.3,0.0013999999500811,0.0024000001139938,0.0286999996751546,0.0232999995350837,0.0038999998942017,0.0020000000949949,9.999999747378752e-05,0.0006999999750405,0.0015999999595806,0.0007999999797903
1.3,0.0013999999500811,0.0024000001139938,0.0286999996751546,0.0232999995350837,0.0038999998942017,0.0020000000949949,9.999999747378752e-05,0.0006999999750405,0.0015999999595806,0.0007999999797903
1.3,0.0013999999500811,0.0024000001139938,0.0286999996751546,0.0232999995350837,0.0038999998942017,0.0020000000949949,9.999999747378752e-05,0.0006999999750405,0.0015999999595806,0.0007999999797903
1.3,0.0013999999500811,0.0024000001139938,0.0286999996751546,0.0232999995350837,0.0038999998942017,0.0020000000949949,9.999999747378752e-05,0.0006999999750405,0.0015999999595806,0.0007999999797903
1.3,0.0013999999500811,0.0024000001139938,0.0286999996751546,0.0232999995350837,0.0038999998942017,0.0020000000949949,9.999999747378752e-05,0.0006999999750405,0.0015999999595806,0.0007999999797903
1.3,0.0013999999500811,0.0024000001139938,0.0286999996751546,0.0232999995350837,0.0038999998942017,0.0020000000949949,9.999999747378752e-05,0.0006999999750405,0.0015999999595806,0.0007999999797903
1.3,0.0013999999500811,0.0024000001139938,0.0286999996751546,0.0232999995350837,0.0038999998942017,0.0020000000949949,9.999999747378752e-05,0.0006999999750405,0.0015999999595806,0.0007999999797903
1.3,0.0013999999500811,0.0024000001139938,0.0286999996751546,0.0232999995350837,0.0038999998942017,0.0020000000949949,9.999999747378752e-05,0.0006999999750405,0.0015999999595806,0.0007999999797903
1.3,0.0013999999500811,0.0024000001139938,0.0286999996751546,0.0232999995350837,0.0038999998942017,0.0020000000949949,9.999999747378752e-05,0.0006999999750405,0.0015999999595806,0.0007999999797903
1.3,0.0013999999500811,0.0024000001139938,0.0286999996751546,0.0232999995350837,0.0038999998942017,0.0020000000949949,9.999999747378752e-05,0.0006999999750405,0.0015999999595806,0.0007999999797903
1.3,0.0013999999500811,0.0024000001139938,0.0286999996751546,0.0232999995350837,0.0038999998942017,0.0020000000949949,9.999999747378752e-05,0.0006999999750405,0.0015999999595806,0.0007999999797903
1.3,0.0013999999500811,0.0024000001139938,0.0286999996751546,0.0232999995350837,0.0038999998942017,0.0020000000949949,9.999999747378752e-05,0.0006999999750405,0.0015999999595806,0.0007999999797903
1.3,0.0013999999500811,0.0024000001139938,0.0286999996751546,0.0232999995350837,0.0038999998942017,0.0020000000949949,9.999999747378752e-05,0.0006999999750405,0.0015999999595806,0.0007999999797903
1.3,0.0013999999500811,0.0024000001139938,0.0286999996751546,0.0232999995350837,0.0038999998942017,0.0020000000949949,9.999999747378752e-05,0.0006999999750405,0.0015999999595806,0.0007999999797903
1.3,0.0013999999500811,0.0024000001139938,0.0286999996751546,0.0232999995350837,0.0038999998942017,0.0020000000949949,9.999999747378752e-05,0.0006999999750405,0.0015999999595806,0.0007999999797903
1.3,0.0013999999500811,0.0024000001139938,0.0286999996751546,0.0232999995350837,0.0038999998942017,0.0020000000949949,9.999999747378752e-05,0.0006999999750405,0.0015999999595806,0.0007999999797903
1.3,0.0013999999500811,0.0024000001139938,0.0286999996751546,0.0232999995350837,0.0038999998942017,0.0020000000949949,9.999999747378752e-05,0.0006999999750405,0.0015999999595806,0.0007999999797903
1.3,0.0013999999500811,0.0024000001139938,0.0286999996751546,0.0232999995350837,0.0038999998942017,0.0020000000949949,9.999999747378752e-05,0.0006999999750405,0.0015999999595806,0.0007999999797903
1.3,0.0013999999500811,0.0024000001139938,0.0286999996751546,0.0232999995350837,0.0038999998942017,0.0020000000949949,9.999999747378752e-05,0.0006999999750405,0.0015999999595806,0.0007999999797903
1.3,0.00179999996908,0.001700000022538,0.0285999998450279,0.0200999993830919,0.0023000000510364,0.0032999999821186,0.001700000022538,0.002600000007078,0.0020999999251216,0.00089999998454
1.3,0.00179999996908,0.001700000022538,0.0285999998450279,0.0200999993830919,0.0023000000510364,0.0032999999821186,0.001700000022538,0.002600000007078,0.0020999999251216,0.00089999998454
1.3,0.00179999996908,0.001700000022538,0.0285999998450279,0.0200999993830919,0.0023000000510364,0.0032999999821186,0.001700000022538,0.002600000007078,0.0020999999251216,0.00089999998454
1.3,0.00179999996908,0.001700000022538,0.0285999998450279,0.0200999993830919,0.0023000000510364,0.0032999999821186,0.001700000022538,0.002600000007078,0.0020999999251216,0.00089999998454
1.3,0.00179999996908,0.001700000022538,0.0285999998450279,0.0200999993830919,0.0023000000510364,0.0032999999821186,0.001700000022538,0.002600000007078,0.0020999999251216,0.00089999998454
1.3,0.00179999996908,0.001700000022538,0.0285999998450279,0.0200999993830919,0.0023000000510364,0.0032999999821186,0.001700000022538,0.002600000007078,0.0020999999251216,0.00089999998454
1.3,0.00179999996908,0.001700000022538,0.0285999998450279,0.0200999993830919,0.0023000000510364,0.0032999999821186,0.001700000022538,0.002600000007078,0.0020999999251216,0.00089999998454
1.3,0.00179999996908,0.001700000022538,0.0285999998450279,0.0200999993830919,0.0023000000510364,0.0032999999821186,0.001700000022538,0.002600000007078,0.0020999999251216,0.00089999998454
0.572713333333333,0.0085000004619359,0.0076000001281499,0.0340000018477439,0.0304000005125999,0.0110999997705221,0.0131000000983476,0.0146000003442168,0.0138999996706843,0.0120000001043081,0.0124000003561377
1.42960666666667,0.0001999999949475,0.00089999998454,0.0342999994754791,0.0324000008404254,0.0048000002279877,0.0020999999251216,0.00179999996908,0.0023000000510364,0.0035000001080334,0.00089999998454
1.29219333333333,0.00179999996908,0.001700000022538,0.0285999998450279,0.0200999993830919,0.0023000000510364,0.0032999999821186,0.001700000022538,0.002600000007078,0.0020999999251216,0.00089999998454
1.29219333333333,0.00179999996908,0.001700000022538,0.0285999998450279,0.0200999993830919,0.0023000000510364,0.0032999999821186,0.001700000022538,0.002600000007078,0.0020999999251216,0.00089999998454
1.29219333333333,0.00179999996908,0.001700000022538,0.0285999998450279,0.0200999993830919,0.0023000000510364,0.0032999999821186,0.001700000022538,0.002600000007078,0.0020999999251216,0.00089999998454
1.29219333333333,0.00179999996908,0.001700000022538,0.0285999998450279,0.0200999993830919,0.0023000000510364,0.0032999999821186,0.001700000022538,0.002600000007078,0.0020999999251216,0.00089999998454
1.29219333333333,0.00179999996908,0.001700000022538,0.0285999998450279,0.0200999993830919,0.0023000000510364,0.0032999999821186,0.001700000022538,0.002600000007078,0.0020999999251216,0.00089999998454
1.29219333333333,0.00179999996908,0.001700000022538,0.0285999998450279,0.0200999993830919,0.0023000000510364,0.0032999999821186,0.001700000022538,0.002600000007078,0.0020999999251216,0.00089999998454
1.29219333333333,0.00179999996908,0.001700000022538,0.0285999998450279,0.0200999993830919,0.0023000000510364,0.0032999999821186,0.001700000022538,0.002600000007078,0.0020999999251216,0.00089999998454
1.29219333333333,0.00179999996908,0.001700000022538,0.0285999998450279,0.0200999993830919,0.0023000000510364,0.0032999999821186,0.001700000022538,0.002600000007078,0.0020999999251216,0.00089999998454
1.30454666666667,0.0013999999500811,0.0024000001139938,0.0286999996751546,0.0232999995350837,0.0038999998942017,0.0020000000949949,9.999999747378752e-05,0.0006999999750405,0.0015999999595806,0.0007999999797903
1.30454666666667,0.0013999999500811,0.0024000001139938,0.0286999996751546,0.0232999995350837,0.0038999998942017,0.0020000000949949,9.999999747378752e-05,0.0006999999750405,0.0015999999595806,0.0007999999797903
1.30454666666667,0.0013999999500811,0.0024000001139938,0.0286999996751546,0.0232999995350837,0.0038999998942017,0.0020000000949949,9.999999747378752e-05,0.0006999999750405,0.0015999999595806,0.0007999999797903
1.30454666666667,0.0013999999500811,0.0024000001139938,0.0286999996751546,0.0232999995350837,0.0038999998942017,0.0020000000949949,9.999999747378752e-05,0.0006999999750405,0.0015999999595806,0.0007999999797903
1.30454666666667,0.0013999999500811,0.0024000001139938,0.0286999996751546,0.0232999995350837,0.0038999998942017,0.0020000000949949,9.999999747378752e-05,0.0006999999750405,0.0015999999595806,0.0007999999797903
1.30454666666667,0.0013999999500811,0.0024000001139938,0.0286999996751546,0.0232999995350837,0.0038999998942017,0.0020000000949949,9.999999747378752e-05,0.0006999999750405,0.0015999999595806,0.0007999999797903
1.30454666666667,0.0013999999500811,0.0024000001139938,0.0286999996751546,0.0232999995350837,0.0038999998942017,0.0020000000949949,9.999999747378752e-05,0.0006999999750405,0.0015999999595806,0.0007999999797903
1.30454666666667,0.0013999999500811,0.0024000001139938,0.0286999996751546,0.0232999995350837,0.0038999998942017,0.0020000000949949,9.999999747378752e-05,0.0006999999750405,0.0015999999595806,0.0007999999797903
1.30454666666667,0.0013999999500811,0.0024000001139938,0.0286999996751546,0.0232999995350837,0.0038999998942017,0.0020000000949949,9.999999747378752e-05,0.0006999999750405,0.0015999999595806,0.0007999999797903
1.30454666666667,0.0013999999500811,0.0024000001139938,0.0286999996751546,0.0232999995350837,0.0038999998942017,0.0020000000949949,9.999999747378752e-05,0.0006999999750405,0.0015999999595806,0.0007999999797903
1.30454666666667,0.0013999999500811,0.0024000001139938,0.0286999996751546,0.0232999995350837,0.0038999998942017,0.0020000000949949,9.999999747378752e-05,0.0006999999750405,0.0015999999595806,0.0007999999797903
1.30454666666667,0.0013999999500811,0.0024000001139938,0.0286999996751546,0.0232999995350837,0.0038999998942017,0.0020000000949949,9.999999747378752e-05,0.0006999999750405,0.0015999999595806,0.0007999999797903
1.30454666666667,0.0013999999500811,0.0024000001139938,0.0286999996751546,0.0232999995350837,0.0038999998942017,0.0020000000949949,9.999999747378752e-05,0.0006999999750405,0.0015999999595806,0.0007999999797903
1.30454666666667,0.0013999999500811,0.0024000001139938,0.0286999996751546,0.0232999995350837,0.0038999998942017,0.0020000000949949,9.999999747378752e-05,0.0006999999750405,0.0015999999595806,0.0007999999797903
1.30454666666667,0.0013999999500811,0.0024000001139938,0.0286999996751546,0.0232999995350837,0.0038999998942017,0.0020000000949949,9.999999747378752e-05,0.0006999999750405,0.0015999999595806,0.0007999999797903
1.30454666666667,0.0013999999500811,0.0024000001139938,0.0286999996751546,0.0232999995350837,0.0038999998942017,0.0020000000949949,9.999999747378752e-05,0.0006999999750405,0.0015999999595806,0.0007999999797903
1.30454666666667,0.0013999999500811,0.0024000001139938,0.0286999996751546,0.0232999995350837,0.0038999998942017,0.0020000000949949,9.999999747378752e-05,0.0006999999750405,0.0015999999595806,0.0007999999797903
1.30454666666667,0.0013999999500811,0.0024000001139938,0.0286999996751546,0.0232999995350837,0.0038999998942017,0.0020000000949949,9.999999747378752e-05,0.0006999999750405,0.0015999999595806,0.0007999999797903
1.30454666666667,0.0013999999500811,0.0024000001139938,0.0286999996751546,0.0232999995350837,0.0038999998942017,0.0020000000949949,9.999999747378752e-05,0.0006999999750405,0.0015999999595806,0.0007999999797903
1.30454666666667,0.0013999999500811,0.0024000001139938,0.0286999996751546,0.0232999995350837,0.0038999998942017,0.0020000000949949,9.999999747378752e-05,0.0006999999750405,0.0015999999595806,0.0007999999797903
1.30454666666667,0.0013999999500811,0.0024000001139938,0.0286999996751546,0.0232999995350837,0.0038999998942017,0.0020000000949949,9.999999747378752e-05,0.0006999999750405,0.0015999999595806,0.0007999999797903
1.30454666666667,0.0013999999500811,0.0024000001139938,0.0286999996751546,0.0232999995350837,0.0038999998942017,0.0020000000949949,9.999999747378752e-05,0.0006999999750405,0.0015999999595806,0.0007999999797903
1.30454666666667,0.0013999999500811,0.0024000001139938,0.0286999996751546,0.0232999995350837,0.0038999998942017,0.0020000000949949,9.999999747378752e-05,0.0006999999750405,0.0015999999595806,0.0007999999797903
1.30454666666667,0.0013999999500811,0.0024000001139938,0.0286999996751546,0.0232999995350837,0.0038999998942017,0.0020000000949949,9.999999747378752e-05,0.0006999999750405,0.0015999999595806,0.0007999999797903
1.30454666666667,0.0013999999500811,0.0024000001139938,0.0286999996751546,0.0232999995350837,0.0038999998942017,0.0020000000949949,9.999999747378752e-05,0.0006999999750405,0.0015999999595806,0.0007999999797903
1.30454666666667,0.0013999999500811,0.0024000001139938,0.0286999996751546,0.0232999995350837,0.0038999998942017,0.0020000000949949,9.999999747378752e-05,0.0006999999750405,0.0015999999595806,0.0007999999797903
1.30454666666667,0.0013999999500811,0.0024000001139938,0.0286999996751546,0.0232999995350837,0.0038999998942017,0.0020000000949949,9.999999747378752e-05,0.0006999999750405,0.0015999999595806,0.0007999999797903
1.30454666666667,0.0013999999500811,0.0024000001139938,0.0286999996751546,0.0232999995350837,0.0038999998942017,0.0020000000949949,9.999999747378752e-05,0.0006999999750405,0.0015999999595806,0.0007999999797903
1.30454666666667,0.0013999999500811,0.0024000001139938,0.0286999996751546,0.0232999995350837,0.0038999998942017,0.0020000000949949,9.999999747378752e-05,0.0006999999750405,0.0015999999595806,0.0007999999797903
1.30454666666667,0.0013999999500811,0.0024000001139938,0.0286999996751546,0.0232999995350837,0.0038999998942017,0.0020000000949949,9.999999747378752e-05,0.0006999999750405,0.0015999999595806,0.0007999999797903
1.30454666666667,0.0013999999500811,0.0024000001139938,0.0286999996751546,0.0232999995350837,0.0038999998942017,0.0020000000949949,9.999999747378752e-05,0.0006999999750405,0.0015999999595806,0.0007999999797903
1.30454666666667,0.0013999999500811,0.0024000001139938,0.0286999996751546,0.0232999995350837,0.0038999998942017,0.0020000000949949,9.999999747378752e-05,0.0006999999750405,0.0015999999595806,0.0007999999797903
1.30454666666667,0.0013999999500811,0.0024000001139938,0.0286999996751546,0.0232999995350837,0.0038999998942017,0.0020000000949949,9.999999747378752e-05,0.0006999999750405,0.0015999999595806,0.0007999999797903
1.30454666666667,0.0013999999500811,0.0024000001139938,0.0286999996751546,0.0232999995350837,0.0038999998942017,0.0020000000949949,9.999999747378752e-05,0.0006999999750405,0.0015999999595806,0.0007999999797903
1.30454666666667,0.0013999999500811,0.0024000001139938,0.0286999996751546,0.0232999995350837,0.0038999998942017,0.0020000000949949,9.999999747378752e-05,0.0006999999750405,0.0015999999595806,0.0007999999797903
1.30454666666667,0.0013999999500811,0.0024000001139938,0.0286999996751546,0.0232999995350837,0.0038999998942017,0.0020000000949949,9.999999747378752e-05,0.0006999999750405,0.0015999999595806,0.0007999999797903
1.30454666666667,0.0013999999500811,0.0024000001139938,0.0286999996751546,0.0232999995350837,0.0038999998942017,0.0020000000949949,9.999999747378752e-05,0.0006999999750405,0.0015999999595806,0.0007999999797903
1.30454666666667,0.0013999999500811,0.0024000001139938,0.0286999996751546,0.0232999995350837,0.0038999998942017,0.0020000000949949,9.999999747378752e-05,0.0006999999750405,0.0015999999595806,0.0007999999797903
1.30454666666667,0.0013999999500811,0.0024000001139938,0.0286999996751546,0.0232999995350837,0.0038999998942017,0.0020000000949949,9.999999747378752e-05,0.0006999999750405,0.0015999999595806,0.0007999999797903
1.30454666666667,0.0013999999500811,0.0024000001139938,0.0286999996751546,0.0232999995350837,0.0038999998942017,0.0020000000949949,9.999999747378752e-05,0.0006999999750405,0.0015999999595806,0.0007999999797903
1.30454666666667,0.0013999999500811,0.0024000001139938,0.0286999996751546,0.0232999995350837,0.0038999998942017,0.0020000000949949,9.999999747378752e-05,0.0006999999750405,0.0015999999595806,0.0007999999797903
1.30454666666667,0.0013999999500811,0.0024000001139938,0.0286999996751546,0.0232999995350837,0.0038999998942017,0.0020000000949949,9.999999747378752e-05,0.0006999999750405,0.0015999999595806,0.0007999999797903
1.30454666666667,0.0013999999500811,0.0024000001139938,0.0286999996751546,0.0232999995350837,0.0038999998942017,0.0020000000949949,9.999999747378752e-05,0.0006999999750405,0.0015999999595806,0.0007999999797903
1.30454666666667,0.0013999999500811,0.0024000001139938,0.0286999996751546,0.0232999995350837,0.0038999998942017,0.0020000000949949,9.999999747378752e-05,0.0006999999750405,0.0015999999595806,0.0007999999797903
1.30454666666667,0.0013999999500811,0.0024000001139938,0.0286999996751546,0.0232999995350837,0.0038999998942017,0.0020000000949949,9.999999747378752e-05,0.0006999999750405,0.0015999999595806,0.0007999999797903
1.30454666666667,0.0013999999500811,0.0024000001139938,0.0286999996751546,0.0232999995350837,0.0038999998942017,0.0020000000949949,9.999999747378752e-05,0.0006999999750405,0.0015999999595806,0.0007999999797903
1.30454666666667,0.0013999999500811,0.0024000001139938,0.0286999996751546,0.0232999995350837,0.0038999998942017,0.0020000000949949,9.999999747378752e-05,0.0006999999750405,0.0015999999595806,0.0007999999797903
1.30454666666667,0.0013999999500811,0.0024000001139938,0.0286999996751546,0.0232999995350837,0.0038999998942017,0.0020000000949949,9.999999747378752e-05,0.0006999999750405,0.0015999999595806,0.0007999999797903
1.30454666666667,0.0013999999500811,0.0024000001139938,0.0286999996751546,0.0232999995350837,0.0038999998942017,0.0020000000949949,9.999999747378752e-05,0.0006999999750405,0.0015999999595806,0.0007999999797903
1.30454666666667,0.0013999999500811,0.0024000001139938,0.0286999996751546,0.0232999995350837,0.0038999998942017,0.0020000000949949,9.999999747378752e-05,0.0006999999750405,0.0015999999595806,0.0007999999797903
1.30454666666667,0.0013999999500811,0.0024000001139938,0.0286999996751546,0.0232999995350837,0.0038999998942017,0.0020000000949949,9.999999747378752e-05,0.0006999999750405,0.0015999999595806,0.0007999999797903
1.30454666666667,0.0013999999500811,0.0024000001139938,0.0286999996751546,0.0232999995350837,0.0038999998942017,0.0020000000949949,9.999999747378752e-05,0.0006999999750405,0.0015999999595806,0.0007999999797903
1.30454666666667,0.0013999999500811,0.0024000001139938,0.0286999996751546,0.0232999995350837,0.0038999998942017,0.0020000000949949,9.999999747378752e-05,0.0006999999750405,0.0015999999595806,0.0007999999797903
1.30454666666667,0.0013999999500811,0.0024000001139938,0.0286999996751546,0.0232999995350837,0.0038999998942017,0.0020000000949949,9.999999747378752e-05,0.0006999999750405,0.0015999999595806,0.0007999999797903
0.440606666666667,0.0027999999001622,0.0027999999001622,0.0441999994218349,0.0478999987244606,0.0071000000461936,0.0035999999381601,0.0003999999898951,0.0015999999595806,0.0023000000510364,0.0010999999940395
0.440606666666667,0.0027999999001622,0.0027999999001622,0.0441999994218349,0.0478999987244606,0.0071000000461936,0.0035999999381601,0.0003999999898951,0.0015999999595806,0.0023000000510364,0.0010999999940395
0.440606666666667,0.0027999999001622,0.0027999999001622,0.0441999994218349,0.0478999987244606,0.0071000000461936,0.0035999999381601,0.0003999999898951,0.0015999999595806,0.0023000000510364,0.0010999999940395
0.440606666666667,0.0027999999001622,0.0027999999001622,0.0441999994218349,0.0478999987244606,0.0071000000461936,0.0035999999381601,0.0003999999898951,0.0015999999595806,0.0023000000510364,0.0010999999940395
0.440606666666667,0.0027999999001622,0.0027999999001622,0.0441999994218349,0.0478999987244606,0.0071000000461936,0.0035999999381601,0.0003999999898951,0.0015999999595806,0.0023000000510364,0.0010999999940395
0.440606666666667,0.0027999999001622,0.0027999999001622,0.0441999994218349,0.0478999987244606,0.0071000000461936,0.0035999999381601,0.0003999999898951,0.0015999999595806,0.0023000000510364,0.0010999999940395
0.440606666666667,0.0027999999001622,0.0027999999001622,0.0441999994218349,0.0478999987244606,0.0071000000461936,0.0035999999381601,0.0003999999898951,0.0015999999595806,0.0023000000510364,0.0010999999940395
0.440606666666667,0.0027999999001622,0.0027999999001622,0.0441999994218349,0.0478999987244606,0.0071000000461936,0.0035999999381601,0.0003999999898951,0.0015999999595806,0.0023000000510364,0.0010999999940395
