TURB,B11,B12,B2,B3,B4,B5,B6,B7,B8,B8A
19.3,0.0031999999191612,0.0046000001020729,0.0313999988138675,0.0421000011265277,0.0445999987423419,0.0399000011384487,0.0175999999046325,0.0153999999165534,0.0109999999403953,0.0076000001281499
15.1,0.05180000141263,0.0456999987363815,0.0804999992251396,0.0940999984741211,0.0947000011801719,0.0996999964118003,0.0689999982714653,0.0671999976038932,0.0627999976277351,0.0595000013709068
14.0,0.0116999996826052,0.0118000004440546,0.0366000011563301,0.048599999397993,0.048599999397993,0.0500999987125396,0.0201999992132186,0.0208000000566244,0.015599999576807,0.0127999996766448
14.9,0.0116999996826052,0.0118000004440546,0.0366000011563301,0.048599999397993,0.048599999397993,0.0500999987125396,0.0201999992132186,0.0208000000566244,0.015599999576807,0.0127999996766448
13.4,0.0560000017285347,0.048200000077486,0.0826999992132186,0.0948000028729438,0.0979000031948089,0.0949999988079071,0.0731000006198883,0.0685999989509582,0.0749000012874603,0.0625
14.4,0.0054000001400709,0.0055999998003244,0.033900000154972,0.0469000004231929,0.0461999997496604,0.0416000001132488,0.0130000002682209,0.0131999999284744,0.0131000000983476,0.0065999999642372
13.8,0.0054000001400709,0.0055999998003244,0.033900000154972,0.0469000004231929,0.0461999997496604,0.0416000001132488,0.0130000002682209,0.0131999999284744,0.0131000000983476,0.0065999999642372
13.9,0.0362999998033046,0.0309999994933605,0.0702999979257583,0.0811000019311904,0.0771000012755394,0.0725999996066093,0.0511000007390975,0.0485000014305114,0.0502000004053115,0.0438000001013278
13.1,0.0362999998033046,0.0309999994933605,0.0702999979257583,0.0811000019311904,0.0771000012755394,0.0725999996066093,0.0511000007390975,0.0485000014305114,0.0502000004053115,0.0438000001013278
13.4,0.0046999999321997,0.0031999999191612,0.0291000008583068,0.0364999994635582,0.0337999984622001,0.033900000154972,0.0126000000163912,0.0120999999344348,0.0115000000223517,0.0074000000022351
11.8,0.0046999999321997,0.0031999999191612,0.0291000008583068,0.0364999994635582,0.0337999984622001,0.033900000154972,0.0126000000163912,0.0120999999344348,0.0115000000223517,0.0074000000022351
12.3,0.0173000004142522,0.0160000007599592,0.048700001090765,0.0559000000357627,0.0526000000536441,0.0500999987125396,0.0272000003606081,0.0254999995231628,0.0243999995291233,0.0175000000745058
11.2,0.0035000001080334,0.0028999999631196,0.0281000006943941,0.0419999994337558,0.0368999987840652,0.0351999998092651,0.0115000000223517,0.0122999995946884,0.0118000004440546,0.0051000001840293
10.3,0.0186000000685453,0.0163000002503395,0.0434999987483024,0.0579000003635883,0.0489999987185001,0.0537000000476837,0.031599998474121,0.0299999993294477,0.0285999998450279,0.0249000005424022
9.2,0.0186000000685453,0.0163000002503395,0.0434999987483024,0.0579000003635883,0.0489999987185001,0.0537000000476837,0.031599998474121,0.0299999993294477,0.0285999998450279,0.0249000005424022
10.1,0.0097000002861022,0.0082000000402331,0.035300001502037,0.0469000004231929,0.0452000014483928,0.0364000014960765,0.0181000009179115,0.0198999997228384,0.0208999998867511,0.0142000000923872
12.4,0.0097000002861022,0.0082000000402331,0.035300001502037,0.0469000004231929,0.0452000014483928,0.0364000014960765,0.0181000009179115,0.0198999997228384,0.0208999998867511,0.0142000000923872
8.9,0.0071000000461936,0.0048000002279877,0.0333999991416931,0.0395000018179416,0.0346999987959861,0.0294000003486871,0.0148999998345971,0.0132999997586011,0.0109999999403953,0.0089999996125698
9.9,0.0639000013470649,0.0524999983608722,0.1018999963998794,0.0750000029802322,0.0644000023603439,0.0732999965548515,0.0723000019788742,0.0741999968886375,0.0988000035285949,0.0724999979138374
10.0,0.0639000013470649,0.0524999983608722,0.1018999963998794,0.0750000029802322,0.0644000023603439,0.0732999965548515,0.0723000019788742,0.0741999968886375,0.0988000035285949,0.0724999979138374
14.8,0.0120999999344348,0.0125000001862645,0.0443000011146068,0.050500001758337,0.0502999983727932,0.0430999994277954,0.0215000007301569,0.0252999998629093,0.0181000009179115,0.0199999995529651
9.5,0.0054000001400709,0.0049000000581145,0.0276999995112419,0.0390999987721443,0.0333999991416931,0.0295000001788139,0.0098999999463558,0.0109000001102685,0.0094999996945261,0.008899999782443
9.2,0.0054000001400709,0.0049000000581145,0.0276999995112419,0.0390999987721443,0.0333999991416931,0.0295000001788139,0.0098999999463558,0.0109000001102685,0.0094999996945261,0.008899999782443
8.8,0.0113000003620982,0.0096000004559755,0.0185000002384185,0.0216000005602836,0.0160000007599592,0.0153000000864267,0.0114000001922249,0.0109000001102685,0.0087999999523162,0.0092000002041459
9.2,0.0113000003620982,0.0096000004559755,0.0185000002384185,0.0216000005602836,0.0160000007599592,0.0153000000864267,0.0114000001922249,0.0109000001102685,0.0087999999523162,0.0092000002041459
8.1,0.0020999999251216,0.0028999999631196,0.0281000006943941,0.0357000008225441,0.0261000003665685,0.02449999935925,0.0099999997764825,0.0060999998822808,0.0019000000320374,0.0024999999441206
22.8,0.0063999998383224,0.0046000001020729,0.0230000000447034,0.0335999988019466,0.0379000008106231,0.0289999991655349,0.0153999999165534,0.0137999998405575,0.0144999995827674,0.0065000001341104
14.6,0.0063999998383224,0.0046000001020729,0.0230000000447034,0.0335999988019466,0.0379000008106231,0.0289999991655349,0.0153999999165534,0.0137999998405575,0.0144999995827674,0.0065000001341104
18.7,0.00089999998454,0.001700000022538,0.0142999999225139,0.0288999993354082,0.0368000008165836,0.0309999994933605,0.0111999996006488,0.0093999998643994,0.0115000000223517,0.0043000001460313
15.3,0.0013999999500811,0.0020999999251216,0.0166999995708465,0.0245999991893768,0.033500000834465,0.0294000003486871,0.0089999996125698,0.0092000002041459,0.0078999996185302,0.0041999998502433
15.9,0.0015000000130385,0.001300000003539,0.0209999997168779,0.0285999998450279,0.0324999988079071,0.0305000003427267,0.0104000000283122,0.0114000001922249,0.0076999999582767,0.0041000000201165
144.0,0.002199999988079,0.00179999996908,0.0187999997287988,0.0300999991595745,0.0357999987900257,0.0322000011801719,0.0130000002682209,0.008899999782443,0.0085000004619359,0.0051000001840293
14.3,0.002199999988079,0.00179999996908,0.0187999997287988,0.0300999991595745,0.0357999987900257,0.0322000011801719,0.0130000002682209,0.008899999782443,0.0085000004619359,0.0051000001840293
14.9,0.0023000000510364,0.0015999999595806,0.0228000003844499,0.0294000003486871,0.032600000500679,0.0297999996691942,0.008899999782443,0.0098999999463558,0.0063999998383224,0.0048000002279877
14.4,0.0031000000890344,0.0038000000640749,0.024100000038743,0.0331000015139579,0.0366000011563301,0.0322000011801719,0.0120999999344348,0.0104999998584389,0.0087000001221895,0.0038999998942017
14.5,0.0031000000890344,0.0038000000640749,0.024100000038743,0.0331000015139579,0.0366000011563301,0.0322000011801719,0.0120999999344348,0.0104999998584389,0.0087000001221895,0.0038999998942017
16.0,0.0062000001780688,0.0041000000201165,0.0359000004827976,0.0388999991118907,0.0423000007867813,0.0379000008106231,0.0166999995708465,0.0172000005841255,0.0133999995887279,0.0086000002920627
16.6,0.0062000001780688,0.0041000000201165,0.0359000004827976,0.0388999991118907,0.0423000007867813,0.0379000008106231,0.0166999995708465,0.0172000005841255,0.0133999995887279,0.0086000002920627
10.4,0.0071999998763203,0.0054000001400709,0.0384999997913837,0.049100000411272,0.0348999984562397,0.0474999994039535,0.0269000008702278,0.0252999998629093,0.0207000002264976,0.0170000009238719
10.1,0.0071999998763203,0.0054000001400709,0.0384999997913837,0.049100000411272,0.0348999984562397,0.0474999994039535,0.0269000008702278,0.0252999998629093,0.0207000002264976,0.0170000009238719
9.1,0.0100999996066093,0.0094999996945261,0.0381999984383583,0.0498999990522861,0.0384999997913837,0.0439000017940998,0.0307999998331069,0.0293000005185604,0.0272000003606081,0.0233999993652105
8.0,0.0100999996066093,0.0094999996945261,0.0381999984383583,0.0498999990522861,0.0384999997913837,0.0439000017940998,0.0307999998331069,0.0293000005185604,0.0272000003606081,0.0233999993652105
6.9,0.0568000003695488,0.0474999994039535,0.0741000026464462,0.0833000019192695,0.0749000012874603,0.0798999965190887,0.0724000036716461,0.0715000033378601,0.0812999978661537,0.0692000016570091
6.4,0.0568000003695488,0.0474999994039535,0.0741000026464462,0.0833000019192695,0.0749000012874603,0.0798999965190887,0.0724000036716461,0.0715000033378601,0.0812999978661537,0.0692000016570091
3.2,0.0091000003740191,0.0066999997943639,0.0208000000566244,0.031199999153614,0.0236000008881092,0.0208999998867511,0.0151000004261732,0.0131999999284744,0.0147000001743435,0.013600000180304
2.8,0.0091000003740191,0.0066999997943639,0.0208000000566244,0.031199999153614,0.0236000008881092,0.0208999998867511,0.0151000004261732,0.0131999999284744,0.0147000001743435,0.013600000180304
2.6,0.0335999988019466,0.0266999993473291,0.0443000011146068,0.0529000014066696,0.045499999076128,0.0465999990701675,0.0362999998033046,0.0372000001370906,0.035300001502037,0.0328000001609325
2.5,0.0082999998703598,0.0054999999701976,0.0329000018537044,0.0293000005185604,0.0251000002026557,0.019200000911951,0.016499999910593,0.0163000002503395,0.0209999997168779,0.0156999994069337
2.8,0.0082999998703598,0.0054999999701976,0.0329000018537044,0.0293000005185604,0.0251000002026557,0.019200000911951,0.016499999910593,0.0163000002503395,0.0209999997168779,0.0156999994069337
1.9,0.0249000005424022,0.0208999998867511,0.0474000014364719,0.0483999997377395,0.0416000001132488,0.0331000015139579,0.0296000000089406,0.0320000015199184,0.0355000011622905,0.0274000000208616
2.8,0.0063999998383224,0.0038999998942017,0.0227000005543231,0.0264999996870756,0.0225000008940696,0.0175000000745058,0.008899999782443,0.0083999997004866,0.012699999846518,0.0116999996826052
1.8,0.0392999984323978,0.0331000015139579,0.0537000000476837,0.0627000033855438,0.0538999997079372,0.049100000411272,0.0414000004529953,0.0401000007987022,0.0425999984145164,0.0381999984383583
1.4,0.0392999984323978,0.0331000015139579,0.0537000000476837,0.0627000033855438,0.0538999997079372,0.049100000411272,0.0414000004529953,0.0401000007987022,0.0425999984145164,0.0381999984383583
1.0,0.0065999999642372,0.0048000002279877,0.0219000000506639,0.0281000006943941,0.0200999993830919,0.018300000578165,0.0146000003442168,0.0135000003501772,0.0109999999403953,0.010700000450015
1.0,0.0065999999642372,0.0048000002279877,0.0219000000506639,0.0281000006943941,0.0200999993830919,0.018300000578165,0.0146000003442168,0.0135000003501772,0.0109999999403953,0.010700000450015
2.3,0.0093000000342726,0.0074000000022351,0.0284000001847744,0.0333999991416931,0.0232999995350837,0.0188999995589256,0.0126000000163912,0.0122999995946884,0.012699999846518,0.0104000000283122
1.3,0.0093000000342726,0.0074000000022351,0.0284000001847744,0.0333999991416931,0.0232999995350837,0.0188999995589256,0.0126000000163912,0.0122999995946884,0.012699999846518,0.0104000000283122
1.7,0.0059000002220273,0.0054000001400709,0.0237000007182359,0.0303000006824731,0.0164000000804662,0.0163000002503395,0.0087999999523162,0.0094999996945261,0.0104999998584389,0.0070000002160668
1.2,0.0048000002279877,0.0052000000141561,0.0163000002503395,0.026300000026822,0.0187999997287988,0.0173000004142522,0.0098999999463558,0.0085000004619359,0.009800000116229,0.0074000000022351
1.0,0.0307000000029802,0.0281000006943941,0.0412000007927417,0.0471000000834465,0.035300001502037,0.0377999991178512,0.033500000834465,0.0350000001490116,0.0447000004351139,0.0342000015079975
1.0,0.0307000000029802,0.0281000006943941,0.0412000007927417,0.0471000000834465,0.035300001502037,0.0377999991178512,0.033500000834465,0.0350000001490116,0.0447000004351139,0.0342000015079975
1.9,0.003400000045076,0.0027000000700354,0.0168999992311,0.0443000011146068,0.0207000002264976,0.033500000834465,0.0113000003620982,0.0100999996066093,0.0096000004559755,0.0080000003799796
3.6,0.003400000045076,0.0027000000700354,0.0168999992311,0.0443000011146068,0.0207000002264976,0.033500000834465,0.0113000003620982,0.0100999996066093,0.0096000004559755,0.0080000003799796
12.0,0.0031000000890344,0.003000000026077,0.0324000008404254,0.0434000007808208,0.0320000015199184,0.0412000007927417,0.0167999994009733,0.0171000007539987,0.0124000003561377,0.0074000000022351
10.5,0.0031000000890344,0.003000000026077,0.0324000008404254,0.0434000007808208,0.0320000015199184,0.0412000007927417,0.0167999994009733,0.0171000007539987,0.0124000003561377,0.0074000000022351
10.5,0.0153000000864267,0.0165999997407197,0.0502999983727932,0.0675999969244003,0.0520999990403652,0.0666999965906143,0.0381999984383583,0.0368999987840652,0.0348999984562397,0.0248000007122755
5.1,0.0020999999251216,0.0035999999381601,0.0271000005304813,0.0483999997377395,0.0249000005424022,0.0364000014960765,0.0113000003620982,0.0087000001221895,0.0081000002101063,0.0059000002220273
6.3,0.0071000000461936,0.0044999998062849,0.0149999996647238,0.0460000000894069,0.0237000007182359,0.0337000004947185,0.0118000004440546,0.0120000001043081,0.0115999998524785,0.0085000004619359
5.8,0.0071000000461936,0.0044999998062849,0.0149999996647238,0.0460000000894069,0.0237000007182359,0.0337000004947185,0.0118000004440546,0.0120000001043081,0.0115999998524785,0.0085000004619359
8.6,0.0035999999381601,0.002199999988079,0.025000000372529,0.0452000014483928,0.0252999998629093,0.0372000001370906,0.0099999997764825,0.0118000004440546,0.0087000001221895,0.006000000052154
13.3,0.0015999999595806,0.0007999999797903,0.0233999993652105,0.0414999984204769,0.0285000000149011,0.036200001835823,0.0111999996006488,0.0111999996006488,0.010700000450015,0.0040000001899898
5.0,0.0015999999595806,0.0007999999797903,0.0233999993652105,0.0414999984204769,0.0285000000149011,0.036200001835823,0.0111999996006488,0.0111999996006488,0.010700000450015,0.0040000001899898
2.3,0.0028999999631196,0.003000000026077,0.0176999997347593,0.0397000014781951,0.0205000005662441,0.017400000244379,0.0059000002220273,0.0054999999701976,0.0046999999321997,0.0041999998502433
2.2,0.0028999999631196,0.003000000026077,0.0176999997347593,0.0397000014781951,0.0205000005662441,0.017400000244379,0.0059000002220273,0.0054999999701976,0.0046999999321997,0.0041999998502433
5.3,0.003400000045076,0.0031000000890344,0.0168999992311,0.0390999987721443,0.0236000008881092,0.0296999998390674,0.0087999999523162,0.0074000000022351,0.006000000052154,0.0044999998062849
2.9,0.0024000001139938,0.0015999999595806,0.0176999997347593,0.0346000008285045,0.0201999992132186,0.0228000003844499,0.0040000001899898,0.0055999998003244,0.0031999999191612,0.0019000000320374
7.3,0.0068999999202787,0.0041000000201165,0.0322999991476535,0.0351999998092651,0.0357999987900257,0.0344999991357326,0.0186999998986721,0.0176999997347593,0.0147000001743435,0.0148000000044703
6.4,0.0068999999202787,0.0041000000201165,0.0322999991476535,0.0351999998092651,0.0357999987900257,0.0344999991357326,0.0186999998986721,0.0176999997347593,0.0147000001743435,0.0148000000044703
6.7,0.0080000003799796,0.0065999999642372,0.0237000007182359,0.0331999994814395,0.031199999153614,0.031700000166893,0.0144999995827674,0.0140000004321336,0.0146000003442168,0.0093000000342726
7.0,0.0080000003799796,0.0065999999642372,0.0237000007182359,0.0331999994814395,0.031199999153614,0.031700000166893,0.0144999995827674,0.0140000004321336,0.0146000003442168,0.0093000000342726
4.9,0.0019000000320374,0.0024999999441206,0.0102000003680586,0.0199999995529651,0.0142000000923872,0.018300000578165,0.0046000001020729,0.0046000001020729,0.0044999998062849,0.0037000000011175
4.7,0.0019000000320374,0.0024999999441206,0.0102000003680586,0.0199999995529651,0.0142000000923872,0.018300000578165,0.0046000001020729,0.0046000001020729,0.0044999998062849,0.0037000000011175
4.7,0.0046000001020729,0.0028999999631196,0.0196000002324581,0.0252999998629093,0.0181000009179115,0.0221999995410442,0.0065999999642372,0.010700000450015,0.0073000001721084,0.003400000045076
4.7,0.0046000001020729,0.0028999999631196,0.0196000002324581,0.0252999998629093,0.0181000009179115,0.0221999995410442,0.0065999999642372,0.010700000450015,0.0073000001721084,0.003400000045076
4.0,0.0040000001899898,0.0046000001020729,0.0086000002920627,0.0172000005841255,0.0142000000923872,0.0148999998345971,0.0074999998323619,0.0089999996125698,0.0046999999321997,0.0065000001341104
4.2,0.0040000001899898,0.0046000001020729,0.0086000002920627,0.0172000005841255,0.0142000000923872,0.0148999998345971,0.0074999998323619,0.0089999996125698,0.0046999999321997,0.0065000001341104
4.1,0.0062000001780688,0.0046000001020729,0.0212999992072582,0.025900000706315,0.0197999998927116,0.0200999993830919,0.0115000000223517,0.0120999999344348,0.0109999999403953,0.0077999997884035
6.6,0.0062000001780688,0.0046000001020729,0.0212999992072582,0.025900000706315,0.0197999998927116,0.0200999993830919,0.0115000000223517,0.0120999999344348,0.0109999999403953,0.0077999997884035
4.3,0.0028999999631196,0.0035999999381601,0.0119000002741813,0.0222999993711709,0.0196000002324581,0.0121999997645616,0.0020000000949949,0.003000000026077,0.0063999998383224,0.0024999999441206
3.6,0.0052999998442828,0.0044999998062849,0.0218000002205371,0.0261000003665685,0.0195000004023313,0.0161000005900859,0.0077999997884035,0.0092000002041459,0.0103000001981854,0.0054000001400709
4.1,0.0052999998442828,0.0044999998062849,0.0218000002205371,0.0261000003665685,0.0195000004023313,0.0161000005900859,0.0077999997884035,0.0092000002041459,0.0103000001981854,0.0054000001400709
5.9,0.2441000044345855,0.2888000011444092,0.1992000043392181,0.2072000056505203,0.2187999933958053,0.2327000051736831,0.2469000071287155,0.2662000060081482,0.2354000061750412,0.2829000055789947
3.3,0.2441000044345855,0.2888000011444092,0.1992000043392181,0.2072000056505203,0.2187999933958053,0.2327000051736831,0.2469000071287155,0.2662000060081482,0.2354000061750412,0.2829000055789947
10.5,0.0038000000640749,0.0027000000700354,0.0181000009179115,0.0310999993234872,0.0233999993652105,0.0228000003844499,0.0076999999582767,0.0080000003799796,0.0103000001981854,0.0059000002220273
9.5,0.0038000000640749,0.0027000000700354,0.0181000009179115,0.0310999993234872,0.0233999993652105,0.0228000003844499,0.0076999999582767,0.0080000003799796,0.0103000001981854,0.0059000002220273
4.7,0.0197999998927116,0.0156999994069337,0.0368000008165836,0.046799998730421,0.0384000018239021,0.0386000014841556,0.0284000001847744,0.0285999998450279,0.0307999998331069,0.0261000003665685
4.1,0.0366000011563301,0.0324999988079071,0.0631999969482421,0.0746000036597251,0.0627000033855438,0.0612999983131885,0.0443999990820884,0.0454000011086463,0.0480999983847141,0.0423000007867813
3.3,0.4165999889373779,0.4259000122547149,0.3574000000953674,0.3574000000953674,0.3495999872684479,0.3894000053405761,0.4061999917030334,0.4137000143527984,0.3916000127792358,0.4235000014305115
3.9,0.0344999991357326,0.0294000003486871,0.0562000013887882,0.061099998652935,0.0515000000596046,0.049600001424551,0.0408000014722347,0.0384999997913837,0.0386000014841556,0.0377999991178512
4.4,0.0344999991357326,0.0294000003486871,0.0562000013887882,0.061099998652935,0.0515000000596046,0.049600001424551,0.0408000014722347,0.0384999997913837,0.0386000014841556,0.0377999991178512
6.4,0.0115000000223517,0.0094999996945261,0.0318999998271465,0.0419000014662742,0.0291000008583068,0.0299999993294477,0.0189999993890523,0.0175000000745058,0.013600000180304,0.0118000004440546
6.6,0.0178999993950128,0.0143999997526407,0.0427000001072883,0.0480000004172325,0.0377999991178512,0.0333000011742115,0.0207000002264976,0.0220999997109174,0.0223999992012977,0.0194000005722045
7.5,0.0178999993950128,0.0143999997526407,0.0427000001072883,0.0480000004172325,0.0377999991178512,0.0333000011742115,0.0207000002264976,0.0220999997109174,0.0223999992012977,0.0194000005722045
6.0,0.0540999993681907,0.0450000017881393,0.0789000019431114,0.0882000029087066,0.0790999978780746,0.0794999971985817,0.0636000037193298,0.0603000000119209,0.0621999986469745,0.0557000003755092
5.9,0.0540999993681907,0.0450000017881393,0.0789000019431114,0.0882000029087066,0.0790999978780746,0.0794999971985817,0.0636000037193298,0.0603000000119209,0.0621999986469745,0.0557000003755092
5.4,0.2363000065088272,0.1903000026941299,0.2391999959945678,0.229200005531311,0.2168000042438507,0.2143999934196472,0.2178000062704086,0.2251999974250793,0.2540000081062317,0.2299000024795532
4.9,0.2363000065088272,0.1903000026941299,0.2391999959945678,0.229200005531311,0.2168000042438507,0.2143999934196472,0.2178000062704086,0.2251999974250793,0.2540000081062317,0.2299000024795532
5.3,0.0852999985218048,0.068800002336502,0.1120000034570694,0.1180000007152557,0.1121999993920326,0.1081999987363815,0.0974999964237213,0.099200002849102,0.1018000021576881,0.0956000015139579
5.5,0.0109000001102685,0.0082999998703598,0.0401999987661838,0.0493000000715255,0.0350000001490116,0.0331000015139579,0.0161000005900859,0.017799999564886,0.0160000007599592,0.0105999996885657
5.0,0.0109000001102685,0.0082999998703598,0.0401999987661838,0.0493000000715255,0.0350000001490116,0.0331000015139579,0.0161000005900859,0.017799999564886,0.0160000007599592,0.0105999996885657
4.7,0.0768999978899955,0.0675999969244003,0.0958999991416931,0.0996999964118003,0.0948999971151351,0.0947000011801719,0.0799999982118606,0.0781999975442886,0.0794999971985817,0.0745000019669532
4.7,0.0768999978899955,0.0675999969244003,0.0958999991416931,0.0996999964118003,0.0948999971151351,0.0947000011801719,0.0799999982118606,0.0781999975442886,0.0794999971985817,0.0745000019669532
6.0,0.0059000002220273,0.0035999999381601,0.032999999821186,0.0397999994456768,0.0243999995291233,0.0218000002205371,0.0104000000283122,0.006800000090152,0.0122999995946884,0.0035999999381601
6.1,0.0059000002220273,0.0035999999381601,0.032999999821186,0.0397999994456768,0.0243999995291233,0.0218000002205371,0.0104000000283122,0.006800000090152,0.0122999995946884,0.0035999999381601
6.8,0.1339000016450882,0.1044000014662742,0.1360000073909759,0.1405999958515167,0.132200002670288,0.1423999965190887,0.1392000019550323,0.1400000005960464,0.1187999993562698,0.1342999935150146
8.3,0.0065999999642372,0.0046000001020729,0.0305000003427267,0.033900000154972,0.0274999998509883,0.0211999993771314,0.0082999998703598,0.0091000003740191,0.0049000000581145,0.0054000001400709
11.8,0.0401000007987022,0.0333999991416931,0.0644000023603439,0.0766000002622604,0.0671000033617019,0.0711999982595443,0.048700001090765,0.0498999990522861,0.0478999987244606,0.0432000011205673
18.1,0.0684999972581863,0.0588999986648559,0.0926999971270561,0.1019999980926513,0.1002999991178512,0.1020999997854232,0.0816999971866607,0.0825000032782554,0.0789000019431114,0.0759000033140182
17.8,0.0684999972581863,0.0588999986648559,0.0926999971270561,0.1019999980926513,0.1002999991178512,0.1020999997854232,0.0816999971866607,0.0825000032782554,0.0789000019431114,0.0759000033140182
23.4,0.0447999984025955,0.0370000004768371,0.0780000016093254,0.0899000018835067,0.0855000019073486,0.0850000008940696,0.0593000017106533,0.0577000007033348,0.0588999986648559,0.0496999993920326
22.8,0.0447999984025955,0.0370000004768371,0.0780000016093254,0.0899000018835067,0.0855000019073486,0.0850000008940696,0.0593000017106533,0.0577000007033348,0.0588999986648559,0.0496999993920326
26.1,0.0071999998763203,0.0076000001281499,0.0461000017821788,0.0524999983608722,0.049100000411272,0.0491999983787536,0.024100000038743,0.025399999693036,0.0219000000506639,0.0163000002503395
26.7,0.0046000001020729,0.0041999998502433,0.0381999984383583,0.0493000000715255,0.0458000004291534,0.0476000010967254,0.0209999997168779,0.024100000038743,0.0175999999046325,0.0153000000864267
26.8,0.0046000001020729,0.0041999998502433,0.0381999984383583,0.0493000000715255,0.0458000004291534,0.0476000010967254,0.0209999997168779,0.024100000038743,0.0175999999046325,0.0153000000864267
30.5,0.0041999998502433,0.0041000000201165,0.0423999987542629,0.0483999997377395,0.0529000014066696,0.0511000007390975,0.0248000007122755,0.026300000026822,0.0176999997347593,0.0153000000864267
29.0,0.017799999564886,0.0161000005900859,0.0526000000536441,0.0625,0.0662000030279159,0.0658000037074089,0.0373000018298625,0.0373000018298625,0.0331000015139579,0.0293000005185604
28.9,0.0163000002503395,0.0137000000104308,0.0557999983429908,0.0593999996781349,0.0632999986410141,0.0626000016927719,0.0351000018417835,0.0331999994814395,0.0324999988079071,0.0243999995291233
27.2,0.0163000002503395,0.0137000000104308,0.0557999983429908,0.0593999996781349,0.0632999986410141,0.0626000016927719,0.0351000018417835,0.0331999994814395,0.0324999988079071,0.0243999995291233
27.2,0.003400000045076,0.003000000026077,0.0395000018179416,0.0494000017642974,0.0504000000655651,0.0502000004053115,0.024100000038743,0.0219000000506639,0.0208000000566244,0.0140000004321336
28.0,0.003400000045076,0.003000000026077,0.0395000018179416,0.0494000017642974,0.0504000000655651,0.0502000004053115,0.024100000038743,0.0219000000506639,0.0208000000566244,0.0140000004321336
27.0,0.0038999998942017,0.0043999999761581,0.0394000001251697,0.0441000014543533,0.0476000010967254,0.045499999076128,0.0211999993771314,0.0237000007182359,0.0198999997228384,0.0109000001102685
29.7,0.0291000008583068,0.0220999997109174,0.0715000033378601,0.0763999968767166,0.0800999999046325,0.0825000032782554,0.0507000014185905,0.0518999993801116,0.0502000004053115,0.0408999994397163
42.4,0.0291000008583068,0.0220999997109174,0.0715000033378601,0.0763999968767166,0.0800999999046325,0.0825000032782554,0.0507000014185905,0.0518999993801116,0.0502000004053115,0.0408999994397163
27.2,0.001300000003539,0.002600000007078,0.0318000018596649,0.0463000014424324,0.0489000007510185,0.0504000000655651,0.0201999992132186,0.0204000007361173,0.0164000000804662,0.0091000003740191
26.7,0.006800000090152,0.0054000001400709,0.0384999997913837,0.0480999983847141,0.0531999990344047,0.0516999997198581,0.0275999996811151,0.0256999991834163,0.019200000911951,0.0162000004202127
24.7,0.006800000090152,0.0054000001400709,0.0384999997913837,0.0480999983847141,0.0531999990344047,0.0516999997198581,0.0275999996811151,0.0256999991834163,0.019200000911951,0.0162000004202127
26.2,0.0028999999631196,0.0027000000700354,0.0288999993354082,0.0423999987542629,0.0472000017762184,0.046399999409914,0.0186000000685453,0.0186000000685453,0.0173000004142522,0.010700000450015
23.5,0.0028999999631196,0.0027000000700354,0.0288999993354082,0.0423999987542629,0.0472000017762184,0.046399999409914,0.0186000000685453,0.0186000000685453,0.0173000004142522,0.010700000450015
26.7,0.0044999998062849,0.0010999999940395,0.0364999994635582,0.0414999984204769,0.0450999997556209,0.0439999997615814,0.0185000002384185,0.0186000000685453,0.0152000002562999,0.0081000002101063
26.2,0.0044999998062849,0.0010999999940395,0.0364999994635582,0.0414999984204769,0.0450999997556209,0.0439999997615814,0.0185000002384185,0.0186000000685453,0.0152000002562999,0.0081000002101063
26.4,0.0071999998763203,0.0065999999642372,0.0377000011503696,0.0491999983787536,0.0513999983668327,0.0502999983727932,0.0241999998688697,0.0222999993711709,0.0211999993771314,0.0148000000044703
26.9,0.0071999998763203,0.0065999999642372,0.0377000011503696,0.0491999983787536,0.0513999983668327,0.0502999983727932,0.0241999998688697,0.0222999993711709,0.0211999993771314,0.0148000000044703
27.9,0.0031000000890344,0.0038000000640749,0.0324000008404254,0.0428000018000602,0.0483999997377395,0.0493000000715255,0.0203000009059906,0.0194000005722045,0.0144999995827674,0.0122999995946884
26.4,0.0031000000890344,0.0038000000640749,0.0324000008404254,0.0428000018000602,0.0483999997377395,0.0493000000715255,0.0203000009059906,0.0194000005722045,0.0144999995827674,0.0122999995946884
25.8,0.002199999988079,0.0013999999500811,0.0297999996691942,0.0417999997735023,0.0465999990701675,0.0443000011146068,0.0197999998927116,0.0167999994009733,0.0125000001862645,0.0076000001281499
27.8,0.0035999999381601,0.0049999998882412,0.0372000001370906,0.0428999997675418,0.0456000007688999,0.0439999997615814,0.0166999995708465,0.0178999993950128,0.0140000004321336,0.0080000003799796
27.8,0.0035999999381601,0.0049999998882412,0.0372000001370906,0.0428999997675418,0.0456000007688999,0.0439999997615814,0.0166999995708465,0.0178999993950128,0.0140000004321336,0.0080000003799796
29.8,0.0077999997884035,0.0077999997884035,0.0364999994635582,0.0447999984025955,0.0516000017523765,0.0522000007331371,0.0282000005245208,0.025900000706315,0.0238000005483627,0.0165999997407197
29.8,0.0077999997884035,0.0077999997884035,0.0364999994635582,0.0447999984025955,0.0516000017523765,0.0522000007331371,0.0282000005245208,0.025900000706315,0.0238000005483627,0.0165999997407197
31.2,0.0031999999191612,0.0038999998942017,0.0303000006824731,0.0405000001192092,0.0471000000834465,0.0465999990701675,0.0194000005722045,0.0189999993890523,0.0143999997526407,0.0137999998405575
29.5,0.0031999999191612,0.0038999998942017,0.0303000006824731,0.0405000001192092,0.0471000000834465,0.0465999990701675,0.0194000005722045,0.0189999993890523,0.0143999997526407,0.0137999998405575
31.5,0.0024000001139938,0.0040000001899898,0.0302000008523464,0.0423999987542629,0.0507000014185905,0.0452000014483928,0.0210999995470047,0.0184000004082918,0.0166999995708465,0.0093999998643994
26.2,0.0043999999761581,0.0038000000640749,0.0293000005185604,0.0441000014543533,0.0483000017702579,0.0500999987125396,0.0208000000566244,0.0184000004082918,0.0165999997407197,0.0082999998703598
24.1,0.0023000000510364,0.0015999999595806,0.0289999991655349,0.0375999994575977,0.0412999987602233,0.0408000014722347,0.0153999999165534,0.0152000002562999,0.0098999999463558,0.0082000000402331
24.1,0.0023000000510364,0.0015999999595806,0.0289999991655349,0.0375999994575977,0.0412999987602233,0.0408000014722347,0.0153999999165534,0.0152000002562999,0.0098999999463558,0.0082000000402331
26.5,0.0055999998003244,0.0055999998003244,0.0318999998271465,0.0436000004410743,0.0502000004053115,0.0483000017702579,0.0232999995350837,0.024100000038743,0.0149999996647238,0.0099999997764825
26.6,0.0015999999595806,0.0023000000510364,0.0255999993532896,0.0324999988079071,0.0395000018179416,0.0379000008106231,0.0137000000104308,0.0132999997586011,0.0092000002041459,0.0041999998502433
34.6,0.0041999998502433,0.0035000001080334,0.0318999998271465,0.0392000004649162,0.0485000014305114,0.0513000003993511,0.0275999996811151,0.0270000007003545,0.0212999992072582,0.0149999996647238
37.9,0.0041999998502433,0.0035000001080334,0.0318999998271465,0.0392000004649162,0.0485000014305114,0.0513000003993511,0.0275999996811151,0.0270000007003545,0.0212999992072582,0.0149999996647238
26.2,0.0013999999500811,9.999999747378752e-05,0.0277999993413686,0.0357999987900257,0.0450000017881393,0.0421999990940094,0.0184000004082918,0.0163000002503395,0.012699999846518,0.0076000001281499
24.4,0.0032999999821186,0.0020000000949949,0.0384999997913837,0.0450999997556209,0.0494999997317791,0.0447999984025955,0.0212999992072582,0.0185000002384185,0.0141000002622604,0.0096000004559755
18.9,0.0051000001840293,0.0041999998502433,0.0307000000029802,0.0425999984145164,0.0461000017821788,0.0428000018000602,0.0209999997168779,0.0197000000625848,0.0153000000864267,0.0127999996766448
18.1,0.012699999846518,0.0104000000283122,0.0357999987900257,0.0281000006943941,0.0265999995172023,0.0245999991893768,0.0166999995708465,0.0186000000685453,0.0157999992370605,0.0120999999344348
22.7,0.0097000002861022,0.0074000000022351,0.0390000008046627,0.0489000007510185,0.05180000141263,0.0483999997377395,0.0252999998629093,0.0238000005483627,0.0249000005424022,0.0176999997347593
19.1,0.0097000002861022,0.0074000000022351,0.0390000008046627,0.0489000007510185,0.05180000141263,0.0483999997377395,0.0252999998629093,0.0238000005483627,0.0249000005424022,0.0176999997347593
18.2,0.0096000004559755,0.006800000090152,0.0414000004529953,0.0522999987006187,0.0544000007212162,0.0478000007569789,0.0262000001966953,0.0263999998569488,0.0236000008881092,0.0157999992370605
17.1,0.0054999999701976,0.0054000001400709,0.0263999998569488,0.025399999693036,0.025399999693036,0.0243999995291233,0.0091000003740191,0.010700000450015,0.0082000000402331,0.0054000001400709
17.7,0.0054999999701976,0.0054000001400709,0.0263999998569488,0.025399999693036,0.025399999693036,0.0243999995291233,0.0091000003740191,0.010700000450015,0.0082000000402331,0.0054000001400709
22.8,0.0115999998524785,0.0093000000342726,0.0397000014781951,0.050900001078844,0.0527999997138977,0.0485000014305114,0.0252999998629093,0.0248000007122755,0.0258000008761882,0.0181000009179115
18.3,0.0278999991714954,0.0220999997109174,0.0610000006854534,0.070200003683567,0.0706999972462654,0.0706999972462654,0.046399999409914,0.045499999076128,0.0441999994218349,0.0377999991178512
17.1,0.0278999991714954,0.0220999997109174,0.0610000006854534,0.070200003683567,0.0706999972462654,0.0706999972462654,0.046399999409914,0.045499999076128,0.0441999994218349,0.0377999991178512
17.5,0.0093999998643994,0.0057000000961124,0.0463000014424324,0.0505999997258186,0.0498999990522861,0.0458000004291534,0.0230999998748302,0.0221999995410442,0.0227000005543231,0.0131000000983476
16.6,0.0097000002861022,0.0066999997943639,0.0480000004172325,0.0542000010609626,0.0538000017404556,0.048700001090765,0.0252000000327825,0.0255999993532896,0.0206000003963708,0.0161000005900859
16.4,0.0097000002861022,0.0066999997943639,0.0480000004172325,0.0542000010609626,0.0538000017404556,0.048700001090765,0.0252000000327825,0.0255999993532896,0.0206000003963708,0.0161000005900859
16.7,0.0028999999631196,0.0019000000320374,0.0410999990999698,0.0460000000894069,0.0472000017762184,0.0394000001251697,0.0159000009298324,0.0146000003442168,0.0148000000044703,0.0071000000461936
17.6,0.0028999999631196,0.0019000000320374,0.0410999990999698,0.0460000000894069,0.0472000017762184,0.0394000001251697,0.0159000009298324,0.0146000003442168,0.0148000000044703,0.0071000000461936
19.2,0.017799999564886,0.0148999998345971,0.0505999997258186,0.0619000010192394,0.0636999979615211,0.0579000003635883,0.0350000001490116,0.0322999991476535,0.035300001502037,0.0262000001966953
16.0,0.017799999564886,0.0148999998345971,0.0505999997258186,0.0619000010192394,0.0636999979615211,0.0579000003635883,0.0350000001490116,0.0322999991476535,0.035300001502037,0.0262000001966953
16.8,0.0151000004261732,0.013600000180304,0.0557999983429908,0.0640000030398368,0.0604000017046928,0.0533000007271766,0.0280000008642673,0.0254999995231628,0.0284000001847744,0.0179999992251396
15.6,0.0151000004261732,0.013600000180304,0.0557999983429908,0.0640000030398368,0.0604000017046928,0.0533000007271766,0.0280000008642673,0.0254999995231628,0.0284000001847744,0.0179999992251396
15.1,0.0086000002920627,0.0076000001281499,0.0533000007271766,0.0659999996423721,0.0584999993443489,0.0483000017702579,0.0204000007361173,0.0204000007361173,0.019200000911951,0.0126000000163912
14.7,0.0663999989628791,0.0568999983370304,0.1001999974250793,0.1092000007629394,0.1018999963998794,0.1089999973773956,0.0810000002384185,0.0795999988913536,0.0857999995350837,0.0722000002861023
15.1,0.0066999997943639,0.0062000001780688,0.0421999990940094,0.0522000007331371,0.0421999990940094,0.0401999987661838,0.0138999996706843,0.0153999999165534,0.0142999999225139,0.0076999999582767
16.0,0.0066999997943639,0.0062000001780688,0.0421999990940094,0.0522000007331371,0.0421999990940094,0.0401999987661838,0.0138999996706843,0.0153999999165534,0.0142999999225139,0.0076999999582767
9.9,0.0076999999582767,0.0051000001840293,0.0399999991059303,0.0436000004410743,0.0447999984025955,0.0373999997973442,0.0173000004142522,0.0164000000804662,0.0151000004261732,0.0116999996826052
8.6,0.0076999999582767,0.0051000001840293,0.0399999991059303,0.0436000004410743,0.0447999984025955,0.0373999997973442,0.0173000004142522,0.0164000000804662,0.0151000004261732,0.0116999996826052
18.6,0.0264999996870756,0.0238000005483627,0.0502999983727932,0.0621999986469745,0.0590999983251094,0.0538999997079372,0.0346000008285045,0.0344999991357326,0.034400001168251,0.0313999988138675
9.0,0.0264999996870756,0.0238000005483627,0.0502999983727932,0.0621999986469745,0.0590999983251094,0.0538999997079372,0.0346000008285045,0.0344999991357326,0.034400001168251,0.0313999988138675
8.8,0.0044999998062849,0.0031999999191612,0.0307999998331069,0.0370000004768371,0.0350000001490116,0.0288999993354082,0.0089999996125698,0.0114000001922249,0.0105999996885657,0.0035000001080334
11.0,0.0044999998062849,0.0031999999191612,0.0307999998331069,0.0370000004768371,0.0350000001490116,0.0288999993354082,0.0089999996125698,0.0114000001922249,0.0105999996885657,0.0035000001080334
1.1,0.0080000003799796,0.0073000001721084,0.0346000008285045,0.0406000018119812,0.0406999997794628,0.0351000018417835,0.0186000000685453,0.017799999564886,0.0167999994009733,0.0114000001922249
9.3,0.0080000003799796,0.0073000001721084,0.0346000008285045,0.0406000018119812,0.0406999997794628,0.0351000018417835,0.0186000000685453,0.017799999564886,0.0167999994009733,0.0114000001922249
10.0,0.0054000001400709,0.0049000000581145,0.0271000005304813,0.0377999991178512,0.033900000154972,0.031199999153614,0.0113000003620982,0.0118000004440546,0.0133999995887279,0.006800000090152
10.0,0.0054000001400709,0.0049000000581145,0.0271000005304813,0.0377999991178512,0.033900000154972,0.031199999153614,0.0113000003620982,0.0118000004440546,0.0133999995887279,0.006800000090152
12.1,0.0054000001400709,0.0049000000581145,0.0271000005304813,0.0377999991178512,0.033900000154972,0.031199999153614,0.0113000003620982,0.0118000004440546,0.0133999995887279,0.006800000090152
12.1,0.0054000001400709,0.0049000000581145,0.0271000005304813,0.0377999991178512,0.033900000154972,0.031199999153614,0.0113000003620982,0.0118000004440546,0.0133999995887279,0.006800000090152
10.0,0.0054000001400709,0.0049000000581145,0.0271000005304813,0.0377999991178512,0.033900000154972,0.031199999153614,0.0113000003620982,0.0118000004440546,0.0133999995887279,0.006800000090152
14.7,0.0055999998003244,0.0037000000011175,0.0331999994814395,0.0395999997854232,0.0397999994456768,0.0307999998331069,0.0113000003620982,0.0115000000223517,0.0104000000283122,0.0054000001400709
11.6,0.0055999998003244,0.0037000000011175,0.0331999994814395,0.0395999997854232,0.0397999994456768,0.0307999998331069,0.0113000003620982,0.0115000000223517,0.0104000000283122,0.0054000001400709
10.7,0.013600000180304,0.0104999998584389,0.0397000014781951,0.049600001424551,0.0447000004351139,0.0405000001192092,0.0210999995470047,0.0204000007361173,0.0215000007301569,0.0148000000044703
17.0,0.0059000002220273,0.0046999999321997,0.034400001168251,0.0449000000953674,0.0427000001072883,0.0350000001490116,0.0142000000923872,0.0142999999225139,0.0171000007539987,0.008899999782443
11.0,0.0074999998323619,0.0057000000961124,0.0309999994933605,0.0408000014722347,0.0410000011324882,0.0368999987840652,0.0153999999165534,0.0172000005841255,0.0148000000044703,0.0104000000283122
11.0,0.0074999998323619,0.0057000000961124,0.0309999994933605,0.0408000014722347,0.0410000011324882,0.0368999987840652,0.0153999999165534,0.0172000005841255,0.0148000000044703,0.0104000000283122
11.4,0.0149999996647238,0.012699999846518,0.0489999987185001,0.0564000010490417,0.0529999993741512,0.0502999983727932,0.0262000001966953,0.0267999991774559,0.0240000002086162,0.0208000000566244
10.6,0.0149999996647238,0.012699999846518,0.0489999987185001,0.0564000010490417,0.0529999993741512,0.0502999983727932,0.0262000001966953,0.0267999991774559,0.0240000002086162,0.0208000000566244
15.5,0.0074000000022351,0.0041000000201165,0.0331000015139579,0.0394000001251697,0.0386000014841556,0.0361000001430511,0.0120999999344348,0.0154999997466802,0.0119000002741813,0.0073000001721084
11.1,0.0074000000022351,0.0041000000201165,0.0331000015139579,0.0394000001251697,0.0386000014841556,0.0361000001430511,0.0120999999344348,0.0154999997466802,0.0119000002741813,0.0073000001721084
11.3,0.0027000000700354,0.0023000000510364,0.0252999998629093,0.0390000008046627,0.0372000001370906,0.0326999984681606,0.010700000450015,0.0115999998524785,0.0094999996945261,0.0078999996185302
11.2,0.0027000000700354,0.0023000000510364,0.0252999998629093,0.0390000008046627,0.0372000001370906,0.0326999984681606,0.010700000450015,0.0115999998524785,0.0094999996945261,0.0078999996185302
11.7,0.0051000001840293,0.0035999999381601,0.0366000011563301,0.0430999994277954,0.0410000011324882,0.034400001168251,0.0132999997586011,0.0135000003501772,0.0126000000163912,0.0092000002041459
11.9,0.0031999999191612,0.0041999998502433,0.0272000003606081,0.0395000018179416,0.0373999997973442,0.0320999994874,0.0091000003740191,0.0113000003620982,0.0116999996826052,0.0051000001840293
12.0,0.0031999999191612,0.0041999998502433,0.0272000003606081,0.0395000018179416,0.0373999997973442,0.0320999994874,0.0091000003740191,0.0113000003620982,0.0116999996826052,0.0051000001840293
12.1,0.0038999998942017,0.0049000000581145,0.0373999997973442,0.0425999984145164,0.0419999994337558,0.0362999998033046,0.0127999996766448,0.0137999998405575,0.0137999998405575,0.0066999997943639
11.8,0.0038999998942017,0.0049000000581145,0.0373999997973442,0.0425999984145164,0.0419999994337558,0.0362999998033046,0.0127999996766448,0.0137999998405575,0.0137999998405575,0.0066999997943639
16.0,0.0051000001840293,0.0040000001899898,0.0447999984025955,0.0458000004291534,0.045499999076128,0.0430000014603138,0.0181000009179115,0.0182000007480382,0.0142000000923872,0.0104999998584389
14.9,0.1699000000953674,0.1278000026941299,0.2311999946832656,0.2290000021457672,0.2212000042200088,0.2294999957084655,0.216399997472763,0.2179999947547912,0.2316000014543533,0.1967000067234039
15.2,0.1699000000953674,0.1278000026941299,0.2311999946832656,0.2290000021457672,0.2212000042200088,0.2294999957084655,0.216399997472763,0.2179999947547912,0.2316000014543533,0.1967000067234039
15.1,0.002600000007078,0.0028999999631196,0.031199999153614,0.0395999997854232,0.0428999997675418,0.0368999987840652,0.0138999996706843,0.0129000004380941,0.0159000009298324,0.0065999999642372
15.1,0.002600000007078,0.0028999999631196,0.031199999153614,0.0395999997854232,0.0428999997675418,0.0368999987840652,0.0138999996706843,0.0129000004380941,0.0159000009298324,0.0065999999642372
14.7,0.2159000039100647,0.1670999974012375,0.1894000023603439,0.1951999962329864,0.1935999989509582,0.1926999986171722,0.1905000060796737,0.1964000016450882,0.2336000055074691,0.2093999981880188
14.8,0.2159000039100647,0.1670999974012375,0.1894000023603439,0.1951999962329864,0.1935999989509582,0.1926999986171722,0.1905000060796737,0.1964000016450882,0.2336000055074691,0.2093999981880188
14.3,0.003400000045076,0.0028999999631196,0.0296000000089406,0.0428000018000602,0.0408999994397163,0.0364999994635582,0.0126000000163912,0.0141000002622604,0.0129000004380941,0.0087000001221895
14.2,0.003400000045076,0.0028999999631196,0.0296000000089406,0.0428000018000602,0.0408999994397163,0.0364999994635582,0.0126000000163912,0.0141000002622604,0.0129000004380941,0.0087000001221895
13.7,0.0031999999191612,0.003000000026077,0.0386000014841556,0.0423000007867813,0.0414999984204769,0.035300001502037,0.0149999996647238,0.0132999997586011,0.0099999997764825,0.0063000000081956
13.5,0.0035999999381601,0.0027000000700354,0.0397999994456768,0.0432999990880489,0.0447999984025955,0.0372000001370906,0.0170000009238719,0.0122999995946884,0.0137000000104308,0.0076999999582767
15.5,0.0035999999381601,0.0027000000700354,0.0397999994456768,0.0432999990880489,0.0447999984025955,0.0372000001370906,0.0170000009238719,0.0122999995946884,0.0137000000104308,0.0076999999582767
13.6,0.0057999999262392,0.0032999999821186,0.0526000000536441,0.0540000014007091,0.0546000003814697,0.0489000007510185,0.0228000003844499,0.0225000008940696,0.0226000007241964,0.0148000000044703
13.7,0.0057999999262392,0.0032999999821186,0.0526000000536441,0.0540000014007091,0.0546000003814697,0.0489000007510185,0.0228000003844499,0.0225000008940696,0.0226000007241964,0.0148000000044703
13.0,0.0063000000081956,0.0041999998502433,0.0381999984383583,0.048700001090765,0.0450000017881393,0.0419999994337558,0.0207000002264976,0.0189999993890523,0.0163000002503395,0.0141000002622604
13.2,0.0225000008940696,0.017400000244379,0.0592000000178813,0.06700000166893,0.0630000010132789,0.0579999983310699,0.0377000011503696,0.0350000001490116,0.0397999994456768,0.0296000000089406
14.0,0.0062000001780688,0.0046999999321997,0.0388999991118907,0.048200000077486,0.0445999987423419,0.0427000001072883,0.0209999997168779,0.0209999997168779,0.0156999994069337,0.0133999995887279
15.7,0.0062000001780688,0.0046999999321997,0.0388999991118907,0.048200000077486,0.0445999987423419,0.0427000001072883,0.0209999997168779,0.0209999997168779,0.0156999994069337,0.0133999995887279
14.0,0.0108000002801418,0.0091000003740191,0.0531999990344047,0.0615999996662139,0.0579999983310699,0.049100000411272,0.0252000000327825,0.0255999993532896,0.0245999991893768,0.0163000002503395
14.4,0.0065999999642372,0.0041999998502433,0.0472000017762184,0.0537000000476837,0.050900001078844,0.0434000007808208,0.0206000003963708,0.0228000003844499,0.0226000007241964,0.0147000001743435
14.8,0.0065999999642372,0.0041999998502433,0.0472000017762184,0.0537000000476837,0.050900001078844,0.0434000007808208,0.0206000003963708,0.0228000003844499,0.0226000007241964,0.0147000001743435
13.0,0.0322999991476535,0.025000000372529,0.0531999990344047,0.0648000016808509,0.061999998986721,0.0614000000059604,0.0395999997854232,0.0383000001311302,0.0344999991357326,0.0355000011622905
13.0,0.0322999991476535,0.025000000372529,0.0531999990344047,0.0648000016808509,0.061999998986721,0.0614000000059604,0.0395999997854232,0.0383000001311302,0.0344999991357326,0.0355000011622905
16.1,0.0483999997377395,0.0428999997675418,0.0903000012040138,0.0967999994754791,0.0992999970912933,0.0887999981641769,0.0644000023603439,0.0644000023603439,0.0667999982833862,0.0562999993562698
15.5,0.0483999997377395,0.0428999997675418,0.0903000012040138,0.0967999994754791,0.0992999970912933,0.0887999981641769,0.0644000023603439,0.0644000023603439,0.0667999982833862,0.0562999993562698
13.8,0.0168999992311,0.0142999999225139,0.0601000003516674,0.0627999976277351,0.0579999983310699,0.0555999986827373,0.0284000001847744,0.032999999821186,0.0261000003665685,0.02449999935925
14.9,0.0046000001020729,0.0043000001460313,0.0428999997675418,0.0533000007271766,0.0478000007569789,0.0427000001072883,0.0185000002384185,0.0197000000625848,0.0201999992132186,0.0109000001102685
15.4,0.0046000001020729,0.0043000001460313,0.0428999997675418,0.0533000007271766,0.0478000007569789,0.0427000001072883,0.0185000002384185,0.0197000000625848,0.0201999992132186,0.0109000001102685
18.8,0.0662000030279159,0.0557000003755092,0.1076000034809112,0.1140000000596046,0.1121999993920326,0.1145000010728836,0.0868000015616417,0.0864999964833259,0.089599996805191,0.0786999985575676
16.1,0.0120000001043081,0.0100999996066093,0.0527999997138977,0.0603000000119209,0.05180000141263,0.0555000007152557,0.0274999998509883,0.0296000000089406,0.0280000008642673,0.0187999997287988
18.0,0.0120000001043081,0.0100999996066093,0.0527999997138977,0.0603000000119209,0.05180000141263,0.0555000007152557,0.0274999998509883,0.0296000000089406,0.0280000008642673,0.0187999997287988
18.2,0.0582999996840953,0.0515000000596046,0.0966000035405159,0.1084000021219253,0.101400002837181,0.1105000004172325,0.0781000033020973,0.0784000009298324,0.0776000022888183,0.066600002348423
14.2,0.0197999998927116,0.0166999995708465,0.0527999997138977,0.0674000009894371,0.0562000013887882,0.0590999983251094,0.0353999994695186,0.0351999998092651,0.0384000018239021,0.0282000005245208
13.3,0.0197999998927116,0.0166999995708465,0.0527999997138977,0.0674000009894371,0.0562000013887882,0.0590999983251094,0.0353999994695186,0.0351999998092651,0.0384000018239021,0.0282000005245208
10.3,0.061999998986721,0.0538000017404556,0.1049999967217445,0.1172000020742416,0.1096000000834465,0.0966999977827072,0.0754999965429306,0.0746999979019165,0.0813999995589256,0.066600002348423
8.1,0.0359000004827976,0.0292000006884336,0.0741999968886375,0.0890000015497207,0.0758000016212463,0.0767000019550323,0.050900001078844,0.048700001090765,0.0478000007569789,0.0401999987661838
7.7,0.0359000004827976,0.0292000006884336,0.0741999968886375,0.0890000015497207,0.0758000016212463,0.0767000019550323,0.050900001078844,0.048700001090765,0.0478000007569789,0.0401999987661838
8.0,0.0066999997943639,0.0041000000201165,0.0406000018119812,0.0540000014007091,0.0397999994456768,0.0390000008046627,0.0211999993771314,0.0225000008940696,0.0186999998986721,0.0160000007599592
7.7,0.0085000004619359,0.0065999999642372,0.0373999997973442,0.0489999987185001,0.0366000011563301,0.0388000011444091,0.016499999910593,0.0153000000864267,0.0167999994009733,0.0111999996006488
8.6,0.0085000004619359,0.0065999999642372,0.0373999997973442,0.0489999987185001,0.0366000011563301,0.0388000011444091,0.016499999910593,0.0153000000864267,0.0167999994009733,0.0111999996006488
10.7,0.0189999993890523,0.0156999994069337,0.0516000017523765,0.0693999975919723,0.0524000003933906,0.0649000033736229,0.0346999987959861,0.0359000004827976,0.0342000015079975,0.0243999995291233
10.0,0.0439999997615814,0.0359000004827976,0.0754000023007392,0.0921000018715858,0.0750999972224235,0.0869999974966049,0.0603000000119209,0.0610000006854534,0.0568999983370304,0.0502999983727932
9.3,0.0439999997615814,0.0359000004827976,0.0754000023007392,0.0921000018715858,0.0750999972224235,0.0869999974966049,0.0603000000119209,0.0610000006854534,0.0568999983370304,0.0502999983727932
14.0,0.0355999991297721,0.0273000001907348,0.0710000023245811,0.0744000002741813,0.0715999975800514,0.0736000016331672,0.0570000000298023,0.0586999990046024,0.0562000013887882,0.0511000007390975
18.9,0.0355999991297721,0.0273000001907348,0.0710000023245811,0.0744000002741813,0.0715999975800514,0.0736000016331672,0.0570000000298023,0.0586999990046024,0.0562000013887882,0.0511000007390975
11.6,0.0219000000506639,0.0172000005841255,0.0540999993681907,0.0623000003397464,0.0588000006973743,0.0546999983489513,0.0313000008463859,0.0324999988079071,0.0340000018477439,0.026300000026822
12.7,0.0219000000506639,0.0172000005841255,0.0540999993681907,0.0623000003397464,0.0588000006973743,0.0546999983489513,0.0313000008463859,0.0324999988079071,0.0340000018477439,0.026300000026822
22.2,0.0049000000581145,0.0041999998502433,0.0390999987721443,0.0461000017821788,0.0469000004231929,0.0436999984085559,0.0221999995410442,0.0211999993771314,0.0187999997287988,0.0141000002622604
24.0,0.0065999999642372,0.0035999999381601,0.048700001090765,0.0524000003933906,0.0529999993741512,0.0513000003993511,0.0238000005483627,0.0272000003606081,0.0240000002086162,0.0141000002622604
25.3,0.0146000003442168,0.0115999998524785,0.048200000077486,0.0560000017285347,0.0606000013649463,0.0566000007092952,0.0304000005125999,0.0331999994814395,0.031700000166893,0.0239000003784894
26.5,0.0146000003442168,0.0115999998524785,0.048200000077486,0.0560000017285347,0.0606000013649463,0.0566000007092952,0.0304000005125999,0.0331999994814395,0.031700000166893,0.0239000003784894
26.5,0.0063999998383224,0.0051000001840293,0.0478999987244606,0.0557000003755092,0.0529000014066696,0.0533000007271766,0.0226000007241964,0.0276999995112419,0.0216000005602836,0.0143999997526407
29.7,0.0063999998383224,0.0051000001840293,0.0478999987244606,0.0557000003755092,0.0529000014066696,0.0533000007271766,0.0226000007241964,0.0276999995112419,0.0216000005602836,0.0143999997526407
22.1,0.0046999999321997,0.0041999998502433,0.0395999997854232,0.0487999990582466,0.049600001424551,0.0498000010848045,0.0212999992072582,0.0212999992072582,0.0167999994009733,0.0110999997705221
29.7,0.0046999999321997,0.0041999998502433,0.0395999997854232,0.0487999990582466,0.049600001424551,0.0498000010848045,0.0212999992072582,0.0212999992072582,0.0167999994009733,0.0110999997705221
32.2,0.0059000002220273,0.0062000001780688,0.0469999983906745,0.05180000141263,0.0551999993622303,0.0531000010669231,0.0281000006943941,0.0292000006884336,0.0242999996989965,0.0163000002503395
34.3,0.0032999999821186,0.0031000000890344,0.0375000014901161,0.0445999987423419,0.0469999983906745,0.0522999987006187,0.0245999991893768,0.025399999693036,0.0216000005602836,0.0148000000044703
32.5,0.0032999999821186,0.0031000000890344,0.0375000014901161,0.0445999987423419,0.0469999983906745,0.0522999987006187,0.0245999991893768,0.025399999693036,0.0216000005602836,0.0148000000044703
34.6,0.0040000001899898,0.0040000001899898,0.0346000008285045,0.0474000014364719,0.0546000003814697,0.0546000003814697,0.0258000008761882,0.0277999993413686,0.0219999998807907,0.0170000009238719
33.7,0.0040000001899898,0.0040000001899898,0.0346000008285045,0.0474000014364719,0.0546000003814697,0.0546000003814697,0.0258000008761882,0.0277999993413686,0.0219999998807907,0.0170000009238719
35.3,0.0055999998003244,0.0038999998942017,0.0425000004470348,0.05180000141263,0.0553999990224838,0.0544999986886978,0.0280000008642673,0.0273000001907348,0.0247000008821487,0.0162000004202127
33.7,0.0055999998003244,0.0038999998942017,0.0425000004470348,0.05180000141263,0.0553999990224838,0.0544999986886978,0.0280000008642673,0.0273000001907348,0.0247000008821487,0.0162000004202127
36.4,0.0038999998942017,0.0027000000700354,0.0379999987781047,0.0478999987244606,0.0524999983608722,0.0527999997138977,0.025900000706315,0.0258000008761882,0.0232999995350837,0.0167999994009733
34.6,0.0038999998942017,0.0027000000700354,0.0379999987781047,0.0478999987244606,0.0524999983608722,0.0527999997138977,0.025900000706315,0.0258000008761882,0.0232999995350837,0.0167999994009733
7.1,0.0063999998383224,0.0052000000141561,0.0333999991416931,0.0421999990940094,0.034400001168251,0.0333000011742115,0.0181000009179115,0.0185000002384185,0.0153999999165534,0.0122999995946884
17.7,0.0575000010430812,0.0502999983727932,0.0895000025629997,0.0991000011563301,0.09740000218153,0.1005999967455864,0.0772999972105026,0.0754999965429306,0.0775000005960464,0.0671999976038932
18.9,0.3616999983787536,0.3436000049114227,0.3075999915599823,0.2874000072479248,0.2784000039100647,0.3513000011444092,0.3811999857425689,0.3980999886989593,0.329800009727478,0.4117000102996826
7.0,0.0544999986886978,0.0456999987363815,0.0659999996423721,0.0795999988913536,0.0741000026464462,0.0781999975442886,0.0775000005960464,0.0776000022888183,0.0798999965190887,0.0771000012755394
1.4,0.0109999999403953,0.0093000000342726,0.0222999993711709,0.0318000018596649,0.0239000003784894,0.0236000008881092,0.0214000009000301,0.0217000003904104,0.0195000004023313,0.019200000911951
1.8,0.0115000000223517,0.0097000002861022,0.0324999988079071,0.0355999991297721,0.0274999998509883,0.0219000000506639,0.0219000000506639,0.0219000000506639,0.0233999993652105,0.0188999995589256
1.8,0.0456999987363815,0.0412999987602233,0.0535000003874301,0.0672999992966651,0.0582999996840953,0.063400000333786,0.0538000017404556,0.0531999990344047,0.0505999997258186,0.0511999987065792
1.9,0.0049000000581145,0.0031000000890344,0.0234999991953372,0.0269000008702278,0.015599999576807,0.016499999910593,0.0102000003680586,0.0120999999344348,0.0104000000283122,0.0080000003799796
2.0,0.0041999998502433,0.0037000000011175,0.0148000000044703,0.023199999704957,0.0153999999165534,0.0148999998345971,0.0082000000402331,0.0087999999523162,0.0077999997884035,0.0060999998822808
26.0,0.1085999980568885,0.1451999992132187,0.0709000006318092,0.1098000034689903,0.1151999980211258,0.1298000067472458,0.1190999969840049,0.1451999992132187,0.0644000023603439,0.1536999940872192
25.9,0.0044999998062849,0.0037000000011175,0.0161000005900859,0.0197000000625848,0.0138999996706843,0.0184000004082918,0.0113000003620982,0.0110999997705221,0.0093000000342726,0.0078999996185302
3.1,0.0087999999523162,0.0076000001281499,0.0275999996811151,0.0375000014901161,0.0282000005245208,0.0252000000327825,0.0154999997466802,0.0159000009298324,0.0142000000923872,0.0133999995887279
6.9,0.0256999991834163,0.0222999993711709,0.0542999990284442,0.0639000013470649,0.0592000000178813,0.0549999997019767,0.0377000011503696,0.0384000018239021,0.0346999987959861,0.0315000005066394
4.9,0.0544000007212162,0.0460000000894069,0.0846000015735626,0.0939000025391578,0.0803000032901763,0.0772999972105026,0.0617000013589859,0.0617000013589859,0.0680999979376792,0.0551999993622303
4.3,0.0674000009894371,0.060199998319149,0.0930000022053718,0.1004000008106231,0.0908999964594841,0.0903000012040138,0.0767000019550323,0.0742999985814094,0.0804999992251396,0.070200003683567
6.7,0.002199999988079,0.0015999999595806,0.0281000006943941,0.0351000018417835,0.025399999693036,0.0228000003844499,0.0082999998703598,0.0100999996066093,0.0074999998323619,0.0048000002279877
16.8,0.0070000002160668,0.0049999998882412,0.0465000011026859,0.0527999997138977,0.0513000003993511,0.046799998730421,0.0258000008761882,0.0249000005424022,0.0210999995470047,0.0162000004202127
16.9,0.0012000000569969,0.0005000000237487,0.0392000004649162,0.0450999997556209,0.0449000000953674,0.0390999987721443,0.0164000000804662,0.0173000004142522,0.0135000003501772,0.0080000003799796
17.6,0.0143999997526407,0.0110999997705221,0.0483999997377395,0.0579000003635883,0.0606000013649463,0.0588999986648559,0.0337999984622001,0.0340999998152256,0.0309999994933605,0.02449999935925
16.8,0.0093999998643994,0.0080000003799796,0.0513999983668327,0.0588000006973743,0.0551000013947486,0.0507000014185905,0.026300000026822,0.0258000008761882,0.0218000002205371,0.0168999992311
15.4,0.0059000002220273,0.0043000001460313,0.0463000014424324,0.0557999983429908,0.0478000007569789,0.046399999409914,0.0198999997228384,0.0211999993771314,0.0161000005900859,0.0116999996826052
14.9,0.049100000411272,0.0443999990820884,0.091899998486042,0.1019999980926513,0.0966999977827072,0.0957000032067298,0.069300003349781,0.0672999992966651,0.0709000006318092,0.0595000013709068
14.3,0.009800000116229,0.0080000003799796,0.0403999984264373,0.0542000010609626,0.0474999994039535,0.045499999076128,0.0218000002205371,0.0227000005543231,0.0193000007420778,0.0153999999165534
9.1,0.003400000045076,0.0032999999821186,0.0335999988019466,0.0394000001251697,0.0331999994814395,0.0286999996751546,0.0132999997586011,0.0144999995827674,0.0109000001102685,0.0082000000402331
7.37,0.0040000001899898,0.0031000000890344,0.0115000000223517,0.0104999998584389,0.0077999997884035,0.008899999782443,0.0043000001460313,0.0063000000081956,0.0046000001020729,0.0032999999821186
31.8,0.0005000000237487,0.0019000000320374,0.0322999991476535,0.0414999984204769,0.0419999994337558,0.0408999994397163,0.0189999993890523,0.017400000244379,0.0161000005900859,0.0104000000283122
15.8,0.0044999998062849,0.00179999996908,0.049100000411272,0.0498000010848045,0.0472999997437,0.0445999987423419,0.0229000002145767,0.0223999992012977,0.0197000000625848,0.0143999997526407
15.2,0.0133999995887279,0.0125000001862645,0.0500999987125396,0.0593999996781349,0.0575999990105629,0.0540000014007091,0.0324999988079071,0.031599998474121,0.0288999993354082,0.0248000007122755
16.9,0.0518999993801116,0.0465999990701675,0.0872000008821487,0.0967999994754791,0.0948000028729438,0.0926999971270561,0.0680999979376792,0.0690999999642372,0.070200003683567,0.0606000013649463
30.1,0.0074999998323619,0.0063000000081956,0.048200000077486,0.0551999993622303,0.0489999987185001,0.0535999983549118,0.0293000005185604,0.0305000003427267,0.0252999998629093,0.0189999993890523
33.3,0.0198999997228384,0.0159000009298324,0.050000000745058,0.0740000009536743,0.0480000004172325,0.1009000018239021,0.0631999969482421,0.0627000033855438,0.0542000010609626,0.0430000014603138
25.2,0.0035999999381601,0.0027000000700354,0.0480000004172325,0.0526000000536441,0.0498000010848045,0.0496999993920326,0.0271000005304813,0.0275999996811151,0.0219999998807907,0.0166999995708465
8.3,0.0065000001341104,0.006000000052154,0.0342999994754791,0.0419999994337558,0.034400001168251,0.0346000008285045,0.0178999993950128,0.0185000002384185,0.0143999997526407,0.0120999999344348
24.1,0.0456000007688999,0.0386999994516372,0.0759999975562095,0.0841000005602836,0.0848999992012977,0.0863000005483627,0.064300000667572,0.061099998652935,0.0636999979615211,0.0542000010609626
15.0,0.0450000017881393,0.0397000014781951,0.0636999979615211,0.0724999979138374,0.0744000002741813,0.0789000019431114,0.0615999996662139,0.0625,0.0568000003695488,0.0551000013947486
9.9,0.0529999993741512,0.0447000004351139,0.0668999999761581,0.0813999995589256,0.0728000029921531,0.0759000033140182,0.0749000012874603,0.0736000016331672,0.0759999975562095,0.0727000012993812
1.6,0.0091000003740191,0.006800000090152,0.0220999997109174,0.0308999996632337,0.0221999995410442,0.0214000009000301,0.0178999993950128,0.0184000004082918,0.0168999992311,0.015599999576807
1.4,0.003400000045076,0.002600000007078,0.0207000002264976,0.0266999993473291,0.0154999997466802,0.0163000002503395,0.0110999997705221,0.0116999996826052,0.0104000000283122,0.0098999999463558
2.2,0.0449000000953674,0.0408000014722347,0.0548000000417232,0.066100001335144,0.0579000003635883,0.0604999996721744,0.0522000007331371,0.0518999993801116,0.0494999997317791,0.0520999990403652
4.8,0.0044999998062849,0.0041000000201165,0.023199999704957,0.0306000001728534,0.0179999992251396,0.0188999995589256,0.0102000003680586,0.0115999998524785,0.0094999996945261,0.0076000001281499
2.7,0.0040000001899898,0.0043999999761581,0.0152000002562999,0.0272000003606081,0.0137999998405575,0.0156999994069337,0.0089999996125698,0.0085000004619359,0.0074999998323619,0.0074000000022351
17.5,0.0059000002220273,0.0082999998703598,0.0355000011622905,0.0626000016927719,0.0379000008106231,0.0533000007271766,0.0201999992132186,0.0208999998867511,0.017400000244379,0.0120000001043081
2.0,0.0104999998584389,0.0076000001281499,0.0295000001788139,0.0373000018298625,0.0272000003606081,0.0242999996989965,0.0156999994069337,0.0154999997466802,0.0153000000864267,0.0135000003501772
5.9,0.0209999997168779,0.0207000002264976,0.0438000001013278,0.0544000007212162,0.0450000017881393,0.0434999987483024,0.0308999996632337,0.0294000003486871,0.0277999993413686,0.0271000005304813
6.1,0.0049999998882412,0.0041999998502433,0.0313999988138675,0.0351000018417835,0.0252000000327825,0.0218000002205371,0.0113000003620982,0.0118000004440546,0.0094999996945261,0.0086000002920627
3.4,0.0692000016570091,0.063400000333786,0.0896999984979629,0.098300002515316,0.0923999994993209,0.0917000025510788,0.0775000005960464,0.0780000016093254,0.0815000012516975,0.0719999969005584
4.9,0.0041000000201165,0.0046000001020729,0.031599998474121,0.0353999994695186,0.0252999998629093,0.0229000002145767,0.009800000116229,0.0115000000223517,0.010700000450015,0.0071999998763203
16.8,0.0063000000081956,0.0049999998882412,0.0461999997496604,0.050900001078844,0.0498000010848045,0.0472000017762184,0.0248000007122755,0.0249000005424022,0.0204000007361173,0.0152000002562999
17.5,0.00089999998454,0.0015999999595806,0.0395999997854232,0.045499999076128,0.0436000004410743,0.0394000001251697,0.0162000004202127,0.0163000002503395,0.0135000003501772,0.0082999998703598
17.5,0.0091000003740191,0.0104000000283122,0.0419999994337558,0.0553000010550022,0.0542000010609626,0.048700001090765,0.0263999998569488,0.0245999991893768,0.0230000000447034,0.017799999564886
15.8,0.0747999995946884,0.0645999982953071,0.096000000834465,0.1040000021457672,0.1013000011444091,0.0989999994635582,0.0791999995708465,0.0800999999046325,0.0769999995827674,0.0698999986052513
15.5,0.0043000001460313,0.0031999999191612,0.0397999994456768,0.0483999997377395,0.0421000011265277,0.0425999984145164,0.0172000005841255,0.017799999564886,0.0143999997526407,0.0093000000342726
16.0,0.289900004863739,0.2940999865531921,0.2696000039577484,0.2851999998092651,0.2899999916553497,0.3212000131607055,0.3206999897956848,0.3260000050067901,0.2786000072956085,0.328000009059906
13.8,0.0098999999463558,0.0085000004619359,0.0419000014662742,0.0546999983489513,0.048700001090765,0.045499999076128,0.0229000002145767,0.0228000003844499,0.0193000007420778,0.0161000005900859
10.5,0.0041999998502433,0.0038000000640749,0.0375999994575977,0.0410000011324882,0.0359999984502792,0.0328000001609325,0.0153999999165534,0.0154999997466802,0.0131999999284744,0.0094999996945261
8.08,0.0043999999761581,0.0052000000141561,0.0267999991774559,0.0362999998033046,0.0296000000089406,0.025900000706315,0.0135000003501772,0.0109000001102685,0.0116999996826052,0.0065000001341104
39.7,0.0020000000949949,0.00179999996908,0.0333999991416931,0.0432000011205673,0.0516000017523765,0.0524999983608722,0.0285000000149011,0.0305000003427267,0.0261000003665685,0.0172000005841255
14.9,0.0147000001743435,0.0135000003501772,0.0604000017046928,0.0641999989748001,0.0597999989986419,0.0526000000536441,0.0300999991595745,0.0286999996751546,0.0313000008463859,0.0207000002264976
15.0,0.0203000009059906,0.017400000244379,0.0546000003814697,0.0676999986171722,0.0649999976158142,0.0606000013649463,0.0361000001430511,0.0370999984443187,0.033500000834465,0.0307999998331069
15.5,0.0408000014722347,0.0359999984502792,0.0812000036239624,0.0896999984979629,0.0861999988555908,0.0807999968528747,0.0564999990165233,0.0548000000417232,0.0588999986648559,0.0474999994039535
18.6,0.0057999999262392,0.0035000001080334,0.0469000004231929,0.0535000003874301,0.0461999997496604,0.0474000014364719,0.0238000005483627,0.0252000000327825,0.0210999995470047,0.016499999910593
15.2,0.0154999997466802,0.0138999996706843,0.0516999997198581,0.0626000016927719,0.0504000000655651,0.0549999997019767,0.031599998474121,0.0307000000029802,0.0307000000029802,0.0240000002086162
25.1,0.0031999999191612,0.0006000000284984,0.0478000007569789,0.0518999993801116,0.050500001758337,0.050000000745058,0.0262000001966953,0.0266999993473291,0.0212999992072582,0.0164000000804662
5.1,0.0046999999321997,0.0031999999191612,0.0260000005364418,0.0315000005066394,0.0255999993532896,0.0220999997109174,0.0065000001341104,0.0080000003799796,0.0041999998502433,0.0041999998502433
11.8,0.0149999996647238,0.0111999996006488,0.0377000011503696,0.0450999997556209,0.0373000018298625,0.0416000001132488,0.0223999992012977,0.0207000002264976,0.0197000000625848,0.013600000180304
9.4,0.069300003349781,0.0610000006854534,0.0734999999403953,0.0855000019073486,0.0920000001788139,0.0838999971747398,0.0690999999642372,0.0719000026583671,0.06700000166893,0.0718000009655952
3.6,0.069300003349781,0.0623000003397464,0.0720999985933303,0.0807000026106834,0.0791999995708465,0.0834000036120414,0.0788000002503395,0.0799999982118606,0.0784000009298324,0.0790000036358833
3.9,0.0108000002801418,0.0087000001221895,0.0194000005722045,0.0271000005304813,0.0230000000447034,0.0227000005543231,0.0108000002801418,0.0100999996066093,0.0109999999403953,0.0092000002041459
4.1,0.0052000000141561,0.0046999999321997,0.0178999993950128,0.0242999996989965,0.0167999994009733,0.0171000007539987,0.0093999998643994,0.0097000002861022,0.0087999999523162,0.0074999998323619
5.6,0.0680999979376792,0.0588999986648559,0.0698999986052513,0.0846000015735626,0.0816000029444694,0.0860000029206276,0.0698999986052513,0.0696000009775161,0.066600002348423,0.0696000009775161
6.2,0.0063999998383224,0.0044999998062849,0.0186999998986721,0.0261000003665685,0.016499999910593,0.0218000002205371,0.006800000090152,0.0089999996125698,0.0082999998703598,0.0059000002220273
8.4,0.0057999999262392,0.0049999998882412,0.0154999997466802,0.0305000003427267,0.0176999997347593,0.0267999991774559,0.0074999998323619,0.0074000000022351,0.0073000001721084,0.0055999998003244
27.6,0.1041999980807304,0.0921000018715858,0.0825999975204467,0.0894000008702278,0.0780000016093254,0.1000000014901161,0.1059999987483024,0.1191999986767768,0.1202000007033348,0.122699998319149
25.6,0.0080000003799796,0.0083999997004866,0.0333999991416931,0.0377999991178512,0.0283000003546476,0.0390000008046627,0.0151000004261732,0.0168999992311,0.0121999997645616,0.0104000000283122
7.2,0.0071000000461936,0.0051000001840293,0.0280000008642673,0.0355000011622905,0.0308999996632337,0.0265999995172023,0.0077999997884035,0.0089999996125698,0.0074999998323619,0.0054999999701976
7.2,0.0199999995529651,0.0178999993950128,0.0412999987602233,0.0483000017702579,0.0419000014662742,0.0379000008106231,0.0197000000625848,0.0214000009000301,0.0186999998986721,0.0167999994009733
4.3,0.045899998396635,0.0410000011324882,0.0775000005960464,0.0768000036478042,0.068400003015995,0.062899999320507,0.0474999994039535,0.0472000017762184,0.052700001746416,0.0425000004470348
4.0,0.0979000031948089,0.0944000035524368,0.1133999973535537,0.1209999993443489,0.1176000013947486,0.1171000003814697,0.1032000035047531,0.1048000007867813,0.096400000154972,0.1023000031709671
5.3,0.0133999995887279,0.0119000002741813,0.036200001835823,0.0392999984323978,0.0304000005125999,0.026300000026822,0.0114000001922249,0.0110999997705221,0.0104999998584389,0.0092000002041459
11.1,0.0115000000223517,0.0094999996945261,0.0425999984145164,0.0467000007629394,0.0423000007867813,0.0379000008106231,0.0171000007539987,0.0170000009238719,0.0160000007599592,0.0115000000223517
11.9,0.0038999998942017,0.0035000001080334,0.033500000834465,0.0386999994516372,0.0359999984502792,0.0293000005185604,0.006800000090152,0.0074999998323619,0.0062000001780688,0.0027999999001622
11.1,0.0114000001922249,0.0097000002861022,0.0368999987840652,0.0480000004172325,0.0423999987542629,0.0373000018298625,0.0147000001743435,0.0160000007599592,0.0151000004261732,0.0109999999403953
10.3,0.0214000009000301,0.0216000005602836,0.0548000000417232,0.060199998319149,0.0557000003755092,0.0493000000715255,0.0239000003784894,0.0241999998688697,0.0230000000447034,0.0190999992191791
7.5,0.0048000002279877,0.0046999999321997,0.0304000005125999,0.0381999984383583,0.0282000005245208,0.0212999992072582,9.999999747378752e-05,9.999999747378752e-05,9.999999747378752e-05,9.999999747378752e-05
16.9,0.0926999971270561,0.0667999982833862,0.1103999987244606,0.1263999938964843,0.1120000034570694,0.1216000020503997,0.1108999997377395,0.1019999980926513,0.1159999966621398,0.0903000012040138
8.5,0.0103000001981854,0.0085000004619359,0.0342999994754791,0.0461000017821788,0.0377999991178512,0.0318999998271465,0.0100999996066093,0.0096000004559755,0.0089999996125698,0.0073000001721084
5.9,0.0078999996185302,0.0063999998383224,0.0205000005662441,0.0199999995529651,0.019200000911951,0.0186000000685453,0.0102000003680586,0.0111999996006488,0.0102000003680586,0.0087999999523162
7.65,0.0060999998822808,0.0044999998062849,0.0230000000447034,0.0289999991655349,0.0308999996632337,0.0293000005185604,0.0120999999344348,0.0124000003561377,0.010700000450015,0.0074999998323619
23.6,0.0028999999631196,0.0023000000510364,0.024100000038743,0.0287999995052814,0.034800000488758,0.032999999821186,0.0131999999284744,0.0147000001743435,0.0120000001043081,0.0087999999523162
10.5,0.0080000003799796,0.0066999997943639,0.0292000006884336,0.0295000001788139,0.0275999996811151,0.0262000001966953,0.0131999999284744,0.010700000450015,0.0097000002861022,0.0081000002101063
11.1,0.018300000578165,0.0159000009298324,0.048700001090765,0.061999998986721,0.0562000013887882,0.0480999983847141,0.0252999998629093,0.0239000003784894,0.0248000007122755,0.0206000003963708
12.7,0.0390999987721443,0.0340999998152256,0.0766000002622604,0.0803000032901763,0.0777999982237815,0.0731000006198883,0.0465999990701675,0.0472999997437,0.0507999993860721,0.0403999984264373
11.1,0.0046000001020729,0.0038999998942017,0.0304000005125999,0.0372000001370906,0.0287999995052814,0.0272000003606081,0.0078999996185302,0.0074000000022351,0.0071999998763203,0.0035000001080334
22.9,0.0063999998383224,0.0052000000141561,0.0377000011503696,0.0474000014364719,0.0472999997437,0.045899998396635,0.0176999997347593,0.0186999998986721,0.0157999992370605,0.0119000002741813
23.4,0.0051000001840293,0.0041000000201165,0.0445999987423419,0.048599999397993,0.0485000014305114,0.0485000014305114,0.0204000007361173,0.0207000002264976,0.0163000002503395,0.0109000001102685
7.1,0.0044999998062849,0.0031999999191612,0.0271000005304813,0.0359000004827976,0.0304000005125999,0.0254999995231628,0.0082999998703598,0.0093000000342726,0.0052000000141561,0.0038999998942017
14.1,0.0526000000536441,0.0454000011086463,0.0839999988675117,0.0899000018835067,0.0929000005125999,0.0900000035762786,0.065700002014637,0.0640000030398368,0.065700002014637,0.0551000013947486
18.2,0.0614000000059604,0.0542999990284442,0.0698999986052513,0.0834999978542327,0.0795999988913536,0.0901999995112419,0.0718000009655952,0.0732999965548515,0.0671000033617019,0.064300000667572
10.9,0.0533000007271766,0.0447999984025955,0.0685999989509582,0.0807999968528747,0.0776000022888183,0.0843999981880188,0.0753000006079673,0.0745000019669532,0.0789000019431114,0.0689999982714653
1.5,0.0102000003680586,0.0074000000022351,0.0186999998986721,0.0260000005364418,0.0186000000685453,0.0166999995708465,0.0098999999463558,0.0110999997705221,0.0093000000342726,0.0086000002920627
0.9,0.0060999998822808,0.0052999998442828,0.0215000007301569,0.025000000372529,0.015599999576807,0.0126000000163912,0.0074999998323619,0.0085000004619359,0.0082999998703598,0.0065999999642372
2.1,0.0599999986588954,0.0538000017404556,0.0687000006437301,0.0781000033020973,0.0712999999523162,0.0727000012993812,0.0626000016927719,0.0606999993324279,0.0588999986648559,0.0604000017046928
5.0,0.0063000000081956,0.0043000001460313,0.023199999704957,0.0297999996691942,0.0194000005722045,0.0167999994009733,0.0052999998442828,0.0070000002160668,0.0052000000141561,0.0040000001899898
2.1,0.0066999997943639,0.0057000000961124,0.0113000003620982,0.0197999998927116,0.0120000001043081,0.0131999999284744,0.0041000000201165,0.0054999999701976,0.0041999998502433,0.0031999999191612
33.1,0.0114000001922249,0.0092000002041459,0.0491999983787536,0.0623000003397464,0.0564999990165233,0.0659999996423721,0.0331999994814395,0.0346999987959861,0.0285999998450279,0.0201999992132186
32.0,0.0046000001020729,0.0049000000581145,0.0359000004827976,0.0524999983608722,0.0535999983549118,0.0601000003516674,0.0276999995112419,0.0294000003486871,0.0248000007122755,0.0168999992311
12.3,0.0074000000022351,0.0060999998822808,0.0289999991655349,0.0362999998033046,0.0322999991476535,0.0274000000208616,0.0085000004619359,0.008899999782443,0.006800000090152,0.0048000002279877
6.6,0.0223999992012977,0.0209999997168779,0.045499999076128,0.0537000000476837,0.0483999997377395,0.0441999994218349,0.0233999993652105,0.0238000005483627,0.0220999997109174,0.0182000007480382
7.4,0.0917000025510788,0.0798999965190887,0.1298000067472458,0.132200002670288,0.1238000020384788,0.1116999983787536,0.0984999984502792,0.0940999984741211,0.1049999967217445,0.0895000025629997
7.4,0.0573999993503093,0.0491999983787536,0.0834999978542327,0.0860999971628189,0.0820000022649765,0.0781999975442886,0.0604999996721744,0.0592000000178813,0.0662000030279159,0.0533999986946582
10.3,0.0041999998502433,0.0035999999381601,0.0282000005245208,0.0324000008404254,0.0262000001966953,0.0216000005602836,0.0024999999441206,0.0038999998942017,0.0010000000474974,9.999999747378752e-05
17.3,0.0110999997705221,0.006800000090152,0.0449000000953674,0.0509999990463256,0.049100000411272,0.045499999076128,0.0204000007361173,0.0198999997228384,0.0162000004202127,0.0137999998405575
21.1,0.0041000000201165,0.002600000007078,0.0351000018417835,0.0419000014662742,0.0445000007748603,0.0417000018060207,0.0138999996706843,0.0144999995827674,0.010700000450015,0.0052000000141561
21.7,0.0141000002622604,0.0102000003680586,0.0397999994456768,0.0474999994039535,0.0535999983549118,0.0526000000536441,0.0272000003606081,0.0284000001847744,0.0260000005364418,0.0186000000685453
15.6,0.012699999846518,0.0109000001102685,0.0326999984681606,0.0351999998092651,0.0329000018537044,0.0289999991655349,0.0124000003561377,0.0087000001221895,0.0082000000402331,0.0062000001780688
14.7,0.0054999999701976,0.0063999998383224,0.0425999984145164,0.0504000000655651,0.0432000011205673,0.0366999991238117,0.0052999998442828,0.0048000002279877,0.0013999999500811,9.999999747378752e-05
14.1,0.0141000002622604,0.0110999997705221,0.0406000018119812,0.0511999987065792,0.0461999997496604,0.0419000014662742,0.0165999997407197,0.0168999992311,0.0148000000044703,0.0110999997705221
11.1,0.0076000001281499,0.0052999998442828,0.0304000005125999,0.0353999994695186,0.0328000001609325,0.0281000006943941,0.0097000002861022,0.0116999996826052,0.0085000004619359,0.0051000001840293
8.52,0.0065000001341104,0.006000000052154,0.0357000008225441,0.0430000014603138,0.0403999984264373,0.033500000834465,0.010700000450015,0.0108000002801418,0.0098999999463558,0.0065999999642372
35.7,0.0027999999001622,0.0032999999821186,0.0276999995112419,0.0379999987781047,0.048700001090765,0.0511999987065792,0.0285999998450279,0.0294000003486871,0.0263999998569488,0.0170000009238719
17.3,0.0070000002160668,0.0044999998062849,0.0458000004291534,0.0465999990701675,0.0410000011324882,0.0392999984323978,0.0193000007420778,0.018300000578165,0.0154999997466802,0.0078999996185302
14.8,0.0233999993652105,0.0206000003963708,0.0584000013768672,0.068400003015995,0.062399998307228,0.0582000017166137,0.034800000488758,0.0328000001609325,0.0307999998331069,0.0252000000327825
15.2,0.0538999997079372,0.0491999983787536,0.096400000154972,0.1004000008106231,0.096900001168251,0.0934000015258789,0.066600002348423,0.0671999976038932,0.065200001001358,0.0570000000298023
21.1,0.0065000001341104,0.0049999998882412,0.0403000004589557,0.048599999397993,0.0419999994337558,0.0427000001072883,0.0160000007599592,0.0173000004142522,0.0130000002682209,0.0080000003799796
19.9,0.0184000004082918,0.0159000009298324,0.0483000017702579,0.0579000003635883,0.0562000013887882,0.0524999983608722,0.0274000000208616,0.0280000008642673,0.025399999693036,0.0207000002264976
26.7,0.0062000001780688,0.0044999998062849,0.0461999997496604,0.0502999983727932,0.0511999987065792,0.049100000411272,0.0219000000506639,0.023199999704957,0.0167999994009733,0.0119000002741813
5.2,0.0092000002041459,0.0065000001341104,0.0281000006943941,0.0361000001430511,0.0295000001788139,0.025900000706315,0.0115000000223517,0.0127999996766448,0.0127999996766448,0.0141000002622604
11.7,0.0395000018179416,0.031199999153614,0.0636999979615211,0.0724999979138374,0.0709000006318092,0.0693999975919723,0.0507000014185905,0.0494000017642974,0.0546999983489513,0.0456999987363815
9.5,0.1817000061273574,0.1074000000953674,0.1609999984502792,0.1666000038385391,0.1700000017881393,0.1836999952793121,0.1933999955654144,0.183799996972084,0.2946000099182129,0.1797000020742416
3.7,0.0548000000417232,0.0423000007867813,0.066600002348423,0.0768999978899955,0.0685999989509582,0.068800002336502,0.0697999969124794,0.0723000019788742,0.0755999982357025,0.0688999965786933
2.5,0.0146000003442168,0.0118000004440546,0.0205000005662441,0.0285000000149011,0.0210999995470047,0.0204000007361173,0.015599999576807,0.0129000004380941,0.0168999992311,0.0151000004261732
3.2,0.0120999999344348,0.0066999997943639,0.0240000002086162,0.0239000003784894,0.018300000578165,0.0165999997407197,0.0140000004321336,0.016499999910593,0.0179999992251396,0.0161000005900859
4.9,0.1023000031709671,0.0785000026226043,0.0921000018715858,0.1067999973893165,0.1011999994516372,0.1011999994516372,0.1049000024795532,0.1155000030994415,0.1288000047206878,0.1211000010371208
4.3,0.0116999996826052,0.0082999998703598,0.0240000002086162,0.0281000006943941,0.0204000007361173,0.0189999993890523,0.0099999997764825,0.0122999995946884,0.0121999997645616,0.0131000000983476
2.9,0.0121999997645616,0.0087000001221895,0.0161000005900859,0.024100000038743,0.0176999997347593,0.0170000009238719,0.0087999999523162,0.0131000000983476,0.0122999995946884,0.0133999995887279
16.0,0.0599999986588954,0.0742999985814094,0.0612000003457069,0.0697999969124794,0.0749000012874603,0.0821999981999397,0.0766000002622604,0.0929000005125999,0.0480999983847141,0.1158000007271766
17.9,0.0094999996945261,0.0052999998442828,0.013600000180304,0.0161000005900859,0.0149999996647238,0.0153999999165534,0.0076999999582767,0.0078999996185302,0.0093000000342726,0.0076000001281499
9.9,0.0148999998345971,0.0098999999463558,0.0140000004321336,0.0181000009179115,0.0185000002384185,0.0190999992191791,0.0131999999284744,0.0141000002622604,0.0161000005900859,0.0133999995887279
10.3,0.3194999992847442,0.2472999989986419,0.193800002336502,0.2122000008821487,0.2104000002145767,0.2353000044822693,0.2834999859333038,0.2989000082015991,0.3282000124454498,0.3138999938964844
7.5,0.0147000001743435,0.0089999996125698,0.0300999991595745,0.0340999998152256,0.0310999993234872,0.0285999998450279,0.0210999995470047,0.0208000000566244,0.0188999995589256,0.0175000000745058
6.5,0.0776999965310096,0.0640000030398368,0.1124000027775764,0.1154000014066696,0.1062000021338462,0.1054000034928321,0.0873999968171119,0.088699996471405,0.0982000008225441,0.0813999995589256
7.0,0.0094999996945261,0.0071999998763203,0.0285000000149011,0.0313999988138675,0.025399999693036,0.0199999995529651,0.0071999998763203,0.0083999997004866,0.0066999997943639,0.006800000090152
12.7,0.0242999996989965,0.0137000000104308,0.0401000007987022,0.0461999997496604,0.0417999997735023,0.0463000014424324,0.0381999984383583,0.0498000010848045,0.032999999821186,0.0469999983906745
11.9,0.0148000000044703,0.0092000002041459,0.0351000018417835,0.0408000014722347,0.0381999984383583,0.0388000011444091,0.0305000003427267,0.0337000004947185,0.0185000002384185,0.0256999991834163
9.7,0.0163000002503395,0.0122999995946884,0.0331000015139579,0.0452000014483928,0.0399000011384487,0.0399999991059303,0.0288999993354082,0.0295000001788139,0.0272000003606081,0.0276999995112419
11.1,0.0227000005543231,0.0168999992311,0.0434000007808208,0.05180000141263,0.047699999064207,0.0496999993920326,0.032999999821186,0.0344999991357326,0.0308999996632337,0.0320999994874
9.6,0.0153000000864267,0.0105999996885657,0.0377999991178512,0.0460000000894069,0.0375000014901161,0.0362999998033046,0.0229000002145767,0.0205000005662441,0.0147000001743435,0.0147000001743435
12.1,0.0248000007122755,0.0198999997228384,0.0335999988019466,0.0434999987483024,0.0406000018119812,0.0441999994218349,0.0318000018596649,0.0292000006884336,0.0281000006943941,0.0286999996751546
12.0,0.019200000911951,0.0122999995946884,0.0372000001370906,0.0494999997317791,0.0456999987363815,0.0406000018119812,0.0212999992072582,0.0245999991893768,0.0234999991953372,0.0208000000566244
3.8,0.0654999986290931,0.0529999993741512,0.0287999995052814,0.0313000008463859,0.0337999984622001,0.0496999993920326,0.0725999996066093,0.0793000012636184,0.0478000007569789,0.0925000011920929
7.65,0.012699999846518,0.0087999999523162,0.0245999991893768,0.0309999994933605,0.0278999991714954,0.0262000001966953,0.0157999992370605,0.0142000000923872,0.0164000000804662,0.0153999999165534
13.6,0.0076999999582767,0.0051000001840293,0.0288999993354082,0.0342999994754791,0.0438000001013278,0.0441999994218349,0.0254999995231628,0.0286999996751546,0.0274999998509883,0.0197999998927116
5.6,0.0549999997019767,0.0447000004351139,0.0507000014185905,0.0568000003695488,0.0524000003933906,0.066100001335144,0.0667999982833862,0.0610000006854534,0.0491999983787536,0.0626000016927719
10.5,0.0261000003665685,0.0188999995589256,0.048599999397993,0.0582000017166137,0.0544999986886978,0.050000000745058,0.033500000834465,0.0348999984562397,0.0322999991476535,0.0287999995052814
8.1,0.0498000010848045,0.0417000018060207,0.0852999985218048,0.0878000035881996,0.0842000022530555,0.0813999995589256,0.0601000003516674,0.0582999996840953,0.0615000016987323,0.0538000017404556
8.1,0.0083999997004866,0.0059000002220273,0.033900000154972,0.0410999990999698,0.0326999984681606,0.0362999998033046,0.0148000000044703,0.0154999997466802,0.0162000004202127,0.0124000003561377
17.5,0.0115999998524785,0.0094999996945261,0.033900000154972,0.0438000001013278,0.0412999987602233,0.0447999984025955,0.023199999704957,0.0269000008702278,0.0236000008881092,0.0203000009059906
22.9,0.0099999997764825,0.0063999998383224,0.0436999984085559,0.0494999997317791,0.0476000010967254,0.0491999983787536,0.0271000005304813,0.0303000006824731,0.0234999991953372,0.0188999995589256
8.46,0.0147000001743435,0.0125000001862645,0.0500999987125396,0.0724999979138374,0.0375999994575977,0.0432999990880489,0.0251000002026557,0.024100000038743,0.0220999997109174,0.0206000003963708
3.73,0.0141000002622604,0.0110999997705221,0.0511000007390975,0.0714000016450882,0.0370000004768371,0.0362999998033046,0.0228000003844499,0.0232999995350837,0.0197000000625848,0.0182000007480382
4.21,0.0210999995470047,0.019200000911951,0.0588999986648559,0.0782999992370605,0.0432999990880489,0.0443999990820884,0.0306000001728534,0.031199999153614,0.0272000003606081,0.0272000003606081
2.04,0.0152000002562999,0.012699999846518,0.0472999997437,0.0531999990344047,0.0252999998629093,0.024100000038743,0.019200000911951,0.0210999995470047,0.0188999995589256,0.0175999999046325
2.08,0.0059000002220273,0.0038000000640749,0.0650999993085861,0.0662000030279159,0.0280000008642673,0.0249000005424022,0.0165999997407197,0.0170000009238719,0.0162000004202127,0.0113000003620982
14.7,0.0082000000402331,0.0043999999761581,0.0701000019907951,0.0923999994993209,0.0566999986767768,0.0649000033736229,0.0386999994516372,0.0403000004589557,0.0364999994635582,0.0309999994933605
3.92,0.0065999999642372,0.0040000001899898,0.0592000000178813,0.0712999999523162,0.0355999991297721,0.0337000004947185,0.0205000005662441,0.0198999997228384,0.017400000244379,0.0164000000804662
5.44,0.006000000052154,0.0038000000640749,0.065200001001358,0.0794000029563903,0.0375000014901161,0.0353999994695186,0.0230000000447034,0.0237000007182359,0.0205000005662441,0.0185000002384185
8.21,0.0089999996125698,0.0071999998763203,0.0416000001132488,0.063400000333786,0.0381999984383583,0.0406000018119812,0.019200000911951,0.0196000002324581,0.0203000009059906,0.0135000003501772
0.96,0.0027000000700354,0.0024999999441206,0.0252000000327825,0.0293000005185604,0.0074999998323619,0.006000000052154,0.0035000001080334,0.003000000026077,0.0049000000581145,0.002600000007078
14.8,0.0153999999165534,0.0141000002622604,0.0447999984025955,0.0671000033617019,0.049600001424551,0.0608000010251998,0.0291000008583068,0.0297999996691942,0.0262000001966953,0.0248000007122755
5.32,0.0190999992191791,0.0164000000804662,0.0461999997496604,0.0575000010430812,0.0432000011205673,0.0403000004589557,0.023199999704957,0.0252000000327825,0.0214000009000301,0.0208999998867511
16.0,0.016499999910593,0.0149999996647238,0.0558499991893768,0.0834499970078468,0.0664499998092651,0.0774499997496604,0.0402499996125698,0.0401000007987022,0.0318499989807605,0.0283499993383884
5.77,0.0070000002160668,0.0063999998383224,0.0377999991178512,0.0562999993562698,0.0310999993234872,0.0390000008046627,0.0168999992311,0.0172000005841255,0.0120000001043081,0.0105999996885657
1.65,0.0054000001400709,0.0057999999262392,0.0304000005125999,0.0359000004827976,0.0164000000804662,0.0146000003442168,0.0076999999582767,0.0063000000081956,0.0083999997004866,0.0066999997943639
3.54,0.0127999996766448,0.0105999996885657,0.0507999993860721,0.063799999654293,0.0373999997973442,0.0275999996811151,0.0163000002503395,0.017799999564886,0.0166999995708465,0.0143999997526407
39.9,0.0118000004440546,0.0099999997764825,0.06700000166893,0.0938000008463859,0.0612000003457069,0.0758000016212463,0.0394000001251697,0.0406000018119812,0.034400001168251,0.0285999998450279
51.3,0.0113000003620982,0.0093000000342726,0.0716999992728233,0.096000000834465,0.0631999969482421,0.0710000023245811,0.0342999994754791,0.0340999998152256,0.0288999993354082,0.0234999991953372
19.0,0.0103000001981854,0.0080000003799796,0.062399998307228,0.0806000009179115,0.0399000011384487,0.0403999984264373,0.0207000002264976,0.0199999995529651,0.0196000002324581,0.0160000007599592
28.2,0.002600000007078,0.00179999996908,0.0688999965786933,0.1044000014662742,0.0662999972701072,0.0864999964833259,0.0357999987900257,0.0351000018417835,0.0280000008642673,0.0208999998867511
12.8,0.0020000000949949,0.0012000000569969,0.0489999987185001,0.0706999972462654,0.0372000001370906,0.0443999990820884,0.017400000244379,0.0161000005900859,0.0127999996766448,0.0087000001221895
37.4,0.0041000000201165,0.002199999988079,0.0626000016927719,0.1005999967455864,0.066500000655651,0.0976999998092651,0.0449000000953674,0.0476000010967254,0.0351999998092651,0.0266999993473291
20.4,0.0041000000201165,0.0037000000011175,0.0549999997019767,0.0812000036239624,0.0504000000655651,0.0680000036954879,0.0299999993294477,0.0303000006824731,0.0225000008940696,0.017799999564886
42.0,0.0039499998092651,0.0031000000890344,0.0602499991655349,0.094200000166893,0.0640499964356422,0.0948000028729438,0.0434000007808208,0.0457499995827674,0.0355499982833862,0.0269499998539686
17.3,0.0028999999631196,0.0013999999500811,0.0568000003695488,0.0886000022292137,0.0461000017821788,0.0597000010311603,0.0230999998748302,0.0212999992072582,0.0142000000923872,0.0149999996647238
7.34,0.0041999998502433,0.0028999999631196,0.0570000000298023,0.0856999978423118,0.0388000011444091,0.0373000018298625,0.0163000002503395,0.0152000002562999,0.0133999995887279,0.009800000116229
8.99,0.0020999999251216,0.0020000000949949,0.046399999409914,0.0775000005960464,0.0377000011503696,0.0408000014722347,0.0142999999225139,0.0143999997526407,0.0130000002682209,0.0092000002041459
93.5,0.0307500008493661,0.0201999992132186,0.0847999975085258,0.1238000020384788,0.122699998319149,0.1151999980211258,0.0731000006198883,0.0798500031232833,0.0513000003993511,0.0533000007271766
90.7,0.0101500004529953,0.0076000001281499,0.0892999991774559,0.1266999989748001,0.127700001001358,0.1228500008583068,0.062899999320507,0.0608999989926815,0.045899998396635,0.0335500016808509
91.0,0.0095499996095895,0.0070000002160668,0.0825999975204467,0.1238000020384788,0.1124999970197677,0.1159500032663345,0.0565499998629093,0.0544000007212162,0.0417999997735023,0.0294000003486871
