Station,Date,Time,Alk-Tot,Chl-a,Cl-Tot,DRP,EC,H-T,NH4N,NO2N,NO3N,O2-Dis,SiO2-Dis,TDS,TEMP,TURB,pH,Station Identifier,Latitude,Longitude,Region,Cl-Dis,NH3N,SiO2-Rea,TDP,TN,TP,TRANS,TSS,O2-Dis-Sat,TIP,BOD,TOTCOLI,A340,As-Tot,COL-True,Cd-Tot,Cr-Tot,DOC,ENTCOCC,FECALCOLI,Hg-Tot,Ni-Tot,Pb-Tot,TEMP-Air,TKN,TOC,TON,TRP,Ca-Dis,Fe-Dis,Mg-Dis,Na-Dis,Pb-Dis,SO4-Dis,Zn-Dis,Cluster
MEX05084,2015-03-06,,,0.00151,,,58674.0,,,0.021,0.153,5.68,,46939.2,28.3,25.4,8.1,LAGUNA TECOMATE 2,16.66816,-99.292,Mexico,,0.151,,,0.622,0.123,0.4,89.0,91.0,,,,0.039,0.01,5.0,3.0,0.005,,1.0,3.0,0.5,0.001,0.005,29.6,0.448,,0.297,0.103,,,,,,,,516
MEX05084,2015-04-09,,,0.00064,,,57892.0,,,0.021,0.02,4.54,,46313.6,29.2,20.9,7.8,LAGUNA TECOMATE 2,16.66816,-99.292,Mexico,,0.115,,,0.176,0.007,0.4,70.0,62.9,,,,0.179,0.01,30.0,3.0,0.0073,6.503,1.0,30.0,0.5,0.0215,0.0052,28.4,0.135,6.839,0.02,0.007,,,,,,,,516
MEX05084,2015-05-21,,,0.00116,,,63986.0,,,0.021,0.034,4.24,,51188.8,30.9,19.2,7.6,LAGUNA TECOMATE 2,16.66816,-99.292,Mexico,,0.067,,,0.729,0.034,0.5,53.0,69.1,,,,0.167,0.01,30.0,3.0,0.005,7.514,10.0,90.0,0.5,0.0136,0.005,31.6,0.674,7.869,0.607,0.007,,,,,,,,516
MEX05084,2015-07-03,,,0.00101,,,68790.0,,,0.021,0.02,4.27,,55032.0,30.9,29.2,8.1,LAGUNA TECOMATE 2,16.66816,-99.292,Mexico,,0.029,,,0.537,0.059,0.4,117.5,71.3,,,,0.244,0.01,40.0,3.0,0.005,7.033,10.0,30.0,0.5,0.0118,0.005,29.7,0.496,7.848,0.467,0.027,,,,,,,,516
MEX05084,2016-03-10,,,0.0005,,,65043.0,,,0.021,0.053,5.6,,52034.4,28.2,13.6,8.1,LAGUNA TECOMATE 2,16.66816,-99.292,Mexico,,0.324,,,,0.194,0.5,60.0,83.5,,,,0.282,0.01,40.0,3.0,0.005,20.063,20.0,30.0,0.5,0.001,0.005,30.3,,25.17,,0.191,,,,,,,,516
MEX05084,2016-05-05,,,0.0005,,,76413.0,,,0.021,0.028,5.6,,61130.4,31.4,22.5,8.3,LAGUNA TECOMATE 2,16.66816,-99.292,Mexico,,0.363,,,0.76,0.119,0.4,172.84,75.1,,,,0.302,0.01,40.0,3.7,0.0742,21.211,8164.0,30.0,0.5,0.0492,0.0167,32.3,0.711,22.455,0.348,0.115,,,,,,,,516
MEX05084,2016-07-04,,,0.0056,,,85155.0,,,0.021,0.139,,,68124.0,32.1,7.89,8.5,LAGUNA TECOMATE 2,16.66816,-99.292,Mexico,,0.26,,,0.8,0.24,0.4,103.0,,,,,0.319,0.01,20.0,3.0,0.0077,22.389,10.0,30.0,0.5,0.00577,0.005,33.6,0.64,23.136,0.38,0.15,,,,,,,,516
MEX05084,2016-08-11,,,0.0017,,,67752.0,,,0.04,0.162,5.8,,54201.6,32.3,7.57,8.2,LAGUNA TECOMATE 2,16.66816,-99.292,Mexico,,0.027,,,0.83,0.156,0.7,87.0,79.5,,,,0.453,0.01,70.0,3.0,0.00659,19.828,10.0,30.0,0.5,0.03851,0.0068,31.9,0.628,21.405,0.601,0.06,,,,,,,,516
MEX05084,2017-03-07,,,0.00301,,,64146.0,,,0.021,0.311,5.71,,51316.8,29.1,24.5,8.06,LAGUNA TECOMATE 2,16.66816,-99.292,Mexico,,0.02,,,1.296,0.168,0.4,51.0,74.0,,,,0.298,0.01,40.0,3.0,0.00542,16.909,197.0,150.0,0.5,0.01184,0.005,30.6,0.964,17.992,0.944,0.013,,,,,,,,516
MEX05084,2017-04-20,,,0.0069,,,52880.0,,,0.021,0.436,5.0,,42304.0,30.5,24.5,8.39,LAGUNA TECOMATE 2,16.66816,-99.292,Mexico,,0.221,,,1.695,0.07,0.45,167.143,68.0,,,,0.359,0.01,40.0,3.0,0.005,20.237,10.0,30.0,0.5,0.00829,0.005,29.7,1.238,21.159,1.017,0.007,,,,,,,,516
MEX05084,2017-06-01,,,0.000895,,,40721.0,,,0.021,0.381,5.1,,32576.8,29.0,18.8,8.39,LAGUNA TECOMATE 2,16.66816,-99.292,Mexico,,0.299,,,1.153,0.141,0.5,97.403,70.3,,,,0.352,0.01,40.0,3.0,0.005,19.398,52.0,90.0,0.5,0.01355,0.005,29.2,0.751,20.406,0.452,0.088,,,,,,,,516
MEX05084,2017-07-20,,,0.005816,,,34385.0,,,0.021,0.027,6.0,,27508.0,32.0,9.87,8.1,LAGUNA TECOMATE 2,16.66816,-99.292,Mexico,,0.108,,,0.444,0.114,0.42,69.492,80.7,,,,0.448,0.01,40.0,3.0,0.005,14.254,10.0,30.0,0.5,0.00533,0.005,29.1,0.396,14.713,0.288,0.045,,,,,,,,516
MEX05084,2018-02-09,,,0.000615,,,40410.0,,,0.021,0.126,6.0,,32328.0,28.2,7.82,7.8,LAGUNA TECOMATE 2,16.66816,-99.292,Mexico,,0.678,,,1.283,0.21,0.99,34.0,80.1,,,,0.113,0.01,5.0,3.0,0.06927,6.005,563.0,30.0,0.5,0.00481,0.005,25.3,1.136,7.18,0.458,0.041,,,,,,,,516
MEX05084,2018-03-16,,,0.0005,,,50489.0,,,0.021,0.1,3.8,,40391.2,28.5,11.0,8.1,LAGUNA TECOMATE 2,16.66816,-99.292,Mexico,,0.18,,,0.367,0.054,0.47,35.0,57.4,,,,0.03,0.01,20.0,3.0,0.01001,7.235,10.0,30.0,0.53,0.017,0.005,28.1,0.246,8.074,0.066,0.047,,,,,,,,516
MEX05084,2018-04-27,,,0.0005,,,54981.0,,,0.021,0.052,3.1,,43984.8,29.7,9.98,8.3,LAGUNA TECOMATE 2,16.66816,-99.292,Mexico,,0.036,,,0.174,0.19,0.3,67.0,51.9,,,,0.169,0.01,30.0,3.0,0.01083,10.633,30.0,30.0,0.5,0.00528,0.005,29.1,0.101,10.998,0.065,0.007,,,,,,,,516
MEX05084,2018-10-25,,,0.004846,,,17420.0,,,0.021,0.399,3.4,,13936.0,30.5,9.61,7.8,LAGUNA TECOMATE 2,16.66816,-99.292,Mexico,,1.186,,,3.696,0.188,0.75,26.0,55.7,,,,0.392,0.01,50.0,3.0,0.02026,13.363,10.0,30.0,0.5,0.00289,0.005,26.9,3.276,13.746,2.09,0.071,,,,,,,,516
MEX05085,2015-03-06,,,0.00147,,,57905.0,,,0.021,0.036,4.99,,46324.0,27.1,8.08,8.0,LAGUNA TECOMATE 1,16.65612,-99.26447,Mexico,,0.157,,,,0.095,0.7,58.0,76.4,,,,0.039,0.01,5.0,3.0,0.005,0.5,1.0,210.0,0.5,0.001,0.005,28.3,,0.5,,0.085,,,,,,,,516
MEX05085,2015-04-09,,,0.00071,,,56785.0,,,0.021,0.02,3.63,,45428.0,29.6,8.07,7.7,LAGUNA TECOMATE 1,16.65612,-99.26447,Mexico,,0.053,,,0.114,0.007,0.9,46.0,48.9,,,,0.119,0.01,20.0,3.0,0.0142,3.44,1.0,30.0,0.5,0.0159,0.005,27.7,0.073,4.461,0.02,0.007,,,,,,,,516
MEX05085,2015-05-21,,,0.00117,,,63143.0,,,0.021,0.035,3.29,,50514.4,30.7,11.1,7.5,LAGUNA TECOMATE 1,16.65612,-99.26447,Mexico,,0.097,,,0.434,0.061,0.6,63.0,50.6,,,,0.136,0.01,30.0,3.0,0.005,3.484,10.0,90.0,0.5,0.0068,0.005,30.0,0.378,6.254,0.281,0.007,,,,,,,,516
MEX05085,2015-07-03,,,0.00106,,,67993.0,,,0.021,0.02,4.61,,54394.4,32.4,11.5,8.1,LAGUNA TECOMATE 1,16.65612,-99.26447,Mexico,,0.022,,,2.784,0.157,0.5,70.0,79.9,,,,0.215,0.01,30.0,3.0,0.005,6.122,40.0,30.0,0.5,0.0109,0.005,29.4,2.743,6.317,2.721,0.147,,,,,,,,516
MEX05085,2016-03-10,,,0.0005,,,63605.0,,,0.021,0.06,3.6,,50884.0,28.7,10.8,7.9,LAGUNA TECOMATE 1,16.65612,-99.26447,Mexico,,0.186,,,2.534,0.084,0.4,58.0,57.4,,,,0.26,0.01,50.0,3.0,0.005,18.887,10.0,90.0,0.5,0.001,0.005,29.6,2.453,20.07,2.267,0.079,,,,,,,,516
MEX05085,2016-05-05,,,0.0005,,,75979.0,,,0.021,0.036,5.6,,60783.2,31.0,14.4,8.3,LAGUNA TECOMATE 1,16.65612,-99.26447,Mexico,,0.153,,,0.778,0.15,0.4,118.46,77.4,,,,0.271,0.01,50.0,3.0,0.0156,18.046,697.0,240.0,0.5,0.0162,0.005,31.9,0.721,19.911,0.568,0.007,,,,,,,,516
MEX05085,2016-07-04,,,0.0005,,,84710.0,,,0.021,0.128,4.7,,67768.0,31.8,8.69,8.4,LAGUNA TECOMATE 1,16.65612,-99.26447,Mexico,,0.103,,,0.326,0.199,0.7,88.0,64.9,,,,0.279,0.01,30.0,3.0,0.005,17.45,10.0,30.0,0.5,0.00536,0.005,32.4,0.177,18.561,0.074,0.089,,,,,,,,516
MEX05085,2016-08-11,,,0.00371,,,66342.0,,,0.031,0.155,3.7,,53073.6,32.1,14.1,8.1,LAGUNA TECOMATE 1,16.65612,-99.26447,Mexico,,0.04,,,0.961,0.125,0.5,83.0,54.3,,,,0.446,0.01,150.0,3.0,0.00556,17.318,31.0,230.0,0.5,0.01035,0.005,30.1,0.775,19.999,0.735,0.053,,,,,,,,516
MEX05085,2017-03-07,,,0.00317,,,63640.0,,,0.021,0.338,5.45,,50912.0,28.7,6.97,8.01,LAGUNA TECOMATE 1,16.65612,-99.26447,Mexico,,0.076,,,0.803,0.165,0.58,22.0,71.3,,,,0.27,0.01,40.0,3.0,0.00947,16.358,10.0,30.0,0.5,0.01262,0.005,28.4,0.444,19.486,0.368,0.032,,,,,,,,516
MEX05085,2017-04-20,,,0.007,,,52420.0,,,0.021,0.454,5.2,,41936.0,30.5,11.2,8.15,LAGUNA TECOMATE 1,16.65612,-99.26447,Mexico,,0.27,,,1.532,0.083,0.74,36.0,70.0,,,,0.323,0.01,50.0,3.0,0.02813,,10.0,30.0,0.5,0.01098,0.005,28.7,1.057,,0.787,0.016,,,,,,,,516
MEX05085,2017-06-01,,,0.0005,,,40120.0,,,0.021,0.208,5.1,,32096.0,29.9,5.67,7.86,LAGUNA TECOMATE 1,16.65612,-99.26447,Mexico,,0.352,,,0.998,0.135,0.8,29.0,70.0,,,,0.225,0.01,30.0,3.0,0.01221,0.5,118.0,30.0,0.5,0.01501,0.005,28.9,0.769,0.5,0.417,0.072,,,,,,,,516
MEX05085,2017-07-20,,,0.016933,,,33695.0,,,0.021,0.02,4.1,,26956.0,32.6,10.4,7.5,LAGUNA TECOMATE 1,16.65612,-99.26447,Mexico,,0.056,,,0.237,0.131,0.34,109.091,61.2,,,,0.402,0.01,60.0,3.0,0.005,13.853,20.0,40.0,0.5,0.00643,0.005,27.2,0.196,14.808,0.14,0.048,,,,,,,,516
MEX05085,2018-02-09,,,0.0005,,,40321.0,,,0.021,0.129,6.3,,32256.8,27.8,4.78,7.8,LAGUNA TECOMATE 1,16.65612,-99.26447,Mexico,,0.519,,,0.762,0.181,1.4,28.0,83.1,,,,0.033,0.01,5.0,3.0,0.005,3.093,2224.0,40.0,0.5,0.001,0.005,23.8,0.612,3.778,0.093,0.029,,,,,,,,516
MEX05085,2018-03-16,,,0.0005,,,57386.0,,,0.021,0.141,3.8,,45908.8,29.9,6.6,8.0,LAGUNA TECOMATE 1,16.65612,-99.26447,Mexico,,0.169,,,0.362,0.049,0.48,25.0,40.6,,,,0.03,0.01,10.0,3.0,0.01879,3.548,6867.0,30.0,0.5,0.00399,0.005,26.3,0.2,3.85,0.031,0.036,,,,,,,,516
MEX05085,2018-04-27,,,0.002792,,,54949.0,,,0.021,0.059,2.2,,43959.2,30.9,10.4,8.1,LAGUNA TECOMATE 1,16.65612,-99.26447,Mexico,,0.035,,,0.177,0.194,0.2,52.0,37.1,,,,0.142,0.01,40.0,3.0,0.00742,8.872,214.0,30.0,0.5,0.00444,0.005,28.3,0.097,9.103,0.062,0.009,,,,,,,,516
MEX05085,2018-10-25,,,0.006638,,,17129.0,,,0.021,0.02,2.0,,13703.2,30.5,4.15,7.5,LAGUNA TECOMATE 1,16.65612,-99.26447,Mexico,,0.327,,,0.658,0.24,1.05,18.0,33.6,,,,0.402,0.01,50.0,3.0,0.01689,12.733,10.0,30.0,0.5,0.00327,0.00979,26.5,0.617,13.389,0.29,0.126,,,,,,,,516
MEX05086,2015-03-06,,,0.00129,,,56914.0,,,0.021,0.037,6.13,,45531.2,28.9,5.71,8.1,LAGUNA TECOMATE 3,16.67789,-99.30379,Mexico,,0.217,,,4.327,0.031,0.9,36.0,89.7,,,,0.137,0.01,5.0,3.0,0.005,4.97,1.0,3.0,0.5,0.001,0.005,29.9,4.269,5.315,4.052,0.007,,,,,,,,516
MEX05086,2015-04-09,,,0.00073,,,58140.0,,,0.021,0.02,4.2,,46512.0,28.8,14.3,8.0,LAGUNA TECOMATE 3,16.67789,-99.30379,Mexico,,0.044,,,0.105,0.007,0.5,62.0,61.2,,,,0.202,0.01,20.0,3.0,0.0067,6.232,4.0,40.0,0.5,0.0221,0.005,29.6,0.064,8.791,0.02,0.007,,,,,,,,516
MEX05086,2015-05-21,,,0.00115,,,64074.0,,,0.021,0.049,4.31,,51259.2,31.0,19.7,7.6,LAGUNA TECOMATE 3,16.67789,-99.30379,Mexico,,0.044,,,0.769,0.063,0.3,65.0,71.2,,,,0.268,0.01,50.0,3.0,0.0059,12.291,10.0,30.0,0.5,0.0097,0.005,32.3,0.699,13.287,0.655,0.008,,,,,,,,516
MEX05086,2015-07-03,,,0.00107,,,68817.0,,,0.021,0.023,4.33,,55053.6,30.9,35.1,8.1,LAGUNA TECOMATE 3,16.67789,-99.30379,Mexico,,0.022,,,0.627,0.212,0.4,168.0,72.4,,,,0.271,0.01,40.0,3.0,0.0081,7.982,20.0,30.0,0.5,0.0134,0.005,29.7,0.583,9.445,0.561,0.059,,,,,,,,516
MEX05086,2016-03-10,,,0.00141,,,67471.0,,,0.021,0.023,5.9,,53976.8,27.9,10.5,8.2,LAGUNA TECOMATE 3,16.67789,-99.30379,Mexico,,0.127,,,5.819,0.07,0.5,68.0,90.4,,,,0.273,0.01,30.0,3.0,0.005,22.418,10.0,30.0,0.5,0.001,0.005,30.1,5.775,31.507,5.648,0.07,,,,,,,,516
MEX05086,2016-05-05,,,0.00174,,,76991.0,,,0.021,0.024,5.7,,61592.8,31.8,8.85,8.4,LAGUNA TECOMATE 3,16.67789,-99.30379,Mexico,,0.158,,,0.579,0.451,0.6,85.0,77.7,,,,0.346,0.01,30.0,3.0,0.0109,26.104,341.0,70.0,0.5,0.024,0.0106,32.7,0.534,28.526,0.376,0.13,,,,,,,,516
MEX05086,2016-07-04,,,0.00589,,,86462.0,,,0.021,0.136,,,69169.6,32.4,6.8,8.5,LAGUNA TECOMATE 3,16.67789,-99.30379,Mexico,,0.157,,,0.416,0.175,0.5,142.0,,,,,0.345,0.01,20.0,3.0,0.005,25.436,10.0,30.0,0.5,0.0079,0.005,33.4,0.259,28.207,0.102,0.154,,,,,,,,516
MEX05086,2016-08-11,,,0.00172,,,69072.0,,,0.043,0.259,4.9,,55257.6,32.7,8.2,8.3,LAGUNA TECOMATE 3,16.67789,-99.30379,Mexico,,0.026,,,1.036,0.142,0.8,85.0,65.8,,,,0.365,0.01,40.0,3.0,0.01109,21.11,20.0,30.0,0.5,0.08757,0.03131,33.4,0.734,22.188,0.708,0.066,,,,,,,,516
MEX05086,2017-03-07,,,0.00176,,,66145.0,,,0.021,0.359,5.1,,52916.0,29.2,5.55,8.1,LAGUNA TECOMATE 3,16.67789,-99.30379,Mexico,,0.042,,,1.166,0.13,0.7,39.0,67.7,,,,0.274,0.01,20.0,3.0,0.005,17.293,332.0,90.0,0.5,0.03091,0.005,32.0,0.786,17.494,0.744,0.007,,,,,,,,516
MEX05086,2017-04-20,,,0.00681,,,52981.0,,,0.021,0.417,5.61,,42384.8,32.8,13.8,7.98,LAGUNA TECOMATE 3,16.67789,-99.30379,Mexico,,0.272,,,0.795,0.132,0.52,56.0,73.0,,,,0.329,0.01,40.0,3.0,0.005,21.894,10.0,30.0,0.5,0.01881,0.005,32.0,0.357,22.181,0.085,0.01,,,,,,,,516
MEX05086,2017-06-01,,,0.000831,,,50120.0,,,0.021,0.359,5.41,,40096.0,26.9,16.2,8.7,LAGUNA TECOMATE 3,16.67789,-99.30379,Mexico,,0.414,,,1.115,0.212,0.55,136.111,75.4,,,,0.409,0.01,80.0,3.0,0.00556,24.504,97.0,30.0,0.5,0.01833,0.005,30.3,0.735,27.292,0.321,0.179,,,,,,,,516
MEX05086,2017-07-20,,,0.007054,,,27034.0,,,0.021,0.02,5.9,,21627.2,32.6,10.6,8.4,LAGUNA TECOMATE 3,16.67789,-99.30379,Mexico,,0.08,,,0.424,0.099,0.39,123.81,68.9,,,,0.425,0.01,30.0,3.0,0.005,16.744,10.0,30.0,0.5,0.00434,0.005,30.3,0.383,17.352,0.303,0.037,,,,,,,,516
MEX05086,2018-02-09,,,0.0005,,,40001.0,,,0.021,0.164,6.4,,32000.8,26.7,11.2,7.9,LAGUNA TECOMATE 3,16.67789,-99.30379,Mexico,,0.485,,,1.005,0.201,0.89,39.0,85.0,,,,0.158,0.01,5.0,3.0,0.01004,7.063,506.0,30.0,0.5,0.00119,0.005,28.1,0.82,8.493,0.335,0.022,,,,,,,,516
MEX05086,2018-03-16,,,0.0005,,,53899.0,,,0.021,0.083,3.6,,43119.2,28.2,16.3,8.2,LAGUNA TECOMATE 3,16.67789,-99.30379,Mexico,,0.114,,,0.238,0.052,0.45,50.0,56.1,,,,0.03,0.01,20.0,3.0,0.01436,8.142,73.0,30.0,0.5,0.00407,0.005,29.0,0.134,8.522,0.02,0.039,,,,,,,,516
MEX05086,2018-04-27,,,0.0005,,,54567.0,,,0.021,0.034,3.0,,43653.6,28.9,12.3,8.3,LAGUNA TECOMATE 3,16.67789,-99.30379,Mexico,,0.04,,,0.159,0.154,0.3,67.0,49.3,,,,0.235,0.01,30.0,3.0,0.02531,14.695,20.0,30.0,0.5,0.00606,0.005,29.9,0.104,14.838,0.064,0.007,,,,,,,,516
MEX05086,2018-10-25,,,0.014976,,,17100.0,,,0.021,0.02,3.7,,13680.0,29.8,6.87,7.8,LAGUNA TECOMATE 3,16.67789,-99.30379,Mexico,,0.538,,,0.696,0.158,0.75,17.0,61.2,,,,0.426,0.01,50.0,3.0,0.01797,13.631,20.0,30.0,0.5,0.0242,0.005,27.3,0.655,15.499,0.117,0.059,,,,,,,,516
MEX05087,2015-03-06,,,0.00126,,,52614.0,,,0.021,0.053,6.18,,42091.2,29.6,6.49,8.2,LAGUNA TECOMATE 4,16.69125,-99.34852,Mexico,,0.564,,,5.134,0.194,0.6,50.0,89.4,,,,0.196,0.01,20.0,3.0,0.005,7.523,1.0,3.0,0.5,0.001,0.005,31.9,5.06,8.422,4.496,0.154,,,,,,,,516
MEX05087,2015-04-09,,,0.00093,,,56138.0,,,0.021,0.025,4.47,,44910.4,30.4,19.5,8.0,LAGUNA TECOMATE 4,16.69125,-99.34852,Mexico,,0.126,,,0.534,0.022,0.4,10.0,63.3,,,,0.202,0.01,30.0,3.0,0.0115,8.161,1.0,30.0,0.5,0.0213,0.005,33.0,0.488,11.592,0.362,0.014,,,,,,,,516
MEX05087,2015-05-21,,,0.00124,,,64414.0,,,0.021,0.049,4.19,,51531.2,31.7,13.6,7.6,LAGUNA TECOMATE 4,16.69125,-99.34852,Mexico,,0.115,,,0.773,0.014,0.6,89.0,67.5,,,,0.273,0.01,30.0,3.0,0.005,15.341,30.0,150.0,0.5,0.0068,0.005,33.2,0.703,19.263,0.588,0.007,,,,,,,,516
MEX05087,2015-07-03,,,0.00096,,,67911.0,,,0.021,0.029,4.78,,54328.8,30.9,20.8,8.7,LAGUNA TECOMATE 4,16.69125,-99.34852,Mexico,,0.02,,,0.815,0.007,0.5,10.0,83.1,,,,0.293,0.01,50.0,3.0,0.0051,10.238,10.0,30.0,0.8,0.0172,0.005,30.9,0.765,12.134,0.745,0.007,,,,,,,,516
MEX05087,2016-03-10,,,0.00144,,,68940.0,,,0.021,0.028,6.0,,55152.0,28.2,12.8,8.3,LAGUNA TECOMATE 4,16.69125,-99.34852,Mexico,,0.211,,,3.346,1.048,0.5,58.0,90.6,,,,0.31,0.01,30.0,3.0,0.005,,10.0,30.0,0.5,0.001,0.005,30.6,3.297,13.872,3.086,0.914,,,,,,,,516
MEX05087,2016-05-05,,,0.00154,,,77905.0,,,0.021,0.026,6.6,,62324.0,32.4,10.1,8.5,LAGUNA TECOMATE 4,16.69125,-99.34852,Mexico,,0.783,,,1.202,0.308,0.7,163.0,84.7,,,,0.381,0.01,20.0,3.0,0.005,31.314,10.0,2100.0,0.5,0.0234,0.0186,33.8,1.155,34.08,0.372,0.179,,,,,,,,516
MEX05087,2016-07-04,,,0.00561,,,89415.0,,,0.022,0.08,,,71532.0,32.3,18.0,8.7,LAGUNA TECOMATE 4,16.69125,-99.34852,Mexico,,0.18,,,0.475,0.273,0.5,127.0,,,,,0.412,0.01,60.0,3.0,0.005,32.893,10.0,30.0,0.5,0.00568,0.005,33.9,0.373,38.395,0.193,0.237,,,,,,,,516
MEX05087,2016-08-11,,,0.00528,,,73420.0,,,0.031,0.165,6.1,,58736.0,33.1,4.81,8.1,LAGUNA TECOMATE 4,16.69125,-99.34852,Mexico,,0.106,,,1.212,0.209,1.0,64.0,74.6,,,,0.32,0.01,30.0,3.0,0.005,24.494,10.0,30.0,0.5,0.001,0.005,33.6,1.016,25.626,0.91,0.103,,,,,,,,516
MEX05087,2017-03-07,,,0.00232,,,68462.0,,,0.021,0.386,5.61,,54769.6,29.7,9.24,8.17,LAGUNA TECOMATE 4,16.69125,-99.34852,Mexico,,0.09,,,1.165,0.132,0.61,24.0,72.4,,,,0.311,0.01,30.0,3.0,0.005,20.045,90.0,30.0,0.5,0.01306,0.005,33.9,0.758,22.899,0.668,0.007,,,,,,,,516
MEX05087,2017-04-20,,,0.0063,,,52891.0,,,0.021,0.446,5.41,,42312.8,31.4,8.85,8.31,LAGUNA TECOMATE 4,16.69125,-99.34852,Mexico,,0.193,,,1.565,0.044,0.75,66.0,75.0,,,,0.405,0.01,30.0,3.0,0.005,21.612,239.0,40.0,0.5,0.01192,0.005,33.0,1.098,21.875,0.905,0.044,,,,,,,,516
MEX05087,2017-06-01,,,0.0005,,,40784.0,,,0.021,0.263,5.11,,32627.2,30.6,12.3,8.87,LAGUNA TECOMATE 4,16.69125,-99.34852,Mexico,,0.53,,,0.987,0.174,0.52,48.0,70.4,,,,0.423,0.01,60.0,3.0,0.005,24.978,20.0,30.0,0.5,0.02191,0.005,31.4,0.703,26.226,0.173,0.088,,,,,,,,516
MEX05087,2017-07-20,,,0.0005,,,32072.0,,,0.021,0.02,5.9,,25657.6,32.5,8.38,8.5,LAGUNA TECOMATE 4,16.69125,-99.34852,Mexico,,0.052,,,0.253,0.092,0.5,100.0,70.9,,,,0.295,0.01,30.0,3.0,0.005,17.831,10.0,30.0,0.5,0.0031,0.005,31.1,0.212,18.779,0.16,0.043,,,,,,,,516
MEX05087,2018-02-09,,,0.0005,,,40171.0,,,0.021,0.144,5.7,,32136.8,28.5,7.66,7.9,LAGUNA TECOMATE 4,16.69125,-99.34852,Mexico,,0.608,,,1.332,0.163,0.99,36.0,76.1,,,,0.243,0.01,20.0,3.0,0.0223,12.334,1947.0,30.0,0.5,0.00544,0.005,30.1,1.167,13.709,0.559,0.017,,,,,,,,516
MEX05087,2018-03-16,,,0.0005,,,53734.0,,,0.021,0.107,4.1,,42987.2,29.4,10.4,8.3,LAGUNA TECOMATE 4,16.69125,-99.34852,Mexico,,0.166,,,0.326,0.051,0.34,43.0,65.9,,,,0.03,0.01,20.0,3.0,0.05197,10.428,84.0,30.0,0.5,0.00327,0.005,30.0,0.198,11.353,0.032,0.039,,,,,,,,516
MEX05087,2018-04-27,,,0.0005,,,54929.0,,,0.021,0.02,3.1,,43943.2,30.0,9.58,8.3,LAGUNA TECOMATE 4,16.69125,-99.34852,Mexico,,0.183,,,0.309,0.149,0.3,52.0,52.9,,,,0.311,0.01,20.0,3.0,0.02961,19.441,3433.0,30.0,0.5,0.01664,0.005,31.3,0.268,19.457,0.085,0.007,,,,,,,,516
MEX05087,2018-10-25,,,0.021389,,,16546.0,,,0.021,0.02,1.0,,13236.8,30.5,4.44,7.1,LAGUNA TECOMATE 4,16.69125,-99.34852,Mexico,,0.241,,,0.498,0.166,0.65,13.0,10.0,,,,0.521,0.01,80.0,3.0,0.02612,15.235,10.0,30.0,0.5,0.00346,0.005,29.9,0.457,16.157,0.216,0.046,,,,,,,,516
MEX05088,2015-03-06,,,0.00125,,,53633.0,,,0.021,0.04,6.03,,42906.4,29.2,7.01,8.2,LAGUNA TECOMATE 5,16.69428,-99.32942,Mexico,,0.086,,,5.805,0.132,0.6,47.0,87.3,,,,0.189,0.01,10.0,3.0,0.005,7.438,1.0,30.0,0.5,0.001,0.005,30.2,5.744,7.934,5.658,0.106,,,,,,,,516
MEX05088,2015-04-09,,,0.00091,,,55980.0,,,0.021,0.077,4.53,,44784.0,29.9,16.5,8.0,LAGUNA TECOMATE 5,16.69428,-99.32942,Mexico,,0.044,,,0.528,0.028,0.3,60.0,62.7,,,,0.219,0.01,40.0,3.0,0.005,9.693,1.0,40.0,0.5,0.0199,0.005,30.1,0.43,13.392,0.386,0.012,,,,,,,,516
MEX05088,2015-05-21,,,0.0012,,,64383.0,,,0.021,0.041,4.35,,51506.4,31.4,14.8,7.5,LAGUNA TECOMATE 5,16.69428,-99.32942,Mexico,,0.125,,,0.677,0.037,0.5,76.0,72.4,,,,0.245,0.01,30.0,3.0,0.005,12.687,10.0,30.0,0.5,0.0325,0.005,33.1,0.615,16.892,0.49,0.024,,,,,,,,516
MEX05088,2015-07-03,,,0.00099,,,67852.0,,,0.021,0.087,4.71,,54281.6,30.7,24.7,8.6,LAGUNA TECOMATE 5,16.69428,-99.32942,Mexico,,0.021,,,0.725,0.351,0.4,125.0,80.5,,,,0.276,0.01,30.0,3.0,0.0051,10.069,30.0,30.0,0.5,0.0145,0.005,30.0,0.617,10.786,0.596,0.196,,,,,,,,516
MEX05088,2016-03-10,,,0.00134,,,68323.0,,,0.021,0.021,5.6,,54658.4,28.3,10.7,8.3,LAGUNA TECOMATE 5,16.69428,-99.32942,Mexico,,0.02,,,3.513,,0.6,85.0,87.0,,,,0.281,0.01,30.0,3.0,0.005,8.769,10.0,40.0,0.5,0.001,0.005,31.4,3.471,22.186,3.451,0.814,,,,,,,,516
MEX05088,2016-05-05,,,0.00163,,,77513.0,,,0.021,0.029,6.1,,62010.4,32.0,12.8,8.4,LAGUNA TECOMATE 5,16.69428,-99.32942,Mexico,,0.425,,,1.022,0.077,0.7,87.0,83.6,,,,0.377,0.01,20.0,3.0,0.005,28.997,110.0,90.0,0.5,0.0181,0.0109,33.6,0.972,30.351,0.547,0.033,,,,,,,,516
MEX05088,2016-07-04,,,0.00576,,,88010.0,,,0.021,0.133,,,70408.0,32.2,12.1,8.6,LAGUNA TECOMATE 5,16.69428,-99.32942,Mexico,,0.02,,,0.194,0.382,0.6,180.0,,,,,0.416,0.01,100.0,3.0,0.005,33.774,10.0,30.0,0.5,0.00729,0.005,33.9,0.04,40.819,0.02,0.296,,,,,,,,516
MEX05088,2016-08-11,,,0.00242,,,72138.0,,,0.025,0.179,5.4,,57710.4,33.0,4.65,8.2,LAGUNA TECOMATE 5,16.69428,-99.32942,Mexico,,0.035,,,1.013,0.133,0.9,65.0,61.1,,,,0.317,0.01,30.0,3.0,0.0072,23.98,41.0,30.0,0.5,0.001,0.005,34.4,0.809,25.712,0.774,0.061,,,,,,,,516
MEX05088,2017-03-07,,,0.00304,,,67413.0,,,0.021,0.343,4.2,,53930.4,29.4,16.9,8.1,LAGUNA TECOMATE 5,16.69428,-99.32942,Mexico,,0.103,,,1.149,0.126,0.7,38.0,54.7,,,,0.289,0.01,30.0,3.0,0.005,19.709,90.0,30.0,0.5,0.01537,0.005,33.5,0.785,20.268,0.682,0.007,,,,,,,,516
MEX05088,2017-04-20,,,0.007,,,52121.0,,,0.021,0.488,4.91,,41696.8,30.8,11.4,8.11,LAGUNA TECOMATE 5,16.69428,-99.32942,Mexico,,0.21,,,0.759,0.486,0.69,42.0,69.0,,,,0.059,0.01,30.0,3.0,0.0059,23.377,10.0,30.0,0.5,0.01493,0.005,32.9,0.25,23.986,0.04,0.049,,,,,,,,516
MEX05088,2017-06-01,,,0.000855,,,40681.0,,,0.021,0.223,4.51,,32544.8,30.3,10.7,,LAGUNA TECOMATE 5,16.69428,-99.32942,Mexico,,0.231,,,0.833,0.215,0.7,45.0,63.1,,,,0.435,0.01,40.0,3.0,0.005,26.985,10.0,30.0,0.5,0.02594,0.005,31.8,0.589,32.622,0.358,0.202,,,,,,,,516
MEX05088,2017-07-20,,,0.0005,,,33741.0,,,0.021,0.02,6.9,,26992.8,32.8,8.37,8.4,LAGUNA TECOMATE 5,16.69428,-99.32942,Mexico,,0.055,,,0.238,0.098,0.5,98.077,89.8,,,,0.185,0.01,30.0,3.0,0.005,16.525,10.0,30.0,0.5,0.00468,0.005,30.9,0.197,16.592,0.142,0.048,,,,,,,,516
MEX05088,2018-02-09,,,0.0005,,,41131.0,,,0.021,0.109,3.7,,32904.8,28.1,5.96,8.0,LAGUNA TECOMATE 5,16.69428,-99.32942,Mexico,,0.37,,,1.598,0.189,1.2,15.0,56.8,,,,0.238,0.01,20.0,3.0,0.00842,6.788,132.0,30.0,0.5,0.00591,0.005,29.3,1.468,12.514,1.098,0.019,,,,,,,,516
MEX05088,2018-03-16,,,0.0005,,,53988.0,,,0.021,0.092,4.2,,43190.4,28.7,9.71,8.3,LAGUNA TECOMATE 5,16.69428,-99.32942,Mexico,,0.119,,,0.242,0.053,0.4,29.0,67.7,,,,0.03,0.01,30.0,3.0,0.01685,9.606,121.0,90.0,0.5,0.00382,0.005,30.4,0.129,9.704,0.01,0.043,,,,,,,,516
MEX05088,2018-04-27,,,0.0005,,,58834.0,,,0.021,0.02,3.3,,47067.2,29.4,8.45,8.3,LAGUNA TECOMATE 5,16.69428,-99.32942,Mexico,,0.162,,,0.255,0.14,0.3,66.0,56.0,,,,0.294,0.01,40.0,3.0,0.01897,18.402,52.0,30.0,0.5,0.00396,0.005,30.7,0.214,18.6,0.052,0.007,,,,,,,,516
MEX05088,2018-10-25,,,0.005382,,,17421.0,,,0.021,0.02,4.5,,13936.8,30.1,8.36,8.3,LAGUNA TECOMATE 5,16.69428,-99.32942,Mexico,,0.228,,,0.417,0.188,0.75,22.0,73.6,,,,0.364,0.01,50.0,3.0,0.0318,13.013,10.0,30.0,0.5,0.00193,0.005,28.4,0.376,13.865,0.148,0.045,,,,,,,,516
MEX05089,2015-03-06,,,0.00093,,,53600.0,,,0.021,0.046,5.87,,42880.0,31.6,33.3,7.8,LAGUNA TECOMATE 8,16.69505,-99.36753,Mexico,,0.468,,,1.078,0.067,0.3,115.71,79.8,,,,0.243,0.01,30.0,3.0,0.005,9.646,4.0,3.0,0.5,0.001,0.005,34.1,1.011,10.001,0.543,0.048,,,,,,,,516
MEX05089,2015-04-09,,,0.00099,,,53974.0,,,0.021,0.033,4.64,,43179.2,31.8,42.3,8.0,LAGUNA TECOMATE 8,16.69505,-99.36753,Mexico,,0.134,,,0.583,0.039,,87.27,68.1,,,,0.232,0.01,50.0,3.0,0.0095,12.587,1.0,30.0,0.5,0.0242,0.005,34.1,0.529,15.772,0.395,0.034,,,,,,,,516
MEX05089,2015-05-21,,,0.0005,,,64620.0,,,0.021,0.071,3.98,,51696.0,33.0,37.1,7.6,LAGUNA TECOMATE 8,16.69505,-99.36753,Mexico,,0.02,,,0.571,0.022,0.3,110.0,64.7,,,,0.325,0.01,30.0,3.0,0.005,21.92,30.0,30.0,0.5,0.0076,0.005,33.8,0.479,22.549,0.459,0.007,,,,,,,,516
MEX05089,2015-07-03,,,0.00072,,,68091.0,,,0.021,0.02,5.1,,54472.8,31.3,51.4,8.9,LAGUNA TECOMATE 8,16.69505,-99.36753,Mexico,,0.029,,,0.636,0.152,0.3,233.33,87.1,,,,0.397,0.01,50.0,3.0,0.0075,14.199,20.0,30.0,0.5,0.0241,0.005,32.1,0.595,14.558,0.566,0.141,,,,,,,,516
MEX05089,2016-03-10,,,0.0005,,,70311.0,,,0.021,0.031,5.5,,56248.8,30.4,15.8,8.1,LAGUNA TECOMATE 8,16.69505,-99.36753,Mexico,,0.02,,,1.448,1.163,0.3,118.52,82.7,,,,0.382,0.01,40.0,3.0,0.005,1.226,10.0,30.0,0.5,0.001,0.005,31.0,1.396,3.365,1.376,1.061,,,,,,,,516
MEX05089,2016-05-05,,,0.0007,,,78526.0,,,0.021,0.034,,,62820.8,33.9,16.7,8.5,LAGUNA TECOMATE 8,16.69505,-99.36753,Mexico,,0.169,,,0.644,0.19,0.1,155.0,,,,,0.546,0.01,50.0,3.0,0.0149,42.633,31.0,230.0,0.5,0.0265,0.0191,34.4,0.589,45.873,0.42,0.027,,,,,,,,516
MEX05089,2016-07-04,,,0.00311,,,91742.0,,,0.021,0.159,,,73393.6,35.9,20.3,8.7,LAGUNA TECOMATE 8,16.69505,-99.36753,Mexico,,0.399,,,1.74,0.367,0.1,175.0,,,,,0.505,0.01,80.0,3.0,0.01308,43.486,20.0,30.0,0.5,0.01419,,33.6,1.56,49.993,1.161,0.278,,,,,,,,516
MEX05089,2016-08-11,,,0.00141,,,75742.0,,,0.028,0.169,,,60593.6,33.7,9.96,8.2,LAGUNA TECOMATE 8,16.69505,-99.36753,Mexico,,0.031,,,0.742,0.144,0.4,88.0,,,,,0.371,0.01,60.0,3.0,0.005,23.335,31.0,90.0,0.5,0.001,0.005,32.9,0.545,25.34,0.514,0.054,,,,,,,,516
MEX05089,2017-03-07,,,0.00188,,,71070.0,,,0.021,0.18,6.2,,56856.0,30.4,106.0,8.2,LAGUNA TECOMATE 8,16.69505,-99.36753,Mexico,,0.151,,,1.085,0.105,0.2,173.438,78.2,,,,0.403,0.01,30.0,3.0,0.005,30.559,41.0,230.0,0.5,0.01894,0.005,33.8,0.884,31.307,0.733,0.007,,,,,,,,516
MEX05089,2017-04-20,,,0.00095,,,52022.0,,,0.021,0.532,4.43,,41617.6,32.9,54.6,8.51,LAGUNA TECOMATE 8,16.69505,-99.36753,Mexico,,0.283,,,1.983,0.129,0.18,335.714,62.0,,,,0.609,0.01,60.0,3.0,0.005,33.692,31.0,30.0,0.5,0.01493,0.005,33.9,1.43,35.518,1.147,0.07,,,,,,,,516
MEX05089,2017-06-01,,,0.0005,,,45412.0,,,0.021,0.317,4.8,,36329.6,33.6,26.1,8.29,LAGUNA TECOMATE 8,16.69505,-99.36753,Mexico,,,,,,0.133,0.4,51.19,69.1,,,,0.421,0.01,80.0,3.0,0.00671,23.997,142.0,30.0,0.5,0.0299,0.005,33.1,,26.302,0.647,0.099,,,,,,,,516
MEX05089,2017-07-20,,,0.0005,,,35367.0,,,0.021,0.02,4.6,,28293.6,33.1,13.2,8.4,LAGUNA TECOMATE 8,16.69505,-99.36753,Mexico,,0.054,,,0.271,0.102,0.75,67.164,60.9,,,,0.275,0.01,50.0,3.0,0.01554,18.411,41.0,30.0,0.5,0.00441,0.005,31.9,0.23,18.479,0.176,0.052,,,,,,,,516
MEX05089,2018-02-09,,,0.007042,,,43521.0,,,0.021,0.15,6.5,,34816.8,29.2,28.0,8.4,LAGUNA TECOMATE 8,16.69505,-99.36753,Mexico,,0.362,,,0.638,0.132,0.5,77.0,84.5,,,,0.389,0.01,20.0,3.0,0.00707,18.407,907.0,30.0,0.5,0.00227,0.005,30.9,0.467,18.671,0.105,0.014,,,,,,,,516
MEX05089,2018-03-16,,,0.0005,,,54620.0,,,0.021,0.028,6.3,,43696.0,30.8,51.9,8.4,LAGUNA TECOMATE 8,16.69505,-99.36753,Mexico,,0.14,,,0.2,0.097,0.4,204.839,80.1,,,,0.03,0.01,60.0,3.0,0.01802,15.058,341.0,30.0,0.5,0.00347,0.005,32.5,0.151,18.423,0.011,0.053,,,,,,,,516
MEX05089,2018-04-27,,,0.001987,,,54999.0,,,0.021,0.02,4.0,,43999.2,31.2,33.2,8.4,LAGUNA TECOMATE 8,16.69505,-99.36753,Mexico,,0.155,,,0.309,0.159,0.1,135.0,74.4,,,,0.444,0.01,40.0,3.0,0.01776,27.638,85.0,30.0,0.5,0.00149,0.005,32.0,0.268,29.172,0.113,0.011,,,,,,,,516
MEX05089,2018-10-25,,,0.029068,,,,,,0.021,0.185,2.5,,,31.8,4.79,7.1,LAGUNA TECOMATE 8,16.69505,-99.36753,Mexico,,0.288,,,0.512,0.224,0.65,15.0,41.5,,,,0.628,0.01,100.0,3.0,0.02274,14.645,10.0,90.0,0.5,0.00439,0.005,31.1,0.306,15.482,0.018,0.04,,,,,,,,516
MEX05090,2015-03-06,,,0.00161,,,53835.0,,,0.021,0.065,4.62,,43068.0,31.4,28.0,7.3,LAGUNA TECOMATE 7,16.69761,-99.37516,Mexico,,0.363,,,0.874,0.106,0.3,97.14,71.7,,,,0.288,0.01,30.0,3.0,0.005,12.29,3.0,3.0,0.5,0.001,0.005,34.6,0.788,12.418,0.425,0.09,,,,,,,,516
MEX05090,2015-04-09,,,0.00103,,,53791.0,,,0.021,0.034,4.41,,43032.8,31.9,46.0,8.1,LAGUNA TECOMATE 7,16.69761,-99.37516,Mexico,,0.145,,,0.914,0.007,0.3,146.67,61.9,,,,0.386,0.01,60.0,3.0,0.005,15.904,6.0,30.0,0.5,0.0195,0.005,34.3,0.859,17.635,0.714,0.007,,,,,,,,516
MEX05090,2015-05-21,,,0.0005,,,64582.0,,,0.021,0.069,4.03,,51665.6,32.6,38.2,7.6,LAGUNA TECOMATE 7,16.69761,-99.37516,Mexico,,0.02,,,0.567,0.028,0.3,118.0,66.9,,,,0.385,0.01,40.0,3.0,0.0053,25.756,41.0,30.0,0.5,0.0102,0.005,33.4,0.477,28.996,0.457,0.007,,,,,,,,516
MEX05090,2015-07-03,,,0.0007,,,68166.0,,,0.021,0.02,4.6,,54532.8,31.0,76.3,8.8,LAGUNA TECOMATE 7,16.69761,-99.37516,Mexico,,0.02,,,0.081,0.152,0.4,274.0,79.8,,,,0.442,0.01,60.0,3.0,0.0064,16.773,20.0,30.0,1.7,0.0294,0.005,31.6,0.04,17.452,0.02,0.007,,,,,,,,516
MEX05090,2016-03-10,,,0.0005,,,71004.0,,,0.021,0.04,5.6,,56803.2,30.5,18.4,8.2,LAGUNA TECOMATE 7,16.69761,-99.37516,Mexico,,0.08,,,1.675,1.307,0.4,91.25,87.8,,,,0.368,0.01,60.0,3.0,0.005,20.757,10.0,30.0,0.5,0.001,0.005,31.1,1.614,23.889,1.534,1.183,,,,,,,,516
MEX05090,2016-05-05,,,0.00073,,,79139.0,,,0.021,0.072,6.7,,63311.2,34.2,12.8,8.6,LAGUNA TECOMATE 7,16.69761,-99.37516,Mexico,,0.161,,,0.588,0.268,0.2,147.0,87.1,,,,0.549,0.01,50.0,3.0,0.0117,44.902,10.0,30.0,0.5,0.0253,0.0121,34.5,0.495,47.595,0.334,0.087,,,,,,,,516
MEX05090,2016-07-04,,,0.0021,,,92341.0,,,0.022,0.273,,,73872.8,34.6,39.2,8.7,LAGUNA TECOMATE 7,16.69761,-99.37516,Mexico,,1.011,,,4.848,0.383,0.2,157.0,,,,,0.512,0.01,80.0,3.0,0.005,40.795,10.0,30.0,0.5,0.01204,0.005,33.7,4.553,50.315,3.542,0.199,,,,,,,,516
MEX05090,2016-08-11,,,0.00291,,,75876.0,,,0.024,0.145,,,60700.8,33.7,9.15,8.2,LAGUNA TECOMATE 7,16.69761,-99.37516,Mexico,,0.025,,,0.964,0.107,0.6,62.0,,,,,0.439,0.01,80.0,3.0,0.00892,20.899,51.0,30.0,0.5,0.0017,0.005,33.0,0.795,22.012,0.77,0.037,,,,,,,,516
MEX05090,2017-03-07,,,0.00189,,,71743.0,,,0.021,0.119,6.0,,57394.4,30.6,38.9,8.2,LAGUNA TECOMATE 7,16.69761,-99.37516,Mexico,,0.126,,,1.136,0.116,0.3,159.302,73.4,,,,0.557,0.01,40.0,3.0,0.005,13.096,10.0,90.0,0.5,0.01289,0.005,33.4,0.996,14.831,0.87,0.007,,,,,,,,516
MEX05090,2017-04-20,,,0.00195,,,52981.0,,,0.021,0.534,4.9,,42384.8,33.1,28.3,8.4,LAGUNA TECOMATE 7,16.69761,-99.37516,Mexico,,0.244,,,2.118,0.233,0.15,99.0,69.0,,,,0.405,0.01,80.0,3.0,0.005,50.623,95.0,40.0,0.5,0.01789,0.005,33.4,1.563,52.898,1.319,0.031,,,,,,,,516
MEX05090,2017-06-01,,,0.0005,,,48512.0,,,0.021,0.419,4.0,,38809.6,34.4,40.1,8.96,LAGUNA TECOMATE 7,16.69761,-99.37516,Mexico,,1.193,,,3.378,0.15,0.05,145.763,60.1,,,,0.323,0.01,200.0,3.0,0.01072,45.13,74.0,30.0,0.5,0.01846,0.005,33.9,2.938,45.593,1.745,0.024,,,,,,,,516
MEX05090,2017-07-20,,,0.007825,,,31340.0,,,0.021,0.024,4.9,,25072.0,33.4,12.1,8.0,LAGUNA TECOMATE 7,16.69761,-99.37516,Mexico,,0.048,,,0.193,0.092,0.7,65.789,68.4,,,,0.275,0.01,50.0,3.0,0.005,18.607,63.0,30.0,0.5,0.0067,0.005,32.6,0.148,19.255,0.1,0.041,,,,,,,,516
MEX05090,2018-02-09,,,0.000976,,,41323.0,,,0.021,0.125,4.3,,33058.4,30.2,41.5,8.1,LAGUNA TECOMATE 7,16.69761,-99.37516,Mexico,,0.417,,,0.683,0.197,0.5,110.0,63.8,,,,0.405,0.01,20.0,3.0,0.02046,20.812,628.0,30.0,0.5,0.00281,0.005,31.6,0.537,20.818,0.12,0.018,,,,,,,,516
MEX05090,2018-03-16,,,0.0005,,,54691.0,,,0.021,0.097,5.3,,43752.8,,53.6,8.4,LAGUNA TECOMATE 7,16.69761,-99.37516,Mexico,,0.115,,,0.256,0.077,0.2,230.986,73.1,,,,0.03,0.01,70.0,3.0,0.01537,6.249,417.0,30.0,0.5,0.00452,0.005,32.9,0.138,21.609,0.023,0.055,,,,,,,,516
MEX05090,2018-04-27,,,0.000814,,,54985.0,,,0.021,0.06,4.3,,43988.0,32.9,39.7,8.4,LAGUNA TECOMATE 7,16.69761,-99.37516,Mexico,,0.146,,,0.281,0.178,0.2,159.0,86.1,,,,0.572,0.01,40.0,3.0,0.02742,35.084,72.0,30.0,0.5,0.00402,0.005,32.8,0.2,37.623,0.054,0.016,,,,,,,,516
MEX05090,2018-10-25,,,0.006806,,,,,,0.021,0.02,1.0,,,30.2,5.7,7.3,LAGUNA TECOMATE 7,16.69761,-99.37516,Mexico,,0.517,,,0.662,0.144,0.65,12.0,10.0,,,,0.677,0.01,120.0,3.0,0.00836,15.597,10.0,40.0,0.5,0.00268,0.005,31.8,0.621,16.247,0.104,0.02,,,,,,,,516
MEX05091,2015-03-06,,,0.00147,,,53188.0,,,0.021,0.042,6.44,,42550.4,30.4,13.6,8.0,LAGUNA TECOMATE 6,16.69452,-99.36176,Mexico,,0.52,,,,0.054,0.4,52.0,92.9,,,,0.234,0.01,30.0,3.0,0.005,8.982,7.0,3.0,0.5,0.001,0.005,32.4,,9.808,,0.036,,,,,,,,516
MEX05091,2015-04-09,,,0.00098,,,53891.0,,,0.021,0.028,4.61,,43112.8,31.2,38.7,8.1,LAGUNA TECOMATE 6,16.69452,-99.36176,Mexico,,0.111,,,0.726,0.007,0.2,66.67,66.9,,,,0.252,0.01,50.0,3.0,0.0221,9.145,1.0,30.0,0.5,0.0209,0.005,33.6,0.677,13.436,0.566,0.007,,,,,,,,516
MEX05091,2015-05-21,,,0.0005,,,64613.0,,,0.021,0.058,4.06,,51690.4,32.1,29.6,7.7,LAGUNA TECOMATE 6,16.69452,-99.36176,Mexico,,0.236,,,1.115,0.022,0.3,87.0,66.7,,,,0.305,0.01,30.0,3.0,0.005,19.071,84.0,40.0,0.5,0.0265,0.005,33.4,1.036,22.033,0.8,0.007,,,,,,,,516
MEX05091,2015-07-03,,,0.00061,,,68103.0,,,0.021,0.028,5.11,,54482.4,31.1,40.1,8.7,LAGUNA TECOMATE 6,16.69452,-99.36176,Mexico,,0.02,,,0.688,0.052,0.4,154.29,87.4,,,,0.319,0.01,50.0,3.0,0.0061,11.466,20.0,40.0,0.7,0.0179,0.005,31.4,0.639,12.855,0.619,0.007,,,,,,,,516
MEX05091,2016-03-10,,,0.0005,,,70143.0,,,0.021,0.034,5.5,,56114.4,30.2,25.3,8.0,LAGUNA TECOMATE 6,16.69452,-99.36176,Mexico,,0.02,,,4.037,0.83,0.3,140.91,79.8,,,,0.328,0.01,30.0,3.0,0.005,,30.0,30.0,0.5,0.001,0.005,30.7,3.982,21.627,3.962,0.816,,,,,,,,516
MEX05091,2016-05-05,,,0.0014,,,78442.0,,,0.021,0.033,,,62753.6,33.8,9.13,8.5,LAGUNA TECOMATE 6,16.69452,-99.36176,Mexico,,0.228,,,0.681,0.172,0.4,106.0,,,,,0.435,0.01,30.0,3.0,0.005,35.243,10.0,90.0,0.5,0.0237,0.0096,33.7,0.627,37.875,0.399,0.092,,,,,,,,516
MEX05091,2016-07-04,,,0.00481,,,90472.0,,,0.021,0.115,,,72377.6,34.4,21.5,8.7,LAGUNA TECOMATE 6,16.69452,-99.36176,Mexico,,0.063,,,0.219,0.345,0.2,102.0,,,,,0.427,0.01,80.0,3.0,0.005,34.638,31.0,30.0,0.5,0.0079,0.005,33.1,0.083,40.003,0.02,0.239,,,,,,,,516
MEX05091,2016-08-11,,,0.0028,,,75337.0,,,0.029,0.128,,,60269.6,33.3,5.66,8.3,LAGUNA TECOMATE 6,16.69452,-99.36176,Mexico,,0.022,,,1.037,0.153,0.6,79.0,,,,,0.341,0.01,40.0,3.0,0.005,24.432,10.0,30.0,0.5,0.02106,0.005,33.4,0.88,25.902,0.858,0.072,,,,,,,,516
MEX05091,2017-03-07,,,0.00171,,,69877.0,,,0.021,0.188,6.05,,55901.6,30.0,45.0,8.19,LAGUNA TECOMATE 6,16.69452,-99.36176,Mexico,,0.092,,,1.051,0.112,0.32,145.882,77.9,,,,0.357,0.01,30.0,3.0,0.005,24.515,10.0,90.0,0.5,0.02073,0.005,34.3,0.842,28.728,0.75,0.007,,,,,,,,516
MEX05091,2017-04-20,,,0.005,,,52671.0,,,0.021,0.541,5.55,,42136.8,31.9,18.3,8.44,LAGUNA TECOMATE 6,16.69452,-99.36176,Mexico,,0.21,,,1.656,0.089,0.25,80.0,78.0,,,,0.476,0.01,30.0,3.0,0.005,28.472,10.0,30.0,0.5,0.01339,0.005,33.8,1.094,28.475,0.884,0.05,,,,,,,,516
MEX05091,2017-06-01,,,0.0005,,,47654.0,,,0.021,0.469,5.49,,38123.2,34.9,39.7,8.62,LAGUNA TECOMATE 6,16.69452,-99.36176,Mexico,,1.98,,,2.706,0.154,0.28,71.0,76.4,,,,0.409,0.01,80.0,3.0,0.005,21.695,218.0,30.0,0.5,0.01853,0.005,32.9,2.216,23.421,0.236,0.113,,,,,,,,516
MEX05091,2017-07-20,,,0.0005,,,36776.0,,,0.021,0.042,5.0,,29420.8,32.4,12.0,8.4,LAGUNA TECOMATE 6,16.69452,-99.36176,Mexico,,0.046,,,0.275,0.093,0.52,63.38,69.1,,,,0.265,0.01,40.0,3.0,0.005,17.115,104.0,30.0,0.5,0.00422,0.005,31.5,0.212,17.47,0.166,0.047,,,,,,,,516
MEX05091,2018-02-09,,,0.006368,,,41091.0,,,0.021,0.143,6.1,,32872.8,28.9,14.3,8.0,LAGUNA TECOMATE 6,16.69452,-99.36176,Mexico,,0.434,,,0.993,0.174,0.64,49.0,81.9,,,,0.28,0.01,20.0,3.0,0.00818,13.897,24196.0,90.0,0.5,0.001,0.005,30.4,0.829,15.274,0.395,0.02,,,,,,,,516
MEX05091,2018-03-16,,,0.0005,,,53984.0,,,0.021,0.076,5.4,,43187.2,30.6,28.0,8.4,LAGUNA TECOMATE 6,16.69452,-99.36176,Mexico,,0.197,,,0.317,0.062,0.29,102.0,74.4,,,,0.03,0.01,40.0,3.0,0.01742,15.3,86.0,30.0,0.5,0.00253,0.005,31.8,0.22,16.206,0.023,0.05,,,,,,,,516
MEX05091,2018-04-27,,,0.0005,,,54994.0,,,0.021,0.02,4.1,,43995.2,30.9,20.1,8.4,LAGUNA TECOMATE 6,16.69452,-99.36176,Mexico,,0.143,,,0.257,0.376,0.2,109.0,74.4,,,,0.364,0.01,30.0,3.0,0.00843,22.742,74.0,30.0,0.5,0.00332,0.005,31.9,0.216,24.274,0.073,0.231,,,,,,,,516
MEX05091,2018-10-25,,,0.021528,,,12400.0,,,0.021,0.02,2.1,,9920.0,31.4,4.11,7.1,LAGUNA TECOMATE 6,16.69452,-99.36176,Mexico,,0.422,,,0.524,0.172,0.65,13.0,35.2,,,,0.606,0.01,100.0,3.0,0.0269,14.137,31.0,430.0,0.5,0.0047,0.005,30.0,0.483,16.137,0.061,0.037,,,,,,,,516
