Site_name,Country,Country_code,Latitude,Longitude,Date_Time_UTC,Water_body_type,Water_type,Depth,Chla,TSS,Turbidity,Secchi_depth,Date,Time
Lake Erie,United States of America (the),US,41.7054,-83.3862,2020-07-20 13:36:00,1,4,3.14,47.71,10.07,9.2,1.0,2020-07-20,13:36:00
Lake Erie,United States of America (the),US,41.8334,-83.3613,2020-07-20 11:58:00,1,4,5.29,10.54,3.56,2.38,2.8,2020-07-20,11:58:00
Lake Erie,United States of America (the),US,41.7045,-83.2566,2020-07-20 13:05:00,1,4,6.9,12.61,6.16,3.36,1.5,2020-07-20,13:05:00
Lake Erie,United States of America (the),US,41.7622,-83.3312,2020-07-28 15:45:00,1,4,5.62,28.47,7.93,8.46,1.3,2020-07-28,15:45:00
Lake Erie,United States of America (the),US,41.8274,-83.1956,2020-07-28 12:45:00,1,4,8.84,16.77,4.6,3.73,2.0,2020-07-28,12:45:00
Lake Erie,United States of America (the),US,41.8339,-83.3597,2020-07-28 12:07:00,1,4,5.53,14.3,4.27,4.21,2.5,2020-07-28,12:07:00
Lake Erie,United States of America (the),US,41.6585,-83.1463,2020-07-28 13:51:00,1,4,6.34,4.64,2.2,2.04,2.5,2020-07-28,13:51:00
Lake Erie,United States of America (the),US,41.7614,-83.3329,2020-08-10 15:40:00,1,4,5.27,20.48,8.24,6.15,1.0,2020-08-10,15:40:00
Lake Erie,United States of America (the),US,41.8335,-83.3609,2020-08-10 12:03:00,1,4,5.26,15.67,7.38,5.2,1.0,2020-08-10,12:03:00
Lake Erie,United States of America (the),US,41.7175,-83.4244,2020-08-10 15:14:00,1,4,2.83,45.11,14.45,12.2,0.5,2020-08-10,15:14:00
Lake Erie,United States of America (the),US,41.6578,-83.1458,2020-08-10 13:48:00,1,4,6.18,14.5,10.43,5.82,2.5,2020-08-10,13:48:00
Lake Erie,United States of America (the),US,41.7618,-83.331,2020-08-24 15:30:00,1,4,5.44,12.92,7.3,5.98,1.0,2020-08-24,15:30:00
Lake Erie,United States of America (the),US,41.826,-83.1951,2020-08-24 12:44:00,1,4,8.63,12.79,2.99,2.6,2.0,2020-08-24,12:44:00
Lake Erie,United States of America (the),US,41.8342,-83.3604,2020-08-24 12:03:00,1,4,5.1,43.53,16.0,11.1,1.0,2020-08-24,12:03:00
Lake Erie,United States of America (the),US,41.7176,-83.4244,2020-08-24 15:04:00,1,4,2.73,96.43,,23.2,0.5,2020-08-24,15:04:00
Lake Erie,United States of America (the),US,41.7031,-83.2557,2020-08-24 14:15:00,1,4,6.82,11.47,5.92,4.81,1.5,2020-08-24,14:15:00
Lake Erie,United States of America (the),US,41.7432,-83.1378,2020-08-24 13:15:00,1,4,9.11,12.49,2.96,2.48,1.5,2020-08-24,13:15:00
Lake Erie,United States of America (the),US,41.6591,-83.1461,2020-08-24 13:45:00,1,4,6.19,14.22,5.81,4.31,1.0,2020-08-24,13:45:00
Lake Erie,United States of America (the),US,41.8278,-83.1954,2020-09-21 12:55:00,1,4,8.62,0.77,5.44,2.08,1.5,2020-09-21,12:55:00
Lake Erie,United States of America (the),US,41.7045,-83.3862,2020-09-21 15:08:00,1,4,2.99,8.27,27.1,14.7,0.5,2020-09-21,15:08:00
Lake Erie,United States of America (the),US,41.7409,-83.1363,2020-09-21 13:35:00,1,4,9.24,24.83,10.64,3.92,1.0,2020-09-21,13:35:00
Lake Erie,United States of America (the),US,41.6578,-83.1447,2020-09-21 14:07:00,1,4,6.14,12.19,10.76,5.44,1.3,2020-09-21,14:07:00
Lake Erie,United States of America (the),US,41.8267,-83.1947,2020-10-05 12:49:00,1,4,8.53,1.74,1.76,1.27,3.5,2020-10-05,12:49:00
Lake Erie,United States of America (the),US,41.7052,-83.3854,2020-10-05 14:51:00,1,4,3.04,9.95,6.48,5.51,1.1,2020-10-05,14:51:00
Lake Erie,United States of America (the),US,41.834,-83.3593,2020-10-05 12:12:00,1,4,5.1,6.79,3.39,2.4,2.5,2020-10-05,12:12:00
Lake Erie,United States of America (the),US,41.7176,-83.4239,2020-10-05 15:09:00,1,4,2.8,9.98,9.56,9.38,0.8,2020-10-05,15:09:00
Lake Erie,United States of America (the),US,41.704,-83.2552,2020-10-05 14:18:00,1,4,6.81,9.65,8.39,7.24,1.0,2020-10-05,14:18:00
Lake Erie,United States of America (the),US,41.7436,-83.1526,2020-10-05 13:20:00,1,4,9.07,3.91,3.56,2.3,1.8,2020-10-05,13:20:00
Lake Erie,United States of America (the),US,41.6599,-83.1468,2020-10-05 13:50:00,1,4,6.19,6.36,6.13,3.48,1.8,2020-10-05,13:50:00
Lake Erie,United States of America (the),US,41.8296,-83.1946,2019-06-03 13:22:00,1,4,8.94,3.63,3.02,1.64,2.5,2019-06-03,13:22:00
Lake Erie,United States of America (the),US,41.7055,-83.3863,2019-06-03 16:44:00,1,4,3.36,5.12,88.3,106.0,,2019-06-03,16:44:00
Lake Erie,United States of America (the),US,41.8366,-83.3569,2019-06-03 12:22:00,1,4,5.14,16.14,13.2,16.4,0.5,2019-06-03,12:22:00
Lake Erie,United States of America (the),US,41.7176,-83.4211,2019-06-03 17:08:00,1,4,3.0,4.81,145.8,151.0,0.1,2019-06-03,17:08:00
Lake Erie,United States of America (the),US,41.7036,-83.2554,2019-06-03 15:43:00,1,4,7.05,21.67,20.87,24.4,0.5,2019-06-03,15:43:00
Lake Erie,United States of America (the),US,41.7447,-83.1355,2019-06-03 14:25:00,1,4,9.43,3.44,6.07,4.3,1.25,2019-06-03,14:25:00
Lake Erie,United States of America (the),US,41.6584,-83.1465,2019-06-03 15:04:00,1,4,6.38,2.99,14.83,20.8,0.5,2019-06-03,15:04:00
Lake Erie,United States of America (the),US,41.7625,-83.3293,2019-07-01 16:52:00,1,4,6.0,43.02,8.02,5.83,1.0,2019-07-01,16:52:00
Lake Erie,United States of America (the),US,41.8259,-83.1925,2019-07-01 13:12:00,1,4,9.14,42.01,7.22,3.54,1.25,2019-07-01,13:12:00
Lake Erie,United States of America (the),US,41.8332,-83.3581,2019-07-01 12:19:00,1,4,5.58,33.76,6.38,7.81,1.0,2019-07-01,12:19:00
Lake Erie,United States of America (the),US,41.7034,-83.2545,2019-07-01 15:16:00,1,4,6.9,36.06,5.74,4.28,1.75,2019-07-01,15:16:00
Lake Erie,United States of America (the),US,41.7415,-83.1375,2019-07-01 14:03:00,1,4,9.44,10.24,3.3,1.65,3.0,2019-07-01,14:03:00
Lake Erie,United States of America (the),US,41.6582,-83.1437,2019-07-01 14:41:00,1,4,6.5,8.31,1.95,1.62,3.0,2019-07-01,14:41:00
Lake Erie,United States of America (the),US,41.7628,-83.3287,2019-07-08 17:04:00,1,4,6.24,28.35,7.71,8.04,0.9,2019-07-08,17:04:00
Lake Erie,United States of America (the),US,41.8267,-83.1936,2019-07-08 13:16:00,1,4,8.91,3.04,1.22,1.41,3.75,2019-07-08,13:16:00
Lake Erie,United States of America (the),US,41.8357,-83.359,2019-07-08 12:26:00,1,4,4.99,11.18,7.92,8.39,1.25,2019-07-08,12:26:00
Lake Erie,United States of America (the),US,41.7179,-83.4222,2019-07-08 16:33:00,1,4,3.28,32.08,29.6,32.5,0.3,2019-07-08,16:33:00
Lake Erie,United States of America (the),US,41.7043,-83.2526,2019-07-08 15:31:00,1,4,7.25,25.88,12.64,11.5,0.7,2019-07-08,15:31:00
Lake Erie,United States of America (the),US,41.7449,-83.1379,2019-07-08 13:55:00,1,4,9.53,8.61,2.54,2.26,2.0,2019-07-08,13:55:00
Lake Erie,United States of America (the),US,41.6594,-83.145,2019-07-08 14:28:00,1,4,6.51,14.92,11.6,8.53,1.0,2019-07-08,14:28:00
Lake Erie,United States of America (the),US,41.7621,-83.33,2019-07-15 17:05:00,1,4,5.73,35.15,,8.21,1.0,2019-07-15,17:05:00
Lake Erie,United States of America (the),US,41.8258,-83.1951,2019-07-15 13:11:00,1,4,9.02,6.7,1.62,0.96,2.75,2019-07-15,13:11:00
Lake Erie,United States of America (the),US,41.7052,-83.3854,2019-07-15 16:08:00,1,4,3.4,88.92,13.43,14.8,1.0,2019-07-15,16:08:00
Lake Erie,United States of America (the),US,41.8333,-83.3585,2019-07-15 12:25:00,1,4,5.64,26.39,5.5,5.32,1.25,2019-07-15,12:25:00
Lake Erie,United States of America (the),US,41.7176,-83.423,2019-07-15 16:33:00,1,4,3.03,36.51,15.5,16.0,0.5,2019-07-15,16:33:00
Lake Erie,United States of America (the),US,41.7035,-83.2537,2019-07-15 15:19:00,1,4,7.2,28.86,5.97,5.77,1.5,2019-07-15,15:19:00
Lake Erie,United States of America (the),US,41.7425,-83.136,2019-07-15 14:02:00,1,4,9.57,8.03,2.1,1.65,3.0,2019-07-15,14:02:00
Lake Erie,United States of America (the),US,41.6592,-83.1435,2019-07-15 14:42:00,1,4,6.67,7.92,2.27,3.54,2.25,2019-07-15,14:42:00
Lake Erie,United States of America (the),US,41.763,-83.3289,2019-07-22 17:20:00,1,4,6.1,143.23,21.56,23.1,0.5,2019-07-22,17:20:00
Lake Erie,United States of America (the),US,41.8311,-83.195,2019-07-22 13:23:00,1,4,8.93,18.4,3.92,4.33,1.5,2019-07-22,13:23:00
Lake Erie,United States of America (the),US,41.7051,-83.3865,2019-07-22 16:25:00,1,4,3.26,97.5,22.96,25.8,0.5,2019-07-22,16:25:00
Lake Erie,United States of America (the),US,41.8354,-83.3584,2019-07-22 12:32:00,1,4,5.47,49.79,13.76,19.3,0.75,2019-07-22,12:32:00
Lake Erie,United States of America (the),US,41.7177,-83.4227,2019-07-22 16:48:00,1,4,3.29,71.27,30.92,27.3,0.25,2019-07-22,16:48:00
Lake Erie,United States of America (the),US,41.706,-83.2518,2019-07-22 15:26:00,1,4,7.35,13.98,14.96,13.3,0.75,2019-07-22,15:26:00
Lake Erie,United States of America (the),US,41.7467,-83.1394,2019-07-22 14:10:00,1,4,9.62,7.64,2.46,2.73,2.5,2019-07-22,14:10:00
Lake Erie,United States of America (the),US,41.6613,-83.1449,2019-07-22 14:50:00,1,4,6.64,6.82,6.3,6.21,1.25,2019-07-22,14:50:00
Lake Erie,United States of America (the),US,41.8261,-83.1946,2019-07-29 13:10:00,1,4,9.09,52.36,8.8,9.52,1.0,2019-07-29,13:10:00
Lake Erie,United States of America (the),US,41.8328,-83.3625,2019-07-29 12:23:00,1,4,5.23,42.9,9.48,9.3,1.0,2019-07-29,12:23:00
Lake Erie,United States of America (the),US,41.7173,-83.4248,2019-07-29 16:39:00,1,4,2.93,74.3,52.76,49.0,0.1,2019-07-29,16:39:00
Lake Erie,United States of America (the),US,41.7028,-83.2563,2019-07-29 15:24:00,1,4,6.95,49.63,12.35,12.7,0.75,2019-07-29,15:24:00
Lake Erie,United States of America (the),US,41.7421,-83.1417,2019-07-29 14:09:00,1,4,9.27,20.22,5.56,6.58,1.5,2019-07-29,14:09:00
Lake Erie,United States of America (the),US,41.6582,-83.1455,2019-07-29 14:47:00,1,4,6.34,30.36,6.53,7.4,1.5,2019-07-29,14:47:00
Lake Erie,United States of America (the),US,41.7615,-83.3309,2019-08-12 16:39:00,1,4,5.84,52.87,13.48,16.6,0.5,2019-08-12,16:39:00
Lake Erie,United States of America (the),US,41.8256,-83.1971,2019-08-12 12:56:00,1,4,8.77,5.63,1.81,1.04,4.0,2019-08-12,12:56:00
Lake Erie,United States of America (the),US,41.7046,-83.3694,2019-08-12 15:54:00,1,4,3.12,100.53,16.26,25.2,0.5,2019-08-12,15:54:00
Lake Erie,United States of America (the),US,41.8325,-83.3598,2019-08-12 12:11:00,1,4,5.44,51.57,12.77,14.3,0.75,2019-08-12,12:11:00
Lake Erie,United States of America (the),US,41.7021,-83.2551,2019-08-12 14:54:00,1,4,6.95,42.47,11.48,11.1,0.5,2019-08-12,14:54:00
Lake Erie,United States of America (the),US,41.7438,-83.1401,2019-08-12 13:45:00,1,4,9.31,6.22,4.2,3.02,1.75,2019-08-12,13:45:00
Lake Erie,United States of America (the),US,41.6593,-83.1455,2019-08-12 14:21:00,1,4,6.38,29.29,11.2,15.5,0.75,2019-08-12,14:21:00
Lake Erie,United States of America (the),US,41.7621,-83.3303,2019-08-19 16:57:00,1,4,6.38,68.01,14.7,18.7,0.5,2019-08-19,16:57:00
Lake Erie,United States of America (the),US,41.827,-83.1974,2019-08-19 13:04:00,1,4,8.71,13.36,3.7,3.73,2.5,2019-08-19,13:04:00
Lake Erie,United States of America (the),US,41.7109,-83.3668,2019-08-19 15:48:00,1,4,3.53,140.89,35.7,45.6,0.25,2019-08-19,15:48:00
Lake Erie,United States of America (the),US,41.8336,-83.3598,2019-08-19 12:15:00,1,4,5.48,59.87,15.2,16.7,0.75,2019-08-19,12:15:00
Lake Erie,United States of America (the),US,41.7029,-83.2539,2019-08-19 14:55:00,1,4,7.15,72.35,16.5,22.7,0.5,2019-08-19,14:55:00
Lake Erie,United States of America (the),US,41.7469,-83.1379,2019-08-19 13:44:00,1,4,9.47,8.95,5.5,3.94,1.5,2019-08-19,13:44:00
Lake Erie,United States of America (the),US,41.6596,-83.1453,2019-08-19 14:21:00,1,4,6.44,41.19,11.6,11.1,0.75,2019-08-19,14:21:00
Lake Erie,United States of America (the),US,41.834,-83.359,2019-08-28 12:15:00,1,4,3.18,69.27,36.2,39.9,0.5,2019-08-28,12:15:00
Lake Erie,United States of America (the),US,41.7034,-83.2557,2019-08-28 14:59:00,1,4,2.81,63.91,42.47,51.3,0.5,2019-08-28,14:59:00
Lake Erie,United States of America (the),US,41.7424,-83.138,2019-08-28 13:50:00,1,4,6.9,45.48,22.27,19.0,0.5,2019-08-28,13:50:00
Lake Erie,United States of America (the),US,41.7606,-83.3326,2019-09-03 16:55:00,1,4,5.69,70.64,30.0,28.2,0.5,2019-09-03,16:55:00
Lake Erie,United States of America (the),US,41.8258,-83.195,2019-09-03 13:13:00,1,4,8.71,45.97,14.47,12.8,0.75,2019-09-03,13:13:00
Lake Erie,United States of America (the),US,41.7044,-83.3857,2019-09-03 16:06:00,1,4,3.15,106.76,39.2,37.4,0.25,2019-09-03,16:06:00
Lake Erie,United States of America (the),US,41.8351,-83.3597,2019-09-03 12:13:00,1,4,5.23,93.65,21.67,20.4,0.5,2019-09-03,12:13:00
Lake Erie,United States of America (the),US,41.717,-83.4241,2019-09-03 16:26:00,1,4,2.75,69.37,42.87,42.0,0.25,2019-09-03,16:26:00
Lake Erie,United States of America (the),US,41.7034,-83.2558,2019-09-03 15:09:00,1,4,6.94,46.75,19.87,17.3,0.5,2019-09-03,15:09:00
Lake Erie,United States of America (the),US,41.7421,-83.1378,2019-09-03 13:55:00,1,4,9.27,22.62,9.07,7.34,1.0,2019-09-03,13:55:00
Lake Erie,United States of America (the),US,41.6576,-83.1454,2019-09-03 14:33:00,1,4,6.23,25.22,11.27,8.99,0.75,2019-09-03,14:33:00
Lake Erie,United States of America (the),US,41.7624,-83.3292,2019-09-09 16:56:00,1,4,6.57,28.93,16.73,15.1,0.5,2019-09-09,16:56:00
Lake Erie,United States of America (the),US,41.7057,-83.3841,2019-09-09 16:03:00,1,4,3.3,84.24,51.67,50.5,0.1,2019-09-09,16:03:00
Lake Erie,United States of America (the),US,41.8351,-83.3568,2019-09-09 12:23:00,1,4,5.38,32.44,20.07,15.3,0.5,2019-09-09,12:23:00
Lake Erie,United States of America (the),US,41.7176,-83.4228,2019-09-09 16:22:00,1,4,2.92,64.3,33.87,29.5,0.1,2019-09-09,16:22:00
Lake Erie,United States of America (the),US,41.7037,-83.2553,2019-09-09 15:08:00,1,4,6.96,56.4,23.4,18.0,0.5,2019-09-09,15:08:00
Lake Erie,United States of America (the),US,41.7444,-83.1353,2019-09-09 13:59:00,1,4,9.4,54.5,15.6,10.5,0.75,2019-09-09,13:59:00
Lake Erie,United States of America (the),US,41.6581,-83.1434,2019-09-09 14:33:00,1,4,6.34,35.04,17.87,15.9,0.5,2019-09-09,14:33:00
Lake Erie,United States of America (the),US,41.7626,-83.328,2019-09-24 16:33:00,1,4,5.81,10.8,8.36,8.36,1.0,2019-09-24,16:33:00
Lake Erie,United States of America (the),US,41.8262,-83.1936,2019-09-24 13:04:00,1,4,8.96,4.74,3.31,2.03,3.25,2019-09-24,13:04:00
Lake Erie,United States of America (the),US,41.7054,-83.386,2019-09-24 15:47:00,1,4,2.98,34.52,11.87,12.0,0.5,2019-09-24,15:47:00
Lake Erie,United States of America (the),US,41.8342,-83.3605,2019-09-24 12:17:00,1,4,5.2,12.34,6.2,6.17,1.5,2019-09-24,12:17:00
Lake Erie,United States of America (the),US,41.7174,-83.424,2019-09-24 16:10:00,1,4,2.69,25.81,21.28,19.6,0.25,2019-09-24,16:10:00
Lake Erie,United States of America (the),US,41.7029,-83.2551,2019-09-24 14:56:00,1,4,6.78,13.46,7.8,6.3,1.25,2019-09-24,14:56:00
Lake Erie,United States of America (the),US,41.7429,-83.135,2019-09-24 13:47:00,1,4,9.19,8.59,5.0,3.15,2.0,2019-09-24,13:47:00
Lake Erie,United States of America (the),US,41.6587,-83.1459,2019-09-24 14:22:00,1,4,6.15,9.69,5.96,6.34,1.5,2019-09-24,14:22:00
Lake Erie,United States of America (the),US,41.7627,-83.3327,2019-10-07 16:22:00,1,4,5.6,10.8,18.77,17.3,0.5,2019-10-07,16:22:00
Lake Erie,United States of America (the),US,41.7053,-83.3859,2019-10-07 15:33:00,1,4,2.94,5.46,10.34,9.79,1.0,2019-10-07,15:33:00
Lake Erie,United States of America (the),US,41.7176,-83.4236,2019-10-07 15:53:00,1,4,2.79,22.88,29.64,26.1,0.25,2019-10-07,15:53:00
