Unnamed: 0,Site_name,Country,Country_code,Latitude,Longitude,Date_Time_UTC,Water_body_type,Water_type,Depth,Chla,TSS,Turbidity,Secchi_depth,Chla_plus_phaeo,aCDOM440,Date,Time
1146,Lake Geneva,Switzerland,CH,46.5002,6.6608,2018-10-18T11:17,1,6.0,110.0,2.33429603855309,,,4.79293991329522,,,2018-10-18,11:17:00
1146,Lake Geneva,Switzerland,CH,46.5002,6.6608,2018-10-18T11:17,1,6.0,110.0,2.33429603855309,,,4.79293991329522,,,2018-10-18,11:17:00
1146,Lake Geneva,Switzerland,CH,46.5002,6.6608,2018-10-18T11:17,1,6.0,110.0,2.33429603855309,,,4.79293991329522,,,2018-10-18,11:17:00
1146,Lake Geneva,Switzerland,CH,46.5002,6.6608,2018-10-18T11:17,1,6.0,110.0,2.33429603855309,,,4.79293991329522,,,2018-10-18,11:17:00
1146,Lake Geneva,Switzerland,CH,46.5002,6.6608,2018-10-18T11:17,1,6.0,110.0,2.33429603855309,,,4.79293991329522,,,2018-10-18,11:17:00
1146,Lake Geneva,Switzerland,CH,46.5002,6.6608,2018-10-18T11:17,1,6.0,110.0,2.33429603855309,,,4.79293991329522,,,2018-10-18,11:17:00
1147,Lake Geneva,Switzerland,CH,46.5002,6.6608,2018-10-18T12:02,1,6.0,110.0,2.37739540712639,,,4.6866548814988,,,2018-10-18,12:02:00
1147,Lake Geneva,Switzerland,CH,46.5002,6.6608,2018-10-18T12:02,1,6.0,110.0,2.37739540712639,,,4.6866548814988,,,2018-10-18,12:02:00
1147,Lake Geneva,Switzerland,CH,46.5002,6.6608,2018-10-18T12:02,1,6.0,110.0,2.37739540712639,,,4.6866548814988,,,2018-10-18,12:02:00
1147,Lake Geneva,Switzerland,CH,46.5002,6.6608,2018-10-18T12:02,1,6.0,110.0,2.37739540712639,,,4.6866548814988,,,2018-10-18,12:02:00
1147,Lake Geneva,Switzerland,CH,46.5002,6.6608,2018-10-18T12:02,1,6.0,110.0,2.37739540712639,,,4.6866548814988,,,2018-10-18,12:02:00
1147,Lake Geneva,Switzerland,CH,46.5002,6.6608,2018-10-18T12:02,1,6.0,110.0,2.37739540712639,,,4.6866548814988,,,2018-10-18,12:02:00
1148,Lake Geneva,Switzerland,CH,46.5002,6.6608,2018-10-18T12:48,1,6.0,110.0,2.47756698650803,,,4.58216601245745,,,2018-10-18,12:48:00
1148,Lake Geneva,Switzerland,CH,46.5002,6.6608,2018-10-18T12:48,1,6.0,110.0,2.47756698650803,,,4.58216601245745,,,2018-10-18,12:48:00
1148,Lake Geneva,Switzerland,CH,46.5002,6.6608,2018-10-18T12:48,1,6.0,110.0,2.47756698650803,,,4.58216601245745,,,2018-10-18,12:48:00
1148,Lake Geneva,Switzerland,CH,46.5002,6.6608,2018-10-18T12:48,1,6.0,110.0,2.47756698650803,,,4.58216601245745,,,2018-10-18,12:48:00
1148,Lake Geneva,Switzerland,CH,46.5002,6.6608,2018-10-18T12:48,1,6.0,110.0,2.47756698650803,,,4.58216601245745,,,2018-10-18,12:48:00
1148,Lake Geneva,Switzerland,CH,46.5002,6.6608,2018-10-18T12:48,1,6.0,110.0,2.47756698650803,,,4.58216601245745,,,2018-10-18,12:48:00
1149,Lake Geneva,Switzerland,CH,46.5002,6.6608,2018-10-18T12:50,1,6.0,110.0,2.2651293295702,,,4.56402223743571,,,2018-10-18,12:50:00
1149,Lake Geneva,Switzerland,CH,46.5002,6.6608,2018-10-18T12:50,1,6.0,110.0,2.2651293295702,,,4.56402223743571,,,2018-10-18,12:50:00
1149,Lake Geneva,Switzerland,CH,46.5002,6.6608,2018-10-18T12:50,1,6.0,110.0,2.2651293295702,,,4.56402223743571,,,2018-10-18,12:50:00
1149,Lake Geneva,Switzerland,CH,46.5002,6.6608,2018-10-18T12:50,1,6.0,110.0,2.2651293295702,,,4.56402223743571,,,2018-10-18,12:50:00
1149,Lake Geneva,Switzerland,CH,46.5002,6.6608,2018-10-18T12:50,1,6.0,110.0,2.2651293295702,,,4.56402223743571,,,2018-10-18,12:50:00
1149,Lake Geneva,Switzerland,CH,46.5002,6.6608,2018-10-18T12:50,1,6.0,110.0,2.2651293295702,,,4.56402223743571,,,2018-10-18,12:50:00
1150,Lake Geneva,Switzerland,CH,46.5002,6.6608,2018-10-18T14:07,1,6.0,110.0,2.51209084750952,,,4.54309397084148,,,2018-10-18,14:07:00
1150,Lake Geneva,Switzerland,CH,46.5002,6.6608,2018-10-18T14:07,1,6.0,110.0,2.51209084750952,,,4.54309397084148,,,2018-10-18,14:07:00
1150,Lake Geneva,Switzerland,CH,46.5002,6.6608,2018-10-18T14:07,1,6.0,110.0,2.51209084750952,,,4.54309397084148,,,2018-10-18,14:07:00
1150,Lake Geneva,Switzerland,CH,46.5002,6.6608,2018-10-18T14:07,1,6.0,110.0,2.51209084750952,,,4.54309397084148,,,2018-10-18,14:07:00
1150,Lake Geneva,Switzerland,CH,46.5002,6.6608,2018-10-18T14:07,1,6.0,110.0,2.51209084750952,,,4.54309397084148,,,2018-10-18,14:07:00
1150,Lake Geneva,Switzerland,CH,46.5002,6.6608,2018-10-18T14:07,1,6.0,110.0,2.51209084750952,,,4.54309397084148,,,2018-10-18,14:07:00
1151,Lake Geneva,Switzerland,CH,46.5002,6.6608,2018-10-18T14:50,1,6.0,110.0,2.26706706943568,,,4.5370298643884,,,2018-10-18,14:50:00
1151,Lake Geneva,Switzerland,CH,46.5002,6.6608,2018-10-18T14:50,1,6.0,110.0,2.26706706943568,,,4.5370298643884,,,2018-10-18,14:50:00
1151,Lake Geneva,Switzerland,CH,46.5002,6.6608,2018-10-18T14:50,1,6.0,110.0,2.26706706943568,,,4.5370298643884,,,2018-10-18,14:50:00
1151,Lake Geneva,Switzerland,CH,46.5002,6.6608,2018-10-18T14:50,1,6.0,110.0,2.26706706943568,,,4.5370298643884,,,2018-10-18,14:50:00
1151,Lake Geneva,Switzerland,CH,46.5002,6.6608,2018-10-18T14:50,1,6.0,110.0,2.26706706943568,,,4.5370298643884,,,2018-10-18,14:50:00
1151,Lake Geneva,Switzerland,CH,46.5002,6.6608,2018-10-18T14:50,1,6.0,110.0,2.26706706943568,,,4.5370298643884,,,2018-10-18,14:50:00
1152,Lake Geneva,Switzerland,CH,46.5002,6.6608,2018-10-19T10:59,1,6.0,110.0,1.97804698229727,,,4.79343068514138,,,2018-10-19,10:59:00
1152,Lake Geneva,Switzerland,CH,46.5002,6.6608,2018-10-19T10:59,1,6.0,110.0,1.97804698229727,,,4.79343068514138,,,2018-10-19,10:59:00
1153,Lake Geneva,Switzerland,CH,46.5002,6.6608,2018-10-19T13:59,1,6.0,110.0,2.88405397647103,,,4.49931368707818,,,2018-10-19,13:59:00
1153,Lake Geneva,Switzerland,CH,46.5002,6.6608,2018-10-19T13:59,1,6.0,110.0,2.88405397647103,,,4.49931368707818,,,2018-10-19,13:59:00
1154,Lake Geneva,Switzerland,CH,46.5002,6.6608,2018-10-20T11:00,1,6.0,110.0,2.080024649776,,,5.36588723068664,,,2018-10-20,11:00:00
1154,Lake Geneva,Switzerland,CH,46.5002,6.6608,2018-10-20T11:00,1,6.0,110.0,2.080024649776,,,5.36588723068664,,,2018-10-20,11:00:00
1155,Lake Geneva,Switzerland,CH,46.5002,6.6608,2018-10-20T14:00,1,6.0,110.0,2.0930752551489,,,4.81967374535345,,,2018-10-20,14:00:00
1155,Lake Geneva,Switzerland,CH,46.5002,6.6608,2018-10-20T14:00,1,6.0,110.0,2.0930752551489,,,4.81967374535345,,,2018-10-20,14:00:00
1156,Lake Geneva,Switzerland,CH,46.5002,6.6608,2018-10-21T11:00,1,6.0,110.0,1.55713543732807,,,5.18109414756557,,,2018-10-21,11:00:00
1156,Lake Geneva,Switzerland,CH,46.5002,6.6608,2018-10-21T11:00,1,6.0,110.0,1.55713543732807,,,5.18109414756557,,,2018-10-21,11:00:00
1157,Lake Geneva,Switzerland,CH,46.5002,6.6608,2018-10-21T14:00,1,6.0,110.0,1.90812504953295,,,4.88714204688532,,,2018-10-21,14:00:00
1157,Lake Geneva,Switzerland,CH,46.5002,6.6608,2018-10-21T14:00,1,6.0,110.0,1.90812504953295,,,4.88714204688532,,,2018-10-21,14:00:00
1158,Lake Geneva,Switzerland,CH,46.5002,6.6608,2018-10-22T11:00,1,6.0,110.0,1.57910174773945,,,4.829838182131,,,2018-10-22,11:00:00
1158,Lake Geneva,Switzerland,CH,46.5002,6.6608,2018-10-22T11:00,1,6.0,110.0,1.57910174773945,,,4.829838182131,,,2018-10-22,11:00:00
1159,Lake Geneva,Switzerland,CH,46.5002,6.6608,2018-10-22T14:00,1,6.0,110.0,1.84024075313035,,,4.57007053505508,,,2018-10-22,14:00:00
1159,Lake Geneva,Switzerland,CH,46.5002,6.6608,2018-10-22T14:00,1,6.0,110.0,1.84024075313035,,,4.57007053505508,,,2018-10-22,14:00:00
1160,Lake Geneva,Switzerland,CH,46.5002,6.6608,2018-10-23T11:00,1,6.0,110.0,1.38491826477381,,,4.74089428099373,,,2018-10-23,11:00:00
1161,Lake Geneva,Switzerland,CH,46.5002,6.6608,2018-10-24T11:00,1,6.0,110.0,1.86618465118878,,,5.08423076145091,,,2018-10-24,11:00:00
1161,Lake Geneva,Switzerland,CH,46.5002,6.6608,2018-10-24T11:00,1,6.0,110.0,1.86618465118878,,,5.08423076145091,,,2018-10-24,11:00:00
1162,Lake Geneva,Switzerland,CH,46.5002,6.6608,2018-10-24T14:00,1,6.0,110.0,1.73275580439683,,,4.31365651564175,,,2018-10-24,14:00:00
1162,Lake Geneva,Switzerland,CH,46.5002,6.6608,2018-10-24T14:00,1,6.0,110.0,1.73275580439683,,,4.31365651564175,,,2018-10-24,14:00:00
1163,Lake Geneva,Switzerland,CH,46.5002,6.6608,2018-10-25T12:41,1,6.0,110.0,1.73467372448075,,,4.37790484762353,,,2018-10-25,12:41:00
1164,Lake Geneva,Switzerland,CH,46.5002,6.6608,2018-10-26T11:59,1,6.0,110.0,1.66318954966074,,,4.69954057499437,,,2018-10-26,11:59:00
1164,Lake Geneva,Switzerland,CH,46.5002,6.6608,2018-10-26T11:59,1,6.0,110.0,1.66318954966074,,,4.69954057499437,,,2018-10-26,11:59:00
1165,Lake Geneva,Switzerland,CH,46.5002,6.6608,2018-10-26T14:59,1,6.0,110.0,2.09745007368547,,,4.78789376771191,,,2018-10-26,14:59:00
1165,Lake Geneva,Switzerland,CH,46.5002,6.6608,2018-10-26T14:59,1,6.0,110.0,2.09745007368547,,,4.78789376771191,,,2018-10-26,14:59:00
1166,Lake Geneva,Switzerland,CH,46.5002,6.6608,2018-10-27T11:59,1,6.0,110.0,1.82677485841465,,,5.08440589208705,,,2018-10-27,11:59:00
1167,Lake Geneva,Switzerland,CH,46.5002,6.6608,2018-10-28T12:00,1,6.0,110.0,1.66255247175566,,,5.34733827762376,,,2018-10-28,12:00:00
1168,Lake Geneva,Switzerland,CH,46.5002,6.6608,2018-10-29T12:00,1,6.0,110.0,1.79474618285357,,,4.78521218732765,,,2018-10-29,12:00:00
1169,Lake Geneva,Switzerland,CH,46.5002,6.6608,2018-11-21T13:51,1,6.0,110.0,2.33027775078402,,,5.94562879983218,,,2018-11-21,13:51:00
1169,Lake Geneva,Switzerland,CH,46.5002,6.6608,2018-11-21T13:51,1,6.0,110.0,2.33027775078402,,,5.94562879983218,,,2018-11-21,13:51:00
1170,Lake Geneva,Switzerland,CH,46.5002,6.6608,2018-11-21T14:09,1,6.0,110.0,2.27121923964046,,,5.93765531200674,,,2018-11-21,14:09:00
1170,Lake Geneva,Switzerland,CH,46.5002,6.6608,2018-11-21T14:09,1,6.0,110.0,2.27121923964046,,,5.93765531200674,,,2018-11-21,14:09:00
1171,Lake Geneva,Switzerland,CH,46.5002,6.6608,2018-11-22T11:09,1,6.0,110.0,3.21237879891414,,,5.21638322561877,,,2018-11-22,11:09:00
1171,Lake Geneva,Switzerland,CH,46.5002,6.6608,2018-11-22T11:09,1,6.0,110.0,3.21237879891414,,,5.21638322561877,,,2018-11-22,11:09:00
1172,Lake Geneva,Switzerland,CH,46.5002,6.6608,2018-11-22T14:09,1,6.0,110.0,3.07965940884476,,,5.41179113567719,,,2018-11-22,14:09:00
1172,Lake Geneva,Switzerland,CH,46.5002,6.6608,2018-11-22T14:09,1,6.0,110.0,3.07965940884476,,,5.41179113567719,,,2018-11-22,14:09:00
1173,Lake Geneva,Switzerland,CH,46.5002,6.6608,2018-11-23T11:09,1,6.0,110.0,2.83620216675449,,,5.3344987214008,,,2018-11-23,11:09:00
1173,Lake Geneva,Switzerland,CH,46.5002,6.6608,2018-11-23T11:09,1,6.0,110.0,2.83620216675449,,,5.3344987214008,,,2018-11-23,11:09:00
1174,Lake Geneva,Switzerland,CH,46.5002,6.6608,2018-11-23T13:59,1,6.0,110.0,2.66479764595731,,,5.3344987214008,,,2018-11-23,13:59:00
1174,Lake Geneva,Switzerland,CH,46.5002,6.6608,2018-11-23T13:59,1,6.0,110.0,2.66479764595731,,,5.3344987214008,,,2018-11-23,13:59:00
1175,Lake Geneva,Switzerland,CH,46.5002,6.6608,2018-11-24T10:59,1,6.0,110.0,1.88915879575019,,,4.87338171988683,,,2018-11-24,10:59:00
1176,Lake Geneva,Switzerland,CH,46.5002,6.6608,2018-11-25T10:59,1,6.0,110.0,2.47997802701384,,,5.60938564519886,,,2018-11-25,10:59:00
1176,Lake Geneva,Switzerland,CH,46.5002,6.6608,2018-11-25T10:59,1,6.0,110.0,2.47997802701384,,,5.60938564519886,,,2018-11-25,10:59:00
1177,Lake Geneva,Switzerland,CH,46.5002,6.6608,2018-11-25T13:59,1,6.0,110.0,2.42852965817313,,,6.09975707236808,,,2018-11-25,13:59:00
1177,Lake Geneva,Switzerland,CH,46.5002,6.6608,2018-11-25T13:59,1,6.0,110.0,2.42852965817313,,,6.09975707236808,,,2018-11-25,13:59:00
1178,Lake Geneva,Switzerland,CH,46.5002,6.6608,2018-11-26T10:59,1,6.0,110.0,2.36058524863875,,,6.27751027900449,,,2018-11-26,10:59:00
1178,Lake Geneva,Switzerland,CH,46.5002,6.6608,2018-11-26T10:59,1,6.0,110.0,2.36058524863875,,,6.27751027900449,,,2018-11-26,10:59:00
1179,Lake Geneva,Switzerland,CH,46.5002,6.6608,2018-11-26T13:59,1,6.0,110.0,2.4573866753185,,,6.2635761899197,,,2018-11-26,13:59:00
1179,Lake Geneva,Switzerland,CH,46.5002,6.6608,2018-11-26T13:59,1,6.0,110.0,2.4573866753185,,,6.2635761899197,,,2018-11-26,13:59:00
1180,Lake Geneva,Switzerland,CH,46.5002,6.6608,2018-11-27T10:59,1,6.0,110.0,2.39879745554834,,,6.07459797113767,,,2018-11-27,10:59:00
1180,Lake Geneva,Switzerland,CH,46.5002,6.6608,2018-11-27T10:59,1,6.0,110.0,2.39879745554834,,,6.07459797113767,,,2018-11-27,10:59:00
1181,Lake Geneva,Switzerland,CH,46.5002,6.6608,2018-11-27T13:59,1,6.0,110.0,2.38914755164627,,,5.76552082901342,,,2018-11-27,13:59:00
1181,Lake Geneva,Switzerland,CH,46.5002,6.6608,2018-11-27T13:59,1,6.0,110.0,2.38914755164627,,,5.76552082901342,,,2018-11-27,13:59:00
1182,Lake Geneva,Switzerland,CH,46.5002,6.6608,2018-11-28T10:59,1,6.0,110.0,2.12895008244917,,,4.85963704486348,,,2018-11-28,10:59:00
1183,Lake Geneva,Switzerland,CH,46.5002,6.6608,2018-11-29T11:00,1,6.0,110.0,2.90189745431574,,,5.70282043069485,,,2018-11-29,11:00:00
1183,Lake Geneva,Switzerland,CH,46.5002,6.6608,2018-11-29T11:00,1,6.0,110.0,2.90189745431574,,,5.70282043069485,,,2018-11-29,11:00:00
1184,Lake Geneva,Switzerland,CH,46.5002,6.6608,2018-11-29T14:00,1,6.0,110.0,3.26251844276407,,,5.36755843150421,,,2018-11-29,14:00:00
1184,Lake Geneva,Switzerland,CH,46.5002,6.6608,2018-11-29T14:00,1,6.0,110.0,3.26251844276407,,,5.36755843150421,,,2018-11-29,14:00:00
1185,Lake Geneva,Switzerland,CH,46.5002,6.6608,2018-11-30T11:00,1,6.0,110.0,2.6876690231662,,,5.90617797251861,,,2018-11-30,11:00:00
1185,Lake Geneva,Switzerland,CH,46.5002,6.6608,2018-11-30T11:00,1,6.0,110.0,2.6876690231662,,,5.90617797251861,,,2018-11-30,11:00:00
1186,Lake Geneva,Switzerland,CH,46.5002,6.6608,2018-11-30T14:00,1,6.0,110.0,2.70098283005743,,,6.03259489093368,,,2018-11-30,14:00:00
1186,Lake Geneva,Switzerland,CH,46.5002,6.6608,2018-11-30T14:00,1,6.0,110.0,2.70098283005743,,,6.03259489093368,,,2018-11-30,14:00:00
1187,Lake Geneva,Switzerland,CH,46.5002,6.6608,2018-12-01T11:00,1,6.0,110.0,2.03000773009631,,,5.41074326029006,,,2018-12-01,11:00:00
1187,Lake Geneva,Switzerland,CH,46.5002,6.6608,2018-12-01T11:00,1,6.0,110.0,2.03000773009631,,,5.41074326029006,,,2018-12-01,11:00:00
1188,Lake Geneva,Switzerland,CH,46.5002,6.6608,2018-12-01T14:00,1,6.0,110.0,2.86478794670044,,,5.48707473385275,,,2018-12-01,14:00:00
1188,Lake Geneva,Switzerland,CH,46.5002,6.6608,2018-12-01T14:00,1,6.0,110.0,2.86478794670044,,,5.48707473385275,,,2018-12-01,14:00:00
1189,Lake Geneva,Switzerland,CH,46.5002,6.6608,2018-12-02T11:00,1,6.0,110.0,2.57802648171529,,,5.73086363667181,,,2018-12-02,11:00:00
1189,Lake Geneva,Switzerland,CH,46.5002,6.6608,2018-12-02T11:00,1,6.0,110.0,2.57802648171529,,,5.73086363667181,,,2018-12-02,11:00:00
1190,Lake Geneva,Switzerland,CH,46.5002,6.6608,2018-12-02T14:00,1,6.0,110.0,2.67039203861115,,,6.15156513914141,,,2018-12-02,14:00:00
1190,Lake Geneva,Switzerland,CH,46.5002,6.6608,2018-12-02T14:00,1,6.0,110.0,2.67039203861115,,,6.15156513914141,,,2018-12-02,14:00:00
1191,Lake Geneva,Switzerland,CH,46.5002,6.6608,2018-12-03T11:01,1,6.0,110.0,2.42415185592321,,,6.10548141638218,,,2018-12-03,11:01:00
1191,Lake Geneva,Switzerland,CH,46.5002,6.6608,2018-12-03T11:01,1,6.0,110.0,2.42415185592321,,,6.10548141638218,,,2018-12-03,11:01:00
1192,Lake Geneva,Switzerland,CH,46.5002,6.6608,2018-12-03T14:01,1,6.0,110.0,3.02210965501312,,,5.63832066638633,,,2018-12-03,14:01:00
1192,Lake Geneva,Switzerland,CH,46.5002,6.6608,2018-12-03T14:01,1,6.0,110.0,3.02210965501312,,,5.63832066638633,,,2018-12-03,14:01:00
1193,Lake Geneva,Switzerland,CH,46.5002,6.6608,2018-12-04T11:01,1,6.0,110.0,2.69530081263969,,,5.2850979045918,,,2018-12-04,11:01:00
1193,Lake Geneva,Switzerland,CH,46.5002,6.6608,2018-12-04T11:01,1,6.0,110.0,2.69530081263969,,,5.2850979045918,,,2018-12-04,11:01:00
1194,Lake Geneva,Switzerland,CH,46.5002,6.6608,2018-12-04T14:01,1,6.0,110.0,2.70329339813718,,,6.20034173403093,,,2018-12-04,14:01:00
1194,Lake Geneva,Switzerland,CH,46.5002,6.6608,2018-12-04T14:01,1,6.0,110.0,2.70329339813718,,,6.20034173403093,,,2018-12-04,14:01:00
1195,Lake Geneva,Switzerland,CH,46.5002,6.6608,2018-12-05T11:01,1,6.0,110.0,2.18784416937757,,,6.32664725654308,,,2018-12-05,11:01:00
1195,Lake Geneva,Switzerland,CH,46.5002,6.6608,2018-12-05T11:01,1,6.0,110.0,2.18784416937757,,,6.32664725654308,,,2018-12-05,11:01:00
1196,Lake Geneva,Switzerland,CH,46.5002,6.6608,2018-12-05T14:01,1,6.0,110.0,2.54587239550589,,,5.81088044931525,,,2018-12-05,14:01:00
1196,Lake Geneva,Switzerland,CH,46.5002,6.6608,2018-12-05T14:01,1,6.0,110.0,2.54587239550589,,,5.81088044931525,,,2018-12-05,14:01:00
1197,Lake Geneva,Switzerland,CH,46.5002,6.6608,2018-12-06T11:01,1,6.0,110.0,2.83993607118552,,,5.61673418733792,,,2018-12-06,11:01:00
1197,Lake Geneva,Switzerland,CH,46.5002,6.6608,2018-12-06T11:01,1,6.0,110.0,2.83993607118552,,,5.61673418733792,,,2018-12-06,11:01:00
1198,Lake Geneva,Switzerland,CH,46.5002,6.6608,2018-12-06T14:01,1,6.0,110.0,2.92750098527325,,,5.97814509686115,,,2018-12-06,14:01:00
1198,Lake Geneva,Switzerland,CH,46.5002,6.6608,2018-12-06T14:01,1,6.0,110.0,2.92750098527325,,,5.97814509686115,,,2018-12-06,14:01:00
1199,Lake Geneva,Switzerland,CH,46.5002,6.6608,2018-12-07T11:01,1,6.0,110.0,2.13772241965482,,,5.24754741001346,,,2018-12-07,11:01:00
1199,Lake Geneva,Switzerland,CH,46.5002,6.6608,2018-12-07T11:01,1,6.0,110.0,2.13772241965482,,,5.24754741001346,,,2018-12-07,11:01:00
1200,Lake Geneva,Switzerland,CH,46.5002,6.6608,2018-12-07T14:01,1,6.0,110.0,2.88457559477435,,,6.55821368663103,,,2018-12-07,14:01:00
1200,Lake Geneva,Switzerland,CH,46.5002,6.6608,2018-12-07T14:01,1,6.0,110.0,2.88457559477435,,,6.55821368663103,,,2018-12-07,14:01:00
1201,Lake Geneva,Switzerland,CH,46.5002,6.6608,2018-12-08T14:01,1,6.0,110.0,1.47196451457539,,,4.88803590033222,,,2018-12-08,14:01:00
1202,Lake Geneva,Switzerland,CH,46.5002,6.6608,2018-12-09T11:01,1,6.0,110.0,1.64982506061072,,,4.44813274993232,,,2018-12-09,11:01:00
1202,Lake Geneva,Switzerland,CH,46.5002,6.6608,2018-12-09T11:01,1,6.0,110.0,1.64982506061072,,,4.44813274993232,,,2018-12-09,11:01:00
1203,Lake Geneva,Switzerland,CH,46.5002,6.6608,2018-12-09T14:01,1,6.0,110.0,1.59713228788981,,,4.44813274993232,,,2018-12-09,14:01:00
1203,Lake Geneva,Switzerland,CH,46.5002,6.6608,2018-12-09T14:01,1,6.0,110.0,1.59713228788981,,,4.44813274993232,,,2018-12-09,14:01:00
1204,Lake Geneva,Switzerland,CH,46.5002,6.6608,2019-02-25T12:20,1,6.0,110.0,2.35341330242867,,,4.82949915428285,,,2019-02-25,12:20:00
1204,Lake Geneva,Switzerland,CH,46.5002,6.6608,2019-02-25T12:20,1,6.0,110.0,2.35341330242867,,,4.82949915428285,,,2019-02-25,12:20:00
1205,Lake Geneva,Switzerland,CH,46.5002,6.6608,2019-02-25T12:42,1,6.0,110.0,5.25490795536887,,,4.15713199276376,,,2019-02-25,12:42:00
1205,Lake Geneva,Switzerland,CH,46.5002,6.6608,2019-02-25T12:42,1,6.0,110.0,5.25490795536887,,,4.15713199276376,,,2019-02-25,12:42:00
1206,Lake Geneva,Switzerland,CH,46.5002,6.6608,2019-02-26T11:00,1,6.0,110.0,2.6199321653772,,,4.77008674111982,,,2019-02-26,11:00:00
1206,Lake Geneva,Switzerland,CH,46.5002,6.6608,2019-02-26T11:00,1,6.0,110.0,2.6199321653772,,,4.77008674111982,,,2019-02-26,11:00:00
1207,Lake Geneva,Switzerland,CH,46.5002,6.6608,2019-02-26T14:00,1,6.0,110.0,2.545470694785,,,4.59614230875869,,,2019-02-26,14:00:00
1207,Lake Geneva,Switzerland,CH,46.5002,6.6608,2019-02-26T14:00,1,6.0,110.0,2.545470694785,,,4.59614230875869,,,2019-02-26,14:00:00
1208,Lake Geneva,Switzerland,CH,46.5002,6.6608,2019-02-27T11:00,1,6.0,110.0,2.65112650674982,,,4.69603881536779,,,2019-02-27,11:00:00
1209,Lake Geneva,Switzerland,CH,46.5002,6.6608,2019-02-28T11:00,1,6.0,110.0,3.20287871702855,,,4.75218051086394,,,2019-02-28,11:00:00
1209,Lake Geneva,Switzerland,CH,46.5002,6.6608,2019-02-28T11:00,1,6.0,110.0,3.20287871702855,,,4.75218051086394,,,2019-02-28,11:00:00
1210,Lake Geneva,Switzerland,CH,46.5002,6.6608,2019-02-28T14:00,1,6.0,110.0,3.7426709921263,,,4.34190507125597,,,2019-02-28,14:00:00
1210,Lake Geneva,Switzerland,CH,46.5002,6.6608,2019-02-28T14:00,1,6.0,110.0,3.7426709921263,,,4.34190507125597,,,2019-02-28,14:00:00
1211,Lake Geneva,Switzerland,CH,46.5002,6.6608,2019-03-03T10:59,1,6.0,110.0,2.84443073092686,,,4.51364052786304,,,2019-03-03,10:59:00
1211,Lake Geneva,Switzerland,CH,46.5002,6.6608,2019-03-03T10:59,1,6.0,110.0,2.84443073092686,,,4.51364052786304,,,2019-03-03,10:59:00
1212,Lake Geneva,Switzerland,CH,46.5002,6.6608,2019-03-03T13:59,1,6.0,110.0,3.70348428956526,,,5.42236165370585,,,2019-03-03,13:59:00
1212,Lake Geneva,Switzerland,CH,46.5002,6.6608,2019-03-03T13:59,1,6.0,110.0,3.70348428956526,,,5.42236165370585,,,2019-03-03,13:59:00
1213,Lake Geneva,Switzerland,CH,46.5002,6.6608,2019-03-04T11:00,1,6.0,110.0,5.24395861205018,,,5.34983045868965,,,2019-03-04,11:00:00
1213,Lake Geneva,Switzerland,CH,46.5002,6.6608,2019-03-04T11:00,1,6.0,110.0,5.24395861205018,,,5.34983045868965,,,2019-03-04,11:00:00
1214,Lake Geneva,Switzerland,CH,46.5002,6.6608,2019-03-04T14:00,1,6.0,110.0,4.53462127689545,,,6.71631274692498,,,2019-03-04,14:00:00
1214,Lake Geneva,Switzerland,CH,46.5002,6.6608,2019-03-04T14:00,1,6.0,110.0,4.53462127689545,,,6.71631274692498,,,2019-03-04,14:00:00
1215,Lake Geneva,Switzerland,CH,46.5002,6.6608,2019-03-06T11:00,1,6.0,110.0,1.20694841925309,,,6.74758914236329,,,2019-03-06,11:00:00
1216,Lake Geneva,Switzerland,CH,46.5002,6.6608,2019-03-07T11:02,1,6.0,110.0,1.46825814815987,,,7.50888226065491,,,2019-03-07,11:02:00
1216,Lake Geneva,Switzerland,CH,46.5002,6.6608,2019-03-07T11:02,1,6.0,110.0,1.46825814815987,,,7.50888226065491,,,2019-03-07,11:02:00
1217,Lake Geneva,Switzerland,CH,46.5002,6.6608,2019-03-07T14:02,1,6.0,110.0,1.65481202492552,,,7.33207041797388,,,2019-03-07,14:02:00
1217,Lake Geneva,Switzerland,CH,46.5002,6.6608,2019-03-07T14:02,1,6.0,110.0,1.65481202492552,,,7.33207041797388,,,2019-03-07,14:02:00
1218,Lake Geneva,Switzerland,CH,46.5002,6.6608,2019-03-08T11:02,1,6.0,110.0,1.62255139251727,,,5.31574079323456,,,2019-03-08,11:02:00
1219,Lake Geneva,Switzerland,CH,46.5002,6.6608,2019-03-09T11:04,1,6.0,110.0,2.51180487588289,,,6.73768970122022,,,2019-03-09,11:04:00
1220,Lake Geneva,Switzerland,CH,46.5002,6.6608,2019-03-10T11:05,1,6.0,110.0,3.16939298109336,,,5.6650560721657,,,2019-03-10,11:05:00
1221,Lake Geneva,Switzerland,CH,46.5002,6.6608,2019-03-11T11:05,1,6.0,110.0,1.64466123847318,,,5.98777363716656,,,2019-03-11,11:05:00
1222,Lake Geneva,Switzerland,CH,46.5002,6.6608,2019-03-12T11:06,1,6.0,110.0,1.47670354677374,,,5.94565983315279,,,2019-03-12,11:06:00
1222,Lake Geneva,Switzerland,CH,46.5002,6.6608,2019-03-12T11:06,1,6.0,110.0,1.47670354677374,,,5.94565983315279,,,2019-03-12,11:06:00
1223,Lake Geneva,Switzerland,CH,46.5002,6.6608,2019-03-12T14:06,1,6.0,110.0,1.83295965276617,,,6.24512854721,,,2019-03-12,14:06:00
1223,Lake Geneva,Switzerland,CH,46.5002,6.6608,2019-03-12T14:06,1,6.0,110.0,1.83295965276617,,,6.24512854721,,,2019-03-12,14:06:00
1224,Lake Geneva,Switzerland,CH,46.5002,6.6608,2019-03-13T11:06,1,6.0,110.0,1.62352883301916,,,3.32534969006562,,,2019-03-13,11:06:00
1224,Lake Geneva,Switzerland,CH,46.5002,6.6608,2019-03-13T11:06,1,6.0,110.0,1.62352883301916,,,3.32534969006562,,,2019-03-13,11:06:00
1225,Lake Geneva,Switzerland,CH,46.5002,6.6608,2019-03-13T14:06,1,6.0,110.0,1.91096811034018,,,5.68852028982171,,,2019-03-13,14:06:00
1225,Lake Geneva,Switzerland,CH,46.5002,6.6608,2019-03-13T14:06,1,6.0,110.0,1.91096811034018,,,5.68852028982171,,,2019-03-13,14:06:00
1226,Lake Geneva,Switzerland,CH,46.5002,6.6608,2019-03-14T11:06,1,6.0,110.0,1.75942183362229,,,6.88889421350689,,,2019-03-14,11:06:00
1226,Lake Geneva,Switzerland,CH,46.5002,6.6608,2019-03-14T11:06,1,6.0,110.0,1.75942183362229,,,6.88889421350689,,,2019-03-14,11:06:00
1227,Lake Geneva,Switzerland,CH,46.5002,6.6608,2019-03-14T14:06,1,6.0,110.0,1.98426360757247,,,6.2454170600191,,,2019-03-14,14:06:00
1227,Lake Geneva,Switzerland,CH,46.5002,6.6608,2019-03-14T14:06,1,6.0,110.0,1.98426360757247,,,6.2454170600191,,,2019-03-14,14:06:00
1228,Lake Geneva,Switzerland,CH,46.5002,6.6608,2019-03-15T11:06,1,6.0,110.0,2.35013282948337,,,6.35785998363766,,,2019-03-15,11:06:00
1228,Lake Geneva,Switzerland,CH,46.5002,6.6608,2019-03-15T11:06,1,6.0,110.0,2.35013282948337,,,6.35785998363766,,,2019-03-15,11:06:00
1229,Lake Geneva,Switzerland,CH,46.5002,6.6608,2019-03-15T14:06,1,6.0,110.0,1.79977099593115,,,7.09358199928668,,,2019-03-15,14:06:00
1229,Lake Geneva,Switzerland,CH,46.5002,6.6608,2019-03-15T14:06,1,6.0,110.0,1.79977099593115,,,7.09358199928668,,,2019-03-15,14:06:00
1230,Lake Geneva,Switzerland,CH,46.5002,6.6608,2019-03-16T11:06,1,6.0,110.0,0.946098358603028,,,6.98363501590849,,,2019-03-16,11:06:00
1230,Lake Geneva,Switzerland,CH,46.5002,6.6608,2019-03-16T11:06,1,6.0,110.0,0.946098358603028,,,6.98363501590849,,,2019-03-16,11:06:00
1231,Lake Geneva,Switzerland,CH,46.5002,6.6608,2019-03-16T14:58,1,6.0,110.0,1.54609139190222,,,5.88479051650469,,,2019-03-16,14:58:00
1231,Lake Geneva,Switzerland,CH,46.5002,6.6608,2019-03-16T14:58,1,6.0,110.0,1.54609139190222,,,5.88479051650469,,,2019-03-16,14:58:00
1232,Lake Geneva,Switzerland,CH,46.5002,6.6608,2019-05-24T11:07,1,6.0,110.0,2.01542048214718,,,5.0192340351073,,,2019-05-24,11:07:00
1232,Lake Geneva,Switzerland,CH,46.5002,6.6608,2019-05-24T11:07,1,6.0,110.0,2.01542048214718,,,5.0192340351073,,,2019-05-24,11:07:00
1232,Lake Geneva,Switzerland,CH,46.5002,6.6608,2019-05-24T11:07,1,6.0,110.0,2.01542048214718,,,5.0192340351073,,,2019-05-24,11:07:00
1233,Lake Geneva,Switzerland,CH,46.5002,6.6608,2019-05-24T12:07,1,6.0,110.0,2.15033709223325,,,4.89233248735888,,,2019-05-24,12:07:00
1233,Lake Geneva,Switzerland,CH,46.5002,6.6608,2019-05-24T12:07,1,6.0,110.0,2.15033709223325,,,4.89233248735888,,,2019-05-24,12:07:00
1233,Lake Geneva,Switzerland,CH,46.5002,6.6608,2019-05-24T12:07,1,6.0,110.0,2.15033709223325,,,4.89233248735888,,,2019-05-24,12:07:00
1234,Lake Geneva,Switzerland,CH,46.5002,6.6608,2019-05-24T13:59,1,6.0,110.0,2.35719945249644,,,4.61880897992967,,,2019-05-24,13:59:00
1234,Lake Geneva,Switzerland,CH,46.5002,6.6608,2019-05-24T13:59,1,6.0,110.0,2.35719945249644,,,4.61880897992967,,,2019-05-24,13:59:00
1234,Lake Geneva,Switzerland,CH,46.5002,6.6608,2019-05-24T13:59,1,6.0,110.0,2.35719945249644,,,4.61880897992967,,,2019-05-24,13:59:00
1235,Lake Geneva,Switzerland,CH,46.5002,6.6608,2019-05-25T11:00,1,6.0,110.0,3.03116095520158,,,5.83089949571765,,,2019-05-25,11:00:00
1235,Lake Geneva,Switzerland,CH,46.5002,6.6608,2019-05-25T11:00,1,6.0,110.0,3.03116095520158,,,5.83089949571765,,,2019-05-25,11:00:00
1236,Lake Geneva,Switzerland,CH,46.5002,6.6608,2019-05-25T14:00,1,6.0,110.0,3.45859088113611,,,4.64914799711242,,,2019-05-25,14:00:00
1236,Lake Geneva,Switzerland,CH,46.5002,6.6608,2019-05-25T14:00,1,6.0,110.0,3.45859088113611,,,4.64914799711242,,,2019-05-25,14:00:00
1237,Lake Geneva,Switzerland,CH,46.5002,6.6608,2019-05-26T11:00,1,6.0,110.0,5.05984089219775,,,3.01888213088636,,,2019-05-26,11:00:00
1238,Lake Geneva,Switzerland,CH,46.5002,6.6608,2019-05-27T11:00,1,6.0,110.0,2.76126080462408,,,3.71864556686325,,,2019-05-27,11:00:00
1238,Lake Geneva,Switzerland,CH,46.5002,6.6608,2019-05-27T11:00,1,6.0,110.0,2.76126080462408,,,3.71864556686325,,,2019-05-27,11:00:00
1239,Lake Geneva,Switzerland,CH,46.5002,6.6608,2019-05-27T14:00,1,6.0,110.0,4.43056351758288,,,4.4185273782029,,,2019-05-27,14:00:00
1239,Lake Geneva,Switzerland,CH,46.5002,6.6608,2019-05-27T14:00,1,6.0,110.0,4.43056351758288,,,4.4185273782029,,,2019-05-27,14:00:00
1240,Lake Geneva,Switzerland,CH,46.5002,6.6608,2019-05-28T11:01,1,6.0,110.0,5.52114211633781,,,3.86243262960907,,,2019-05-28,11:01:00
1240,Lake Geneva,Switzerland,CH,46.5002,6.6608,2019-05-28T11:01,1,6.0,110.0,5.52114211633781,,,3.86243262960907,,,2019-05-28,11:01:00
1241,Lake Geneva,Switzerland,CH,46.5002,6.6608,2019-05-28T14:01,1,6.0,110.0,4.8169213205884,,,4.1944827628423,,,2019-05-28,14:01:00
1241,Lake Geneva,Switzerland,CH,46.5002,6.6608,2019-05-28T14:01,1,6.0,110.0,4.8169213205884,,,4.1944827628423,,,2019-05-28,14:01:00
1242,Lake Geneva,Switzerland,CH,46.5002,6.6608,2019-05-29T11:01,1,6.0,110.0,4.37962149596945,,,3.86299081525965,,,2019-05-29,11:01:00
1242,Lake Geneva,Switzerland,CH,46.5002,6.6608,2019-05-29T11:01,1,6.0,110.0,4.37962149596945,,,3.86299081525965,,,2019-05-29,11:01:00
1243,Lake Geneva,Switzerland,CH,46.5002,6.6608,2019-05-29T14:01,1,6.0,110.0,3.27197529725534,,,4.59592960851064,,,2019-05-29,14:01:00
1243,Lake Geneva,Switzerland,CH,46.5002,6.6608,2019-05-29T14:01,1,6.0,110.0,3.27197529725534,,,4.59592960851064,,,2019-05-29,14:01:00
1244,Lake Geneva,Switzerland,CH,46.5002,6.6608,2019-05-30T11:01,1,6.0,110.0,3.17537105924945,,,4.4789354007551,,,2019-05-30,11:01:00
1244,Lake Geneva,Switzerland,CH,46.5002,6.6608,2019-05-30T11:01,1,6.0,110.0,3.17537105924945,,,4.4789354007551,,,2019-05-30,11:01:00
1245,Lake Geneva,Switzerland,CH,46.5002,6.6608,2019-05-30T14:01,1,6.0,110.0,1.90644000662422,,,4.98954173863318,,,2019-05-30,14:01:00
1245,Lake Geneva,Switzerland,CH,46.5002,6.6608,2019-05-30T14:01,1,6.0,110.0,1.90644000662422,,,4.98954173863318,,,2019-05-30,14:01:00
1246,Lake Geneva,Switzerland,CH,46.5002,6.6608,2019-05-31T11:01,1,6.0,110.0,1.99557469993683,,,3.90796168601521,,,2019-05-31,11:01:00
1246,Lake Geneva,Switzerland,CH,46.5002,6.6608,2019-05-31T11:01,1,6.0,110.0,1.99557469993683,,,3.90796168601521,,,2019-05-31,11:01:00
1247,Lake Geneva,Switzerland,CH,46.5002,6.6608,2019-05-31T14:01,1,6.0,110.0,2.22186880205443,,,3.89307410263067,,,2019-05-31,14:01:00
1247,Lake Geneva,Switzerland,CH,46.5002,6.6608,2019-05-31T14:01,1,6.0,110.0,2.22186880205443,,,3.89307410263067,,,2019-05-31,14:01:00
1248,Lake Geneva,Switzerland,CH,46.5002,6.6608,2019-06-01T11:01,1,6.0,110.0,1.46353384348788,,,5.21453273485311,,,2019-06-01,11:01:00
1248,Lake Geneva,Switzerland,CH,46.5002,6.6608,2019-06-01T11:01,1,6.0,110.0,1.46353384348788,,,5.21453273485311,,,2019-06-01,11:01:00
1249,Lake Geneva,Switzerland,CH,46.5002,6.6608,2019-06-01T14:01,1,6.0,110.0,2.20457600031243,,,4.53849326235566,,,2019-06-01,14:01:00
1249,Lake Geneva,Switzerland,CH,46.5002,6.6608,2019-06-01T14:01,1,6.0,110.0,2.20457600031243,,,4.53849326235566,,,2019-06-01,14:01:00
1250,Lake Geneva,Switzerland,CH,46.5002,6.6608,2019-06-03T14:02,1,6.0,110.0,1.75864414958714,,,4.87379442653809,,,2019-06-03,14:02:00
1251,Lake Geneva,Switzerland,CH,46.5002,6.6608,2019-06-06T12:50,1,6.0,110.0,3.43591235096805,,,3.86511052214332,,,2019-06-06,12:50:00
1251,Lake Geneva,Switzerland,CH,46.5002,6.6608,2019-06-06T12:50,1,6.0,110.0,3.43591235096805,,,3.86511052214332,,,2019-06-06,12:50:00
1251,Lake Geneva,Switzerland,CH,46.5002,6.6608,2019-06-06T12:50,1,6.0,110.0,3.43591235096805,,,3.86511052214332,,,2019-06-06,12:50:00
1252,Lake Geneva,Switzerland,CH,46.5002,6.6608,2019-06-06T13:20,1,6.0,110.0,4.02423977685421,,,3.73311421688722,,,2019-06-06,13:20:00
1252,Lake Geneva,Switzerland,CH,46.5002,6.6608,2019-06-06T13:20,1,6.0,110.0,4.02423977685421,,,3.73311421688722,,,2019-06-06,13:20:00
1252,Lake Geneva,Switzerland,CH,46.5002,6.6608,2019-06-06T13:20,1,6.0,110.0,4.02423977685421,,,3.73311421688722,,,2019-06-06,13:20:00
1253,Lake Geneva,Switzerland,CH,46.5002,6.6608,2019-06-06T13:59,1,6.0,110.0,2.98962304628085,,,4.05855403140069,,,2019-06-06,13:59:00
1253,Lake Geneva,Switzerland,CH,46.5002,6.6608,2019-06-06T13:59,1,6.0,110.0,2.98962304628085,,,4.05855403140069,,,2019-06-06,13:59:00
1253,Lake Geneva,Switzerland,CH,46.5002,6.6608,2019-06-06T13:59,1,6.0,110.0,2.98962304628085,,,4.05855403140069,,,2019-06-06,13:59:00
1254,Lake Geneva,Switzerland,CH,46.5002,6.6608,2019-06-07T13:59,1,6.0,110.0,5.42276221891537,,,2.54114679588214,,,2019-06-07,13:59:00
1255,Lake Geneva,Switzerland,CH,46.5002,6.6608,2019-06-11T12:48,1,6.0,110.0,5.27924106433774,,,4.29914700513929,,,2019-06-11,12:48:00
1255,Lake Geneva,Switzerland,CH,46.5002,6.6608,2019-06-11T12:48,1,6.0,110.0,5.27924106433774,,,4.29914700513929,,,2019-06-11,12:48:00
1255,Lake Geneva,Switzerland,CH,46.5002,6.6608,2019-06-11T12:48,1,6.0,110.0,5.27924106433774,,,4.29914700513929,,,2019-06-11,12:48:00
1256,Lake Geneva,Switzerland,CH,46.5002,6.6608,2019-06-11T13:29,1,6.0,110.0,6.17084889292757,,,3.95558222996967,,,2019-06-11,13:29:00
1256,Lake Geneva,Switzerland,CH,46.5002,6.6608,2019-06-11T13:29,1,6.0,110.0,6.17084889292757,,,3.95558222996967,,,2019-06-11,13:29:00
1256,Lake Geneva,Switzerland,CH,46.5002,6.6608,2019-06-11T13:29,1,6.0,110.0,6.17084889292757,,,3.95558222996967,,,2019-06-11,13:29:00
1257,Lake Geneva,Switzerland,CH,46.5002,6.6608,2019-06-11T14:59,1,6.0,110.0,6.55109539854954,,,3.68022159435951,,,2019-06-11,14:59:00
1257,Lake Geneva,Switzerland,CH,46.5002,6.6608,2019-06-11T14:59,1,6.0,110.0,6.55109539854954,,,3.68022159435951,,,2019-06-11,14:59:00
1257,Lake Geneva,Switzerland,CH,46.5002,6.6608,2019-06-11T14:59,1,6.0,110.0,6.55109539854954,,,3.68022159435951,,,2019-06-11,14:59:00
1258,Lake Geneva,Switzerland,CH,46.5002,6.6608,2019-06-12T10:29,1,6.0,110.0,2.18967707880149,,,3.94700524931218,,,2019-06-12,10:29:00
1258,Lake Geneva,Switzerland,CH,46.5002,6.6608,2019-06-12T10:29,1,6.0,110.0,2.18967707880149,,,3.94700524931218,,,2019-06-12,10:29:00
1258,Lake Geneva,Switzerland,CH,46.5002,6.6608,2019-06-12T10:29,1,6.0,110.0,2.18967707880149,,,3.94700524931218,,,2019-06-12,10:29:00
1258,Lake Geneva,Switzerland,CH,46.5002,6.6608,2019-06-12T10:29,1,6.0,110.0,2.18967707880149,,,3.94700524931218,,,2019-06-12,10:29:00
1259,Lake Geneva,Switzerland,CH,46.5002,6.6608,2019-06-12T11:59,1,6.0,110.0,2.00994321515158,,,3.91566219252798,,,2019-06-12,11:59:00
1259,Lake Geneva,Switzerland,CH,46.5002,6.6608,2019-06-12T11:59,1,6.0,110.0,2.00994321515158,,,3.91566219252798,,,2019-06-12,11:59:00
1259,Lake Geneva,Switzerland,CH,46.5002,6.6608,2019-06-12T11:59,1,6.0,110.0,2.00994321515158,,,3.91566219252798,,,2019-06-12,11:59:00
1259,Lake Geneva,Switzerland,CH,46.5002,6.6608,2019-06-12T11:59,1,6.0,110.0,2.00994321515158,,,3.91566219252798,,,2019-06-12,11:59:00
1260,Lake Geneva,Switzerland,CH,46.5002,6.6608,2019-06-12T13:29,1,6.0,110.0,1.86692122615966,,,3.59129579250276,,,2019-06-12,13:29:00
1260,Lake Geneva,Switzerland,CH,46.5002,6.6608,2019-06-12T13:29,1,6.0,110.0,1.86692122615966,,,3.59129579250276,,,2019-06-12,13:29:00
1260,Lake Geneva,Switzerland,CH,46.5002,6.6608,2019-06-12T13:29,1,6.0,110.0,1.86692122615966,,,3.59129579250276,,,2019-06-12,13:29:00
1260,Lake Geneva,Switzerland,CH,46.5002,6.6608,2019-06-12T13:29,1,6.0,110.0,1.86692122615966,,,3.59129579250276,,,2019-06-12,13:29:00
1261,Lake Geneva,Switzerland,CH,46.5002,6.6608,2019-06-12T14:59,1,6.0,110.0,1.76883567093009,,,4.1854315080316,,,2019-06-12,14:59:00
1261,Lake Geneva,Switzerland,CH,46.5002,6.6608,2019-06-12T14:59,1,6.0,110.0,1.76883567093009,,,4.1854315080316,,,2019-06-12,14:59:00
1261,Lake Geneva,Switzerland,CH,46.5002,6.6608,2019-06-12T14:59,1,6.0,110.0,1.76883567093009,,,4.1854315080316,,,2019-06-12,14:59:00
1261,Lake Geneva,Switzerland,CH,46.5002,6.6608,2019-06-12T14:59,1,6.0,110.0,1.76883567093009,,,4.1854315080316,,,2019-06-12,14:59:00
1262,Lake Geneva,Switzerland,CH,46.5002,6.6608,2019-06-13T10:02,1,6.0,110.0,1.76634748642699,,,4.41096791776813,,,2019-06-13,10:02:00
1262,Lake Geneva,Switzerland,CH,46.5002,6.6608,2019-06-13T10:02,1,6.0,110.0,1.76634748642699,,,4.41096791776813,,,2019-06-13,10:02:00
1262,Lake Geneva,Switzerland,CH,46.5002,6.6608,2019-06-13T10:02,1,6.0,110.0,1.76634748642699,,,4.41096791776813,,,2019-06-13,10:02:00
1262,Lake Geneva,Switzerland,CH,46.5002,6.6608,2019-06-13T10:02,1,6.0,110.0,1.76634748642699,,,4.41096791776813,,,2019-06-13,10:02:00
1262,Lake Geneva,Switzerland,CH,46.5002,6.6608,2019-06-13T10:02,1,6.0,110.0,1.76634748642699,,,4.41096791776813,,,2019-06-13,10:02:00
1263,Lake Geneva,Switzerland,CH,46.5002,6.6608,2019-06-13T10:59,1,6.0,110.0,1.52305997642695,,,4.76363760181135,,,2019-06-13,10:59:00
1263,Lake Geneva,Switzerland,CH,46.5002,6.6608,2019-06-13T10:59,1,6.0,110.0,1.52305997642695,,,4.76363760181135,,,2019-06-13,10:59:00
1263,Lake Geneva,Switzerland,CH,46.5002,6.6608,2019-06-13T10:59,1,6.0,110.0,1.52305997642695,,,4.76363760181135,,,2019-06-13,10:59:00
1263,Lake Geneva,Switzerland,CH,46.5002,6.6608,2019-06-13T10:59,1,6.0,110.0,1.52305997642695,,,4.76363760181135,,,2019-06-13,10:59:00
1263,Lake Geneva,Switzerland,CH,46.5002,6.6608,2019-06-13T10:59,1,6.0,110.0,1.52305997642695,,,4.76363760181135,,,2019-06-13,10:59:00
1264,Lake Geneva,Switzerland,CH,46.5002,6.6608,2019-06-13T11:59,1,6.0,110.0,1.54819987788255,,,4.28921312337197,,,2019-06-13,11:59:00
1264,Lake Geneva,Switzerland,CH,46.5002,6.6608,2019-06-13T11:59,1,6.0,110.0,1.54819987788255,,,4.28921312337197,,,2019-06-13,11:59:00
1264,Lake Geneva,Switzerland,CH,46.5002,6.6608,2019-06-13T11:59,1,6.0,110.0,1.54819987788255,,,4.28921312337197,,,2019-06-13,11:59:00
1264,Lake Geneva,Switzerland,CH,46.5002,6.6608,2019-06-13T11:59,1,6.0,110.0,1.54819987788255,,,4.28921312337197,,,2019-06-13,11:59:00
1264,Lake Geneva,Switzerland,CH,46.5002,6.6608,2019-06-13T11:59,1,6.0,110.0,1.54819987788255,,,4.28921312337197,,,2019-06-13,11:59:00
1265,Lake Geneva,Switzerland,CH,46.5002,6.6608,2019-06-13T12:59,1,6.0,110.0,1.64203373242193,,,4.12564929983112,,,2019-06-13,12:59:00
1265,Lake Geneva,Switzerland,CH,46.5002,6.6608,2019-06-13T12:59,1,6.0,110.0,1.64203373242193,,,4.12564929983112,,,2019-06-13,12:59:00
1265,Lake Geneva,Switzerland,CH,46.5002,6.6608,2019-06-13T12:59,1,6.0,110.0,1.64203373242193,,,4.12564929983112,,,2019-06-13,12:59:00
1265,Lake Geneva,Switzerland,CH,46.5002,6.6608,2019-06-13T12:59,1,6.0,110.0,1.64203373242193,,,4.12564929983112,,,2019-06-13,12:59:00
1265,Lake Geneva,Switzerland,CH,46.5002,6.6608,2019-06-13T12:59,1,6.0,110.0,1.64203373242193,,,4.12564929983112,,,2019-06-13,12:59:00
1266,Lake Geneva,Switzerland,CH,46.5002,6.6608,2019-06-13T13:59,1,6.0,110.0,1.86630679109114,,,4.18531604720829,,,2019-06-13,13:59:00
1266,Lake Geneva,Switzerland,CH,46.5002,6.6608,2019-06-13T13:59,1,6.0,110.0,1.86630679109114,,,4.18531604720829,,,2019-06-13,13:59:00
1266,Lake Geneva,Switzerland,CH,46.5002,6.6608,2019-06-13T13:59,1,6.0,110.0,1.86630679109114,,,4.18531604720829,,,2019-06-13,13:59:00
1266,Lake Geneva,Switzerland,CH,46.5002,6.6608,2019-06-13T13:59,1,6.0,110.0,1.86630679109114,,,4.18531604720829,,,2019-06-13,13:59:00
1266,Lake Geneva,Switzerland,CH,46.5002,6.6608,2019-06-13T13:59,1,6.0,110.0,1.86630679109114,,,4.18531604720829,,,2019-06-13,13:59:00
1267,Lake Geneva,Switzerland,CH,46.5002,6.6608,2019-06-14T10:00,1,6.0,110.0,3.63407728817092,,,4.31127721891714,,,2019-06-14,10:00:00
1267,Lake Geneva,Switzerland,CH,46.5002,6.6608,2019-06-14T10:00,1,6.0,110.0,3.63407728817092,,,4.31127721891714,,,2019-06-14,10:00:00
1267,Lake Geneva,Switzerland,CH,46.5002,6.6608,2019-06-14T10:00,1,6.0,110.0,3.63407728817092,,,4.31127721891714,,,2019-06-14,10:00:00
1268,Lake Geneva,Switzerland,CH,46.5002,6.6608,2019-06-14T13:00,1,6.0,110.0,2.84782355764667,,,4.30028723196651,,,2019-06-14,13:00:00
1268,Lake Geneva,Switzerland,CH,46.5002,6.6608,2019-06-14T13:00,1,6.0,110.0,2.84782355764667,,,4.30028723196651,,,2019-06-14,13:00:00
1268,Lake Geneva,Switzerland,CH,46.5002,6.6608,2019-06-14T13:00,1,6.0,110.0,2.84782355764667,,,4.30028723196651,,,2019-06-14,13:00:00
1269,Lake Geneva,Switzerland,CH,46.5002,6.6608,2019-06-14T13:59,1,6.0,110.0,2.75599489088771,,,4.13762304628601,,,2019-06-14,13:59:00
1269,Lake Geneva,Switzerland,CH,46.5002,6.6608,2019-06-14T13:59,1,6.0,110.0,2.75599489088771,,,4.13762304628601,,,2019-06-14,13:59:00
1269,Lake Geneva,Switzerland,CH,46.5002,6.6608,2019-06-14T13:59,1,6.0,110.0,2.75599489088771,,,4.13762304628601,,,2019-06-14,13:59:00
1270,Lake Geneva,Switzerland,CH,46.5002,6.6608,2019-06-15T10:59,1,6.0,110.0,3.7195167254429,,,3.78647374643304,,,2019-06-15,10:59:00
1271,Lake Geneva,Switzerland,CH,46.5002,6.6608,2019-06-18T12:40,1,6.0,110.0,2.87004747932843,,,4.38112894428028,,,2019-06-18,12:40:00
1271,Lake Geneva,Switzerland,CH,46.5002,6.6608,2019-06-18T12:40,1,6.0,110.0,2.87004747932843,,,4.38112894428028,,,2019-06-18,12:40:00
1272,Lake Geneva,Switzerland,CH,46.5002,6.6608,2019-06-18T13:59,1,6.0,110.0,2.81124668903051,,,4.13225087568414,,,2019-06-18,13:59:00
1272,Lake Geneva,Switzerland,CH,46.5002,6.6608,2019-06-18T13:59,1,6.0,110.0,2.81124668903051,,,4.13225087568414,,,2019-06-18,13:59:00
1273,Lake Geneva,Switzerland,CH,46.5002,6.6608,2019-06-19T10:59,1,6.0,110.0,2.36640614288023,,,4.89375454701422,,,2019-06-19,10:59:00
1273,Lake Geneva,Switzerland,CH,46.5002,6.6608,2019-06-19T10:59,1,6.0,110.0,2.36640614288023,,,4.89375454701422,,,2019-06-19,10:59:00
1274,Lake Geneva,Switzerland,CH,46.5002,6.6608,2019-06-19T13:59,1,6.0,110.0,2.91749845644629,,,4.42340512562935,,,2019-06-19,13:59:00
1274,Lake Geneva,Switzerland,CH,46.5002,6.6608,2019-06-19T13:59,1,6.0,110.0,2.91749845644629,,,4.42340512562935,,,2019-06-19,13:59:00
1275,Lake Geneva,Switzerland,CH,46.5002,6.6608,2019-06-20T11:00,1,6.0,110.0,2.89115426269126,,,4.25808986995814,,,2019-06-20,11:00:00
1276,Lake Geneva,Switzerland,CH,46.5002,6.6608,2019-06-24T10:17,1,6.0,110.0,2.45724173971962,,,3.63780846164723,,,2019-06-24,10:17:00
1277,Lake Geneva,Switzerland,CH,46.5002,6.6608,2020-01-31T11:40,1,6.0,110.0,1.1091931262766,,,5.82473628862532,,,2020-01-31,11:40:00
1277,Lake Geneva,Switzerland,CH,46.5002,6.6608,2020-01-31T11:40,1,6.0,110.0,1.1091931262766,,,5.82473628862532,,,2020-01-31,11:40:00
1277,Lake Geneva,Switzerland,CH,46.5002,6.6608,2020-01-31T11:40,1,6.0,110.0,1.1091931262766,,,5.82473628862532,,,2020-01-31,11:40:00
1277,Lake Geneva,Switzerland,CH,46.5002,6.6608,2020-01-31T11:40,1,6.0,110.0,1.1091931262766,,,5.82473628862532,,,2020-01-31,11:40:00
1278,Lake Geneva,Switzerland,CH,46.5002,6.6608,2020-01-31T12:13,1,6.0,110.0,1.02138796247841,,,7.21274359265287,,,2020-01-31,12:13:00
1278,Lake Geneva,Switzerland,CH,46.5002,6.6608,2020-01-31T12:13,1,6.0,110.0,1.02138796247841,,,7.21274359265287,,,2020-01-31,12:13:00
1278,Lake Geneva,Switzerland,CH,46.5002,6.6608,2020-01-31T12:13,1,6.0,110.0,1.02138796247841,,,7.21274359265287,,,2020-01-31,12:13:00
1278,Lake Geneva,Switzerland,CH,46.5002,6.6608,2020-01-31T12:13,1,6.0,110.0,1.02138796247841,,,7.21274359265287,,,2020-01-31,12:13:00
1279,Lake Geneva,Switzerland,CH,46.5002,6.6608,2020-01-31T12:38,1,6.0,110.0,1.09500854688333,,,6.48042790694948,,,2020-01-31,12:38:00
1279,Lake Geneva,Switzerland,CH,46.5002,6.6608,2020-01-31T12:38,1,6.0,110.0,1.09500854688333,,,6.48042790694948,,,2020-01-31,12:38:00
1279,Lake Geneva,Switzerland,CH,46.5002,6.6608,2020-01-31T12:38,1,6.0,110.0,1.09500854688333,,,6.48042790694948,,,2020-01-31,12:38:00
1279,Lake Geneva,Switzerland,CH,46.5002,6.6608,2020-01-31T12:38,1,6.0,110.0,1.09500854688333,,,6.48042790694948,,,2020-01-31,12:38:00
1280,Lake Geneva,Switzerland,CH,46.5002,6.6608,2020-01-31T13:59,1,6.0,110.0,1.13081424162184,,,5.77504806433117,,,2020-01-31,13:59:00
1280,Lake Geneva,Switzerland,CH,46.5002,6.6608,2020-01-31T13:59,1,6.0,110.0,1.13081424162184,,,5.77504806433117,,,2020-01-31,13:59:00
1280,Lake Geneva,Switzerland,CH,46.5002,6.6608,2020-01-31T13:59,1,6.0,110.0,1.13081424162184,,,5.77504806433117,,,2020-01-31,13:59:00
1280,Lake Geneva,Switzerland,CH,46.5002,6.6608,2020-01-31T13:59,1,6.0,110.0,1.13081424162184,,,5.77504806433117,,,2020-01-31,13:59:00
1281,Lake Geneva,Switzerland,CH,46.5002,6.6608,2020-02-01T10:59,1,6.0,110.0,1.53160824435643,,,7.13852661532844,,,2020-02-01,10:59:00
1282,Lake Geneva,Switzerland,CH,46.5002,6.6608,2020-02-02T11:00,1,6.0,110.0,1.5568188492372,,,6.95813281849045,,,2020-02-02,11:00:00
1283,Lake Geneva,Switzerland,CH,46.5002,6.6608,2020-02-03T11:00,1,6.0,110.0,0.940383106621138,,,6.90172990898381,,,2020-02-03,11:00:00
1283,Lake Geneva,Switzerland,CH,46.5002,6.6608,2020-02-03T11:00,1,6.0,110.0,0.940383106621138,,,6.90172990898381,,,2020-02-03,11:00:00
1284,Lake Geneva,Switzerland,CH,46.5002,6.6608,2020-02-03T14:00,1,6.0,110.0,0.759462187389722,,,6.42685095300924,,,2020-02-03,14:00:00
1284,Lake Geneva,Switzerland,CH,46.5002,6.6608,2020-02-03T14:00,1,6.0,110.0,0.759462187389722,,,6.42685095300924,,,2020-02-03,14:00:00
1285,Lake Geneva,Switzerland,CH,46.5002,6.6608,2020-02-04T11:00,1,6.0,110.0,0.887227880841344,,,8.37182561701751,,,2020-02-04,11:00:00
1285,Lake Geneva,Switzerland,CH,46.5002,6.6608,2020-02-04T11:00,1,6.0,110.0,0.887227880841344,,,8.37182561701751,,,2020-02-04,11:00:00
1286,Lake Geneva,Switzerland,CH,46.5002,6.6608,2020-02-04T14:00,1,6.0,110.0,0.941198819621583,,,7.94775184078607,,,2020-02-04,14:00:00
1286,Lake Geneva,Switzerland,CH,46.5002,6.6608,2020-02-04T14:00,1,6.0,110.0,0.941198819621583,,,7.94775184078607,,,2020-02-04,14:00:00
1287,Lake Geneva,Switzerland,CH,46.5002,6.6608,2020-02-05T11:00,1,6.0,110.0,0.836377306183024,,,7.07650246223664,,,2020-02-05,11:00:00
1287,Lake Geneva,Switzerland,CH,46.5002,6.6608,2020-02-05T11:00,1,6.0,110.0,0.836377306183024,,,7.07650246223664,,,2020-02-05,11:00:00
1288,Lake Geneva,Switzerland,CH,46.5002,6.6608,2020-02-05T14:00,1,6.0,110.0,0.816715677845906,,,6.82014033669966,,,2020-02-05,14:00:00
1288,Lake Geneva,Switzerland,CH,46.5002,6.6608,2020-02-05T14:00,1,6.0,110.0,0.816715677845906,,,6.82014033669966,,,2020-02-05,14:00:00
1289,Lake Geneva,Switzerland,CH,46.5002,6.6608,2020-02-06T11:00,1,6.0,110.0,0.994401544310226,,,6.57556965149067,,,2020-02-06,11:00:00
1289,Lake Geneva,Switzerland,CH,46.5002,6.6608,2020-02-06T11:00,1,6.0,110.0,0.994401544310226,,,6.57556965149067,,,2020-02-06,11:00:00
1290,Lake Geneva,Switzerland,CH,46.5002,6.6608,2020-02-06T14:00,1,6.0,110.0,0.983967197797148,,,6.62482975360578,,,2020-02-06,14:00:00
1290,Lake Geneva,Switzerland,CH,46.5002,6.6608,2020-02-06T14:00,1,6.0,110.0,0.983967197797148,,,6.62482975360578,,,2020-02-06,14:00:00
1291,Lake Geneva,Switzerland,CH,46.5002,6.6608,2020-02-07T14:01,1,6.0,110.0,0.992365176525642,,,6.43285838426973,,,2020-02-07,14:01:00
1292,Lake Geneva,Switzerland,CH,46.5002,6.6608,2020-02-08T11:01,1,6.0,110.0,1.00111086602353,,,5.66218136083421,,,2020-02-08,11:01:00
1292,Lake Geneva,Switzerland,CH,46.5002,6.6608,2020-02-08T11:01,1,6.0,110.0,1.00111086602353,,,5.66218136083421,,,2020-02-08,11:01:00
1293,Lake Geneva,Switzerland,CH,46.5002,6.6608,2020-02-08T14:01,1,6.0,110.0,1.0387163542976,,,6.49382160085008,,,2020-02-08,14:01:00
1293,Lake Geneva,Switzerland,CH,46.5002,6.6608,2020-02-08T14:01,1,6.0,110.0,1.0387163542976,,,6.49382160085008,,,2020-02-08,14:01:00
1294,Lake Geneva,Switzerland,CH,46.5002,6.6608,2020-02-09T11:01,1,6.0,110.0,1.03227719644689,,,6.52944426755984,,,2020-02-09,11:01:00
1294,Lake Geneva,Switzerland,CH,46.5002,6.6608,2020-02-09T11:01,1,6.0,110.0,1.03227719644689,,,6.52944426755984,,,2020-02-09,11:01:00
1295,Lake Geneva,Switzerland,CH,46.5002,6.6608,2020-02-09T14:01,1,6.0,110.0,1.23910490307873,,,6.43638696832542,,,2020-02-09,14:01:00
1295,Lake Geneva,Switzerland,CH,46.5002,6.6608,2020-02-09T14:01,1,6.0,110.0,1.23910490307873,,,6.43638696832542,,,2020-02-09,14:01:00
1296,Lake Geneva,Switzerland,CH,46.5002,6.6608,2020-02-10T11:23,1,6.0,110.0,1.0217519797693,,,7.99979151041654,,,2020-02-10,11:23:00
1296,Lake Geneva,Switzerland,CH,46.5002,6.6608,2020-02-10T11:23,1,6.0,110.0,1.0217519797693,,,7.99979151041654,,,2020-02-10,11:23:00
1297,Lake Geneva,Switzerland,CH,46.5002,6.6608,2020-02-10T14:23,1,6.0,110.0,1.20098153550679,,,4.52633700861182,,,2020-02-10,14:23:00
1297,Lake Geneva,Switzerland,CH,46.5002,6.6608,2020-02-10T14:23,1,6.0,110.0,1.20098153550679,,,4.52633700861182,,,2020-02-10,14:23:00
1298,Lake Geneva,Switzerland,CH,46.5002,6.6608,2020-02-11T13:59,1,6.0,110.0,0.838450178512054,,,6.76529713730863,,,2020-02-11,13:59:00
1299,Lake Geneva,Switzerland,CH,46.5002,6.6608,2020-02-12T10:59,1,6.0,110.0,0.893238184626917,,,3.02520850994098,,,2020-02-12,10:59:00
1299,Lake Geneva,Switzerland,CH,46.5002,6.6608,2020-02-12T10:59,1,6.0,110.0,0.893238184626917,,,3.02520850994098,,,2020-02-12,10:59:00
1300,Lake Geneva,Switzerland,CH,46.5002,6.6608,2020-02-12T13:59,1,6.0,110.0,0.848503524013704,,,6.63279964767874,,,2020-02-12,13:59:00
1300,Lake Geneva,Switzerland,CH,46.5002,6.6608,2020-02-12T13:59,1,6.0,110.0,0.848503524013704,,,6.63279964767874,,,2020-02-12,13:59:00
1301,Lake Geneva,Switzerland,CH,46.5002,6.6608,2020-02-20T13:59,1,6.0,110.0,0.810835840062904,,,9.86861925095054,,,2020-02-20,13:59:00
1301,Lake Geneva,Switzerland,CH,46.5002,6.6608,2020-02-20T13:59,1,6.0,110.0,0.810835840062904,,,9.86861925095054,,,2020-02-20,13:59:00
1301,Lake Geneva,Switzerland,CH,46.5002,6.6608,2020-02-20T13:59,1,6.0,110.0,0.810835840062904,,,9.86861925095054,,,2020-02-20,13:59:00
1302,Lake Geneva,Switzerland,CH,46.5002,6.6608,2020-02-20T14:29,1,6.0,110.0,0.84973922371934,,,5.82927305532382,,,2020-02-20,14:29:00
1302,Lake Geneva,Switzerland,CH,46.5002,6.6608,2020-02-20T14:29,1,6.0,110.0,0.84973922371934,,,5.82927305532382,,,2020-02-20,14:29:00
1302,Lake Geneva,Switzerland,CH,46.5002,6.6608,2020-02-20T14:29,1,6.0,110.0,0.84973922371934,,,5.82927305532382,,,2020-02-20,14:29:00
1303,Lake Geneva,Switzerland,CH,46.5002,6.6608,2020-02-20T14:59,1,6.0,110.0,0.992689843798833,,,6.2547380691837,,,2020-02-20,14:59:00
1303,Lake Geneva,Switzerland,CH,46.5002,6.6608,2020-02-20T14:59,1,6.0,110.0,0.992689843798833,,,6.2547380691837,,,2020-02-20,14:59:00
1303,Lake Geneva,Switzerland,CH,46.5002,6.6608,2020-02-20T14:59,1,6.0,110.0,0.992689843798833,,,6.2547380691837,,,2020-02-20,14:59:00
1304,Lake Geneva,Switzerland,CH,46.5002,6.6608,2020-02-21T10:59,1,6.0,110.0,0.931878325385186,,,7.03339797258843,,,2020-02-21,10:59:00
1304,Lake Geneva,Switzerland,CH,46.5002,6.6608,2020-02-21T10:59,1,6.0,110.0,0.931878325385186,,,7.03339797258843,,,2020-02-21,10:59:00
1304,Lake Geneva,Switzerland,CH,46.5002,6.6608,2020-02-21T10:59,1,6.0,110.0,0.931878325385186,,,7.03339797258843,,,2020-02-21,10:59:00
1305,Lake Geneva,Switzerland,CH,46.5002,6.6608,2020-02-21T11:59,1,6.0,110.0,1.54652543973233,,,6.89225307611941,,,2020-02-21,11:59:00
1305,Lake Geneva,Switzerland,CH,46.5002,6.6608,2020-02-21T11:59,1,6.0,110.0,1.54652543973233,,,6.89225307611941,,,2020-02-21,11:59:00
1305,Lake Geneva,Switzerland,CH,46.5002,6.6608,2020-02-21T11:59,1,6.0,110.0,1.54652543973233,,,6.89225307611941,,,2020-02-21,11:59:00
1306,Lake Geneva,Switzerland,CH,46.5002,6.6608,2020-02-21T13:59,1,6.0,110.0,1.72938470959406,,,6.50604506603818,,,2020-02-21,13:59:00
1306,Lake Geneva,Switzerland,CH,46.5002,6.6608,2020-02-21T13:59,1,6.0,110.0,1.72938470959406,,,6.50604506603818,,,2020-02-21,13:59:00
1306,Lake Geneva,Switzerland,CH,46.5002,6.6608,2020-02-21T13:59,1,6.0,110.0,1.72938470959406,,,6.50604506603818,,,2020-02-21,13:59:00
1307,Lake Geneva,Switzerland,CH,46.5002,6.6608,2020-02-22T10:59,1,6.0,110.0,1.28697476792306,,,6.17788655749407,,,2020-02-22,10:59:00
1308,Lake Geneva,Switzerland,CH,46.5002,6.6608,2020-02-23T10:59,1,6.0,110.0,1.30590779095632,,,6.06491312482512,,,2020-02-23,10:59:00
1308,Lake Geneva,Switzerland,CH,46.5002,6.6608,2020-02-23T10:59,1,6.0,110.0,1.30590779095632,,,6.06491312482512,,,2020-02-23,10:59:00
1309,Lake Geneva,Switzerland,CH,46.5002,6.6608,2020-02-23T13:59,1,6.0,110.0,1.92903537746421,,,5.46496345461144,,,2020-02-23,13:59:00
1309,Lake Geneva,Switzerland,CH,46.5002,6.6608,2020-02-23T13:59,1,6.0,110.0,1.92903537746421,,,5.46496345461144,,,2020-02-23,13:59:00
1310,Lake Geneva,Switzerland,CH,46.5002,6.6608,2020-02-24T10:59,1,6.0,110.0,1.41944515112767,,,5.84539113168305,,,2020-02-24,10:59:00
1310,Lake Geneva,Switzerland,CH,46.5002,6.6608,2020-02-24T10:59,1,6.0,110.0,1.41944515112767,,,5.84539113168305,,,2020-02-24,10:59:00
1311,Lake Geneva,Switzerland,CH,46.5002,6.6608,2020-02-24T13:59,1,6.0,110.0,1.66444191151961,,,6.23569343622704,,,2020-02-24,13:59:00
1311,Lake Geneva,Switzerland,CH,46.5002,6.6608,2020-02-24T13:59,1,6.0,110.0,1.66444191151961,,,6.23569343622704,,,2020-02-24,13:59:00
1312,Lake Geneva,Switzerland,CH,46.5002,6.6608,2020-02-25T13:59,1,6.0,110.0,3.58567420389378,,,6.37575014899269,,,2020-02-25,13:59:00
1313,Lake Geneva,Switzerland,CH,46.5002,6.6608,2020-02-26T10:59,1,6.0,110.0,0.800866767063518,,,6.7292507831056,,,2020-02-26,10:59:00
1313,Lake Geneva,Switzerland,CH,46.5002,6.6608,2020-02-26T10:59,1,6.0,110.0,0.800866767063518,,,6.7292507831056,,,2020-02-26,10:59:00
1314,Lake Geneva,Switzerland,CH,46.5002,6.6608,2020-02-26T13:59,1,6.0,110.0,1.05142425041947,,,5.94852990133458,,,2020-02-26,13:59:00
1314,Lake Geneva,Switzerland,CH,46.5002,6.6608,2020-02-26T13:59,1,6.0,110.0,1.05142425041947,,,5.94852990133458,,,2020-02-26,13:59:00
1315,Lake Geneva,Switzerland,CH,46.5002,6.6608,2020-02-27T10:59,1,6.0,110.0,0.830535670954208,,,7.7573543712628,,,2020-02-27,10:59:00
1315,Lake Geneva,Switzerland,CH,46.5002,6.6608,2020-02-27T10:59,1,6.0,110.0,0.830535670954208,,,7.7573543712628,,,2020-02-27,10:59:00
1316,Lake Geneva,Switzerland,CH,46.5002,6.6608,2020-02-27T13:59,1,6.0,110.0,0.867574474622795,,,6.23879293302176,,,2020-02-27,13:59:00
1316,Lake Geneva,Switzerland,CH,46.5002,6.6608,2020-02-27T13:59,1,6.0,110.0,0.867574474622795,,,6.23879293302176,,,2020-02-27,13:59:00
1317,Lake Geneva,Switzerland,CH,46.5002,6.6608,2020-02-28T10:59,1,6.0,110.0,0.821988996938286,,,7.00094022768013,,,2020-02-28,10:59:00
1317,Lake Geneva,Switzerland,CH,46.5002,6.6608,2020-02-28T10:59,1,6.0,110.0,0.821988996938286,,,7.00094022768013,,,2020-02-28,10:59:00
1318,Lake Geneva,Switzerland,CH,46.5002,6.6608,2020-02-28T13:59,1,6.0,110.0,0.88828362610961,,,7.06697994840755,,,2020-02-28,13:59:00
1318,Lake Geneva,Switzerland,CH,46.5002,6.6608,2020-02-28T13:59,1,6.0,110.0,0.88828362610961,,,7.06697994840755,,,2020-02-28,13:59:00
1319,Lake Geneva,Switzerland,CH,46.5002,6.6608,2020-02-29T10:59,1,6.0,110.0,2.11626320363736,,,6.19308851188782,,,2020-02-29,10:59:00
1319,Lake Geneva,Switzerland,CH,46.5002,6.6608,2020-02-29T10:59,1,6.0,110.0,2.11626320363736,,,6.19308851188782,,,2020-02-29,10:59:00
1320,Lake Geneva,Switzerland,CH,46.5002,6.6608,2020-02-29T13:59,1,6.0,110.0,2.79351978835023,,,7.80968185043056,,,2020-02-29,13:59:00
1320,Lake Geneva,Switzerland,CH,46.5002,6.6608,2020-02-29T13:59,1,6.0,110.0,2.79351978835023,,,7.80968185043056,,,2020-02-29,13:59:00
1321,Lake Geneva,Switzerland,CH,46.5002,6.6608,2020-03-04T10:59,1,6.0,110.0,1.44038456601541,,,5.59194666270535,,,2020-03-04,10:59:00
1321,Lake Geneva,Switzerland,CH,46.5002,6.6608,2020-03-04T10:59,1,6.0,110.0,1.44038456601541,,,5.59194666270535,,,2020-03-04,10:59:00
1322,Lake Geneva,Switzerland,CH,46.5002,6.6608,2020-03-04T13:59,1,6.0,110.0,1.7326885615011,,,6.75741203198785,,,2020-03-04,13:59:00
1322,Lake Geneva,Switzerland,CH,46.5002,6.6608,2020-03-04T13:59,1,6.0,110.0,1.7326885615011,,,6.75741203198785,,,2020-03-04,13:59:00
1323,Lake Geneva,Switzerland,CH,46.5002,6.6608,2020-03-05T10:59,1,6.0,110.0,3.21054753393682,,,6.49576313124111,,,2020-03-05,10:59:00
1323,Lake Geneva,Switzerland,CH,46.5002,6.6608,2020-03-05T10:59,1,6.0,110.0,3.21054753393682,,,6.49576313124111,,,2020-03-05,10:59:00
1324,Lake Geneva,Switzerland,CH,46.5002,6.6608,2020-03-05T13:59,1,6.0,110.0,3.88979496834707,,,5.80325933814312,,,2020-03-05,13:59:00
1324,Lake Geneva,Switzerland,CH,46.5002,6.6608,2020-03-05T13:59,1,6.0,110.0,3.88979496834707,,,5.80325933814312,,,2020-03-05,13:59:00
1325,Lake Geneva,Switzerland,CH,46.5002,6.6608,2020-03-06T10:59,1,6.0,110.0,2.05138811605334,,,7.63972432980166,,,2020-03-06,10:59:00
1325,Lake Geneva,Switzerland,CH,46.5002,6.6608,2020-03-06T10:59,1,6.0,110.0,2.05138811605334,,,7.63972432980166,,,2020-03-06,10:59:00
1326,Lake Geneva,Switzerland,CH,46.5002,6.6608,2020-03-06T13:59,1,6.0,110.0,1.96794629293235,,,4.67431919890417,,,2020-03-06,13:59:00
1326,Lake Geneva,Switzerland,CH,46.5002,6.6608,2020-03-06T13:59,1,6.0,110.0,1.96794629293235,,,4.67431919890417,,,2020-03-06,13:59:00
1327,Lake Geneva,Switzerland,CH,46.5002,6.6608,2020-03-07T10:59,1,6.0,110.0,1.4711683643623,,,5.3343648788532,,,2020-03-07,10:59:00
1327,Lake Geneva,Switzerland,CH,46.5002,6.6608,2020-03-07T10:59,1,6.0,110.0,1.4711683643623,,,5.3343648788532,,,2020-03-07,10:59:00
1328,Lake Geneva,Switzerland,CH,46.5002,6.6608,2020-03-07T13:59,1,6.0,110.0,1.91855771729054,,,3.50822751148688,,,2020-03-07,13:59:00
1328,Lake Geneva,Switzerland,CH,46.5002,6.6608,2020-03-07T13:59,1,6.0,110.0,1.91855771729054,,,3.50822751148688,,,2020-03-07,13:59:00
1329,Lake Geneva,Switzerland,CH,46.5002,6.6608,2020-03-11T12:47,1,6.0,110.0,3.10608828343951,,,4.72392471956621,,,2020-03-11,12:47:00
1329,Lake Geneva,Switzerland,CH,46.5002,6.6608,2020-03-11T12:47,1,6.0,110.0,3.10608828343951,,,4.72392471956621,,,2020-03-11,12:47:00
1330,Lake Geneva,Switzerland,CH,46.5002,6.6608,2020-03-11T13:59,1,6.0,110.0,3.0466610812784,,,4.70164287066339,,,2020-03-11,13:59:00
1330,Lake Geneva,Switzerland,CH,46.5002,6.6608,2020-03-11T13:59,1,6.0,110.0,3.0466610812784,,,4.70164287066339,,,2020-03-11,13:59:00
1331,Lake Geneva,Switzerland,CH,46.5002,6.6608,2020-03-12T11:00,1,6.0,110.0,4.60326498510969,,,4.87008497498151,,,2020-03-12,11:00:00
1331,Lake Geneva,Switzerland,CH,46.5002,6.6608,2020-03-12T11:00,1,6.0,110.0,4.60326498510969,,,4.87008497498151,,,2020-03-12,11:00:00
1332,Lake Geneva,Switzerland,CH,46.5002,6.6608,2020-03-12T14:00,1,6.0,110.0,5.8788987378531,,,4.43999551542661,,,2020-03-12,14:00:00
1332,Lake Geneva,Switzerland,CH,46.5002,6.6608,2020-03-12T14:00,1,6.0,110.0,5.8788987378531,,,4.43999551542661,,,2020-03-12,14:00:00
1333,Lake Geneva,Switzerland,CH,46.5002,6.6608,2020-03-13T11:00,1,6.0,110.0,4.5546620873479,,,4.54584356872289,,,2020-03-13,11:00:00
1333,Lake Geneva,Switzerland,CH,46.5002,6.6608,2020-03-13T11:00,1,6.0,110.0,4.5546620873479,,,4.54584356872289,,,2020-03-13,11:00:00
1334,Lake Geneva,Switzerland,CH,46.5002,6.6608,2020-03-13T14:00,1,6.0,110.0,3.99765061442799,,,3.66144170402665,,,2020-03-13,14:00:00
1334,Lake Geneva,Switzerland,CH,46.5002,6.6608,2020-03-13T14:00,1,6.0,110.0,3.99765061442799,,,3.66144170402665,,,2020-03-13,14:00:00
1335,Lake Geneva,Switzerland,CH,46.5002,6.6608,2020-03-14T11:00,1,6.0,110.0,6.25393907063104,,,3.68801747497258,,,2020-03-14,11:00:00
1335,Lake Geneva,Switzerland,CH,46.5002,6.6608,2020-03-14T11:00,1,6.0,110.0,6.25393907063104,,,3.68801747497258,,,2020-03-14,11:00:00
1336,Lake Geneva,Switzerland,CH,46.5002,6.6608,2020-03-14T14:00,1,6.0,110.0,5.4400997442854,,,3.55699033923853,,,2020-03-14,14:00:00
1336,Lake Geneva,Switzerland,CH,46.5002,6.6608,2020-03-14T14:00,1,6.0,110.0,5.4400997442854,,,3.55699033923853,,,2020-03-14,14:00:00
1337,Lake Geneva,Switzerland,CH,46.5002,6.6608,2020-03-15T11:00,1,6.0,110.0,4.55505168099164,,,3.46462686037632,,,2020-03-15,11:00:00
1337,Lake Geneva,Switzerland,CH,46.5002,6.6608,2020-03-15T11:00,1,6.0,110.0,4.55505168099164,,,3.46462686037632,,,2020-03-15,11:00:00
1338,Lake Geneva,Switzerland,CH,46.5002,6.6608,2020-03-15T14:00,1,6.0,110.0,5.50541721204229,,,3.19957021142643,,,2020-03-15,14:00:00
1338,Lake Geneva,Switzerland,CH,46.5002,6.6608,2020-03-15T14:00,1,6.0,110.0,5.50541721204229,,,3.19957021142643,,,2020-03-15,14:00:00
1339,Lake Geneva,Switzerland,CH,46.5002,6.6608,2020-03-16T11:00,1,6.0,110.0,4.22803379026065,,,3.27319140030782,,,2020-03-16,11:00:00
1339,Lake Geneva,Switzerland,CH,46.5002,6.6608,2020-03-16T11:00,1,6.0,110.0,4.22803379026065,,,3.27319140030782,,,2020-03-16,11:00:00
1340,Lake Geneva,Switzerland,CH,46.5002,6.6608,2020-03-16T14:00,1,6.0,110.0,4.89565728985819,,,3.40452547875265,,,2020-03-16,14:00:00
1340,Lake Geneva,Switzerland,CH,46.5002,6.6608,2020-03-16T14:00,1,6.0,110.0,4.89565728985819,,,3.40452547875265,,,2020-03-16,14:00:00
1341,Lake Geneva,Switzerland,CH,46.5002,6.6608,2020-03-17T11:00,1,6.0,110.0,3.92059292346956,,,3.45378729074128,,,2020-03-17,11:00:00
1341,Lake Geneva,Switzerland,CH,46.5002,6.6608,2020-03-17T11:00,1,6.0,110.0,3.92059292346956,,,3.45378729074128,,,2020-03-17,11:00:00
1342,Lake Geneva,Switzerland,CH,46.5002,6.6608,2020-03-17T14:00,1,6.0,110.0,4.27256138209956,,,3.30879461910664,,,2020-03-17,14:00:00
1342,Lake Geneva,Switzerland,CH,46.5002,6.6608,2020-03-17T14:00,1,6.0,110.0,4.27256138209956,,,3.30879461910664,,,2020-03-17,14:00:00
1343,Lake Geneva,Switzerland,CH,46.5002,6.6608,2020-03-27T13:16,1,6.0,110.0,1.23370020892297,,,5.97870165045583,,,2020-03-27,13:16:00
1344,Lake Geneva,Switzerland,CH,46.5002,6.6608,2020-03-28T10:59,1,6.0,110.0,1.30643770699067,,,5.81598845724196,,,2020-03-28,10:59:00
1345,Lake Geneva,Switzerland,CH,46.5002,6.6608,2020-03-29T10:59,1,6.0,110.0,1.19507653229481,,,6.24348065614077,,,2020-03-29,10:59:00
1345,Lake Geneva,Switzerland,CH,46.5002,6.6608,2020-03-29T10:59,1,6.0,110.0,1.19507653229481,,,6.24348065614077,,,2020-03-29,10:59:00
1346,Lake Geneva,Switzerland,CH,46.5002,6.6608,2020-03-29T13:59,1,6.0,110.0,2.06848996744054,,,6.5306599610765,,,2020-03-29,13:59:00
1346,Lake Geneva,Switzerland,CH,46.5002,6.6608,2020-03-29T13:59,1,6.0,110.0,2.06848996744054,,,6.5306599610765,,,2020-03-29,13:59:00
1347,Lake Geneva,Switzerland,CH,46.5002,6.6608,2020-03-30T10:59,1,6.0,110.0,1.56711548019605,,,6.01446131880821,,,2020-03-30,10:59:00
1347,Lake Geneva,Switzerland,CH,46.5002,6.6608,2020-03-30T10:59,1,6.0,110.0,1.56711548019605,,,6.01446131880821,,,2020-03-30,10:59:00
1348,Lake Geneva,Switzerland,CH,46.5002,6.6608,2020-03-30T13:59,1,6.0,110.0,1.28137467466858,,,6.19481105008539,,,2020-03-30,13:59:00
1348,Lake Geneva,Switzerland,CH,46.5002,6.6608,2020-03-30T13:59,1,6.0,110.0,1.28137467466858,,,6.19481105008539,,,2020-03-30,13:59:00
1349,Lake Geneva,Switzerland,CH,46.5002,6.6608,2020-03-31T10:59,1,6.0,110.0,0.968022736226423,,,6.8784744641824,,,2020-03-31,10:59:00
1349,Lake Geneva,Switzerland,CH,46.5002,6.6608,2020-03-31T10:59,1,6.0,110.0,0.968022736226423,,,6.8784744641824,,,2020-03-31,10:59:00
1350,Lake Geneva,Switzerland,CH,46.5002,6.6608,2020-03-31T13:59,1,6.0,110.0,1.03221625585965,,,6.68888539543067,,,2020-03-31,13:59:00
1350,Lake Geneva,Switzerland,CH,46.5002,6.6608,2020-03-31T13:59,1,6.0,110.0,1.03221625585965,,,6.68888539543067,,,2020-03-31,13:59:00
1351,Lake Geneva,Switzerland,CH,46.5002,6.6608,2020-04-01T10:59,1,6.0,110.0,0.828413688191508,,,6.60836734031186,,,2020-04-01,10:59:00
1351,Lake Geneva,Switzerland,CH,46.5002,6.6608,2020-04-01T10:59,1,6.0,110.0,0.828413688191508,,,6.60836734031186,,,2020-04-01,10:59:00
1352,Lake Geneva,Switzerland,CH,46.5002,6.6608,2020-04-01T13:59,1,6.0,110.0,0.876672471990608,,,6.36714613019632,,,2020-04-01,13:59:00
1352,Lake Geneva,Switzerland,CH,46.5002,6.6608,2020-04-01T13:59,1,6.0,110.0,0.876672471990608,,,6.36714613019632,,,2020-04-01,13:59:00
1353,Lake Geneva,Switzerland,CH,46.5002,6.6608,2020-04-02T10:59,1,6.0,110.0,1.1840705111132,,,5.89763511869622,,,2020-04-02,10:59:00
1353,Lake Geneva,Switzerland,CH,46.5002,6.6608,2020-04-02T10:59,1,6.0,110.0,1.1840705111132,,,5.89763511869622,,,2020-04-02,10:59:00
1354,Lake Geneva,Switzerland,CH,46.5002,6.6608,2020-04-02T13:59,1,6.0,110.0,1.69984260569239,,,4.75092840523812,,,2020-04-02,13:59:00
1354,Lake Geneva,Switzerland,CH,46.5002,6.6608,2020-04-02T13:59,1,6.0,110.0,1.69984260569239,,,4.75092840523812,,,2020-04-02,13:59:00
1355,Lake Geneva,Switzerland,CH,46.5002,6.6608,2020-04-03T13:59,1,6.0,110.0,1.54541389693844,,,4.67732546050373,,,2020-04-03,13:59:00
1356,Lake Geneva,Switzerland,CH,46.5002,6.6608,2020-04-04T10:59,1,6.0,110.0,1.57013053377169,,,4.93926580093279,,,2020-04-04,10:59:00
1356,Lake Geneva,Switzerland,CH,46.5002,6.6608,2020-04-04T10:59,1,6.0,110.0,1.57013053377169,,,4.93926580093279,,,2020-04-04,10:59:00
1357,Lake Geneva,Switzerland,CH,46.5002,6.6608,2020-04-04T13:59,1,6.0,110.0,1.76959843320821,,,4.86683694380442,,,2020-04-04,13:59:00
1357,Lake Geneva,Switzerland,CH,46.5002,6.6608,2020-04-04T13:59,1,6.0,110.0,1.76959843320821,,,4.86683694380442,,,2020-04-04,13:59:00
1358,Lake Geneva,Switzerland,CH,46.5002,6.6608,2020-04-05T10:59,1,6.0,110.0,1.66515440340698,,,5.08549095639701,,,2020-04-05,10:59:00
1358,Lake Geneva,Switzerland,CH,46.5002,6.6608,2020-04-05T10:59,1,6.0,110.0,1.66515440340698,,,5.08549095639701,,,2020-04-05,10:59:00
1359,Lake Geneva,Switzerland,CH,46.5002,6.6608,2020-04-05T13:59,1,6.0,110.0,1.29280904051886,,,5.05172283480907,,,2020-04-05,13:59:00
1359,Lake Geneva,Switzerland,CH,46.5002,6.6608,2020-04-05T13:59,1,6.0,110.0,1.29280904051886,,,5.05172283480907,,,2020-04-05,13:59:00
1360,Lake Geneva,Switzerland,CH,46.5002,6.6608,2020-04-06T14:00,1,6.0,110.0,1.85894058481785,,,7.15190978138647,,,2020-04-06,14:00:00
1361,Lake Geneva,Switzerland,CH,46.5002,6.6608,2020-04-09T10:59,1,6.0,110.0,1.74506053788969,,,4.87931933291631,,,2020-04-09,10:59:00
1361,Lake Geneva,Switzerland,CH,46.5002,6.6608,2020-04-09T10:59,1,6.0,110.0,1.74506053788969,,,4.87931933291631,,,2020-04-09,10:59:00
1362,Lake Geneva,Switzerland,CH,46.5002,6.6608,2020-04-09T13:59,1,6.0,110.0,3.04914593289424,,,4.0700179457101,,,2020-04-09,13:59:00
1362,Lake Geneva,Switzerland,CH,46.5002,6.6608,2020-04-09T13:59,1,6.0,110.0,3.04914593289424,,,4.0700179457101,,,2020-04-09,13:59:00
1363,Lake Geneva,Switzerland,CH,46.5002,6.6608,2020-04-10T10:59,1,6.0,110.0,2.23233440204044,,,4.57813110205863,,,2020-04-10,10:59:00
1363,Lake Geneva,Switzerland,CH,46.5002,6.6608,2020-04-10T10:59,1,6.0,110.0,2.23233440204044,,,4.57813110205863,,,2020-04-10,10:59:00
1364,Lake Geneva,Switzerland,CH,46.5002,6.6608,2020-04-10T13:59,1,6.0,110.0,2.95264551629741,,,4.40286122166348,,,2020-04-10,13:59:00
1364,Lake Geneva,Switzerland,CH,46.5002,6.6608,2020-04-10T13:59,1,6.0,110.0,2.95264551629741,,,4.40286122166348,,,2020-04-10,13:59:00
1365,Lake Geneva,Switzerland,CH,46.5002,6.6608,2020-04-11T10:59,1,6.0,110.0,2.14573618076103,,,4.37265954436048,,,2020-04-11,10:59:00
1365,Lake Geneva,Switzerland,CH,46.5002,6.6608,2020-04-11T10:59,1,6.0,110.0,2.14573618076103,,,4.37265954436048,,,2020-04-11,10:59:00
1366,Lake Geneva,Switzerland,CH,46.5002,6.6608,2020-04-11T13:59,1,6.0,110.0,2.78639903402376,,,4.77546986192705,,,2020-04-11,13:59:00
1366,Lake Geneva,Switzerland,CH,46.5002,6.6608,2020-04-11T13:59,1,6.0,110.0,2.78639903402376,,,4.77546986192705,,,2020-04-11,13:59:00
1367,Lake Geneva,Switzerland,CH,46.5002,6.6608,2020-04-12T10:59,1,6.0,110.0,6.82594644915811,,,4.02463300217703,,,2020-04-12,10:59:00
1368,Lake Geneva,Switzerland,CH,46.5002,6.6608,2020-04-13T10:59,1,6.0,110.0,6.34661156935216,,,3.98595886540878,,,2020-04-13,10:59:00
1369,Lake Geneva,Switzerland,CH,46.5002,6.6608,2020-04-14T10:59,1,6.0,110.0,2.50222274463107,,,4.7126429202843,,,2020-04-14,10:59:00
1369,Lake Geneva,Switzerland,CH,46.5002,6.6608,2020-04-14T10:59,1,6.0,110.0,2.50222274463107,,,4.7126429202843,,,2020-04-14,10:59:00
1370,Lake Geneva,Switzerland,CH,46.5002,6.6608,2020-04-14T13:59,1,6.0,110.0,2.39679590511687,,,4.4775996569112,,,2020-04-14,13:59:00
1370,Lake Geneva,Switzerland,CH,46.5002,6.6608,2020-04-14T13:59,1,6.0,110.0,2.39679590511687,,,4.4775996569112,,,2020-04-14,13:59:00
1371,Lake Geneva,Switzerland,CH,46.5002,6.6608,2020-04-15T10:59,1,6.0,110.0,1.44919249320488,,,5.73867830388242,,,2020-04-15,10:59:00
1371,Lake Geneva,Switzerland,CH,46.5002,6.6608,2020-04-15T10:59,1,6.0,110.0,1.44919249320488,,,5.73867830388242,,,2020-04-15,10:59:00
1372,Lake Geneva,Switzerland,CH,46.5002,6.6608,2020-04-15T13:59,1,6.0,110.0,1.54601377354322,,,5.81898919714774,,,2020-04-15,13:59:00
1372,Lake Geneva,Switzerland,CH,46.5002,6.6608,2020-04-15T13:59,1,6.0,110.0,1.54601377354322,,,5.81898919714774,,,2020-04-15,13:59:00
1373,Lake Geneva,Switzerland,CH,46.5002,6.6608,2020-04-16T10:59,1,6.0,110.0,3.8929157356294,,,3.40888046314131,,,2020-04-16,10:59:00
1373,Lake Geneva,Switzerland,CH,46.5002,6.6608,2020-04-16T10:59,1,6.0,110.0,3.8929157356294,,,3.40888046314131,,,2020-04-16,10:59:00
1374,Lake Geneva,Switzerland,CH,46.5002,6.6608,2020-04-16T13:59,1,6.0,110.0,3.90843134608171,,,3.94819911281604,,,2020-04-16,13:59:00
1374,Lake Geneva,Switzerland,CH,46.5002,6.6608,2020-04-16T13:59,1,6.0,110.0,3.90843134608171,,,3.94819911281604,,,2020-04-16,13:59:00
1375,Lake Geneva,Switzerland,CH,46.5002,6.6608,2020-04-17T13:59,1,6.0,110.0,2.81508702766384,,,4.25272561287481,,,2020-04-17,13:59:00
1376,Lake Geneva,Switzerland,CH,46.5002,6.6608,2020-04-18T10:59,1,6.0,110.0,5.08901123672794,,,3.2990738569549,,,2020-04-18,10:59:00
1376,Lake Geneva,Switzerland,CH,46.5002,6.6608,2020-04-18T10:59,1,6.0,110.0,5.08901123672794,,,3.2990738569549,,,2020-04-18,10:59:00
1377,Lake Geneva,Switzerland,CH,46.5002,6.6608,2020-04-18T13:59,1,6.0,110.0,5.01658964563192,,,3.231690466754,,,2020-04-18,13:59:00
1377,Lake Geneva,Switzerland,CH,46.5002,6.6608,2020-04-18T13:59,1,6.0,110.0,5.01658964563192,,,3.231690466754,,,2020-04-18,13:59:00
1378,Lake Geneva,Switzerland,CH,46.5002,6.6608,2020-04-19T11:00,1,6.0,110.0,3.6345398356309,,,4.00443644638903,,,2020-04-19,11:00:00
1378,Lake Geneva,Switzerland,CH,46.5002,6.6608,2020-04-19T11:00,1,6.0,110.0,3.6345398356309,,,4.00443644638903,,,2020-04-19,11:00:00
1379,Lake Geneva,Switzerland,CH,46.5002,6.6608,2020-04-19T14:00,1,6.0,110.0,5.31931159172459,,,4.04425417840135,,,2020-04-19,14:00:00
1379,Lake Geneva,Switzerland,CH,46.5002,6.6608,2020-04-19T14:00,1,6.0,110.0,5.31931159172459,,,4.04425417840135,,,2020-04-19,14:00:00
1380,Lake Geneva,Switzerland,CH,46.5002,6.6608,2020-04-20T11:00,1,6.0,110.0,3.38843725339969,,,4.38797562994756,,,2020-04-20,11:00:00
1380,Lake Geneva,Switzerland,CH,46.5002,6.6608,2020-04-20T11:00,1,6.0,110.0,3.38843725339969,,,4.38797562994756,,,2020-04-20,11:00:00
1381,Lake Geneva,Switzerland,CH,46.5002,6.6608,2020-04-20T14:00,1,6.0,110.0,3.15930753615588,,,4.49819165221775,,,2020-04-20,14:00:00
1381,Lake Geneva,Switzerland,CH,46.5002,6.6608,2020-04-20T14:00,1,6.0,110.0,3.15930753615588,,,4.49819165221775,,,2020-04-20,14:00:00
1382,Lake Geneva,Switzerland,CH,46.5002,6.6608,2020-04-21T11:00,1,6.0,110.0,5.93180798419138,,,2.88969286006683,,,2020-04-21,11:00:00
1382,Lake Geneva,Switzerland,CH,46.5002,6.6608,2020-04-21T11:00,1,6.0,110.0,5.93180798419138,,,2.88969286006683,,,2020-04-21,11:00:00
1383,Lake Geneva,Switzerland,CH,46.5002,6.6608,2020-04-21T14:00,1,6.0,110.0,6.46995539074304,,,3.22135759031554,,,2020-04-21,14:00:00
1383,Lake Geneva,Switzerland,CH,46.5002,6.6608,2020-04-21T14:00,1,6.0,110.0,6.46995539074304,,,3.22135759031554,,,2020-04-21,14:00:00
1384,Lake Geneva,Switzerland,CH,46.5002,6.6608,2020-04-22T11:00,1,6.0,110.0,2.98301139519742,,,3.484966895305,,,2020-04-22,11:00:00
1384,Lake Geneva,Switzerland,CH,46.5002,6.6608,2020-04-22T11:00,1,6.0,110.0,2.98301139519742,,,3.484966895305,,,2020-04-22,11:00:00
1385,Lake Geneva,Switzerland,CH,46.5002,6.6608,2020-04-22T14:00,1,6.0,110.0,2.51157330924727,,,3.86104870695878,,,2020-04-22,14:00:00
1385,Lake Geneva,Switzerland,CH,46.5002,6.6608,2020-04-22T14:00,1,6.0,110.0,2.51157330924727,,,3.86104870695878,,,2020-04-22,14:00:00
1386,Lake Geneva,Switzerland,CH,46.5002,6.6608,2020-04-23T11:00,1,6.0,110.0,1.82485429273541,,,4.35563458660773,,,2020-04-23,11:00:00
1386,Lake Geneva,Switzerland,CH,46.5002,6.6608,2020-04-23T11:00,1,6.0,110.0,1.82485429273541,,,4.35563458660773,,,2020-04-23,11:00:00
1387,Lake Geneva,Switzerland,CH,46.5002,6.6608,2020-04-23T14:00,1,6.0,110.0,2.32444933908741,,,4.42464760324473,,,2020-04-23,14:00:00
1387,Lake Geneva,Switzerland,CH,46.5002,6.6608,2020-04-23T14:00,1,6.0,110.0,2.32444933908741,,,4.42464760324473,,,2020-04-23,14:00:00
1388,Lake Geneva,Switzerland,CH,46.5002,6.6608,2020-04-24T11:00,1,6.0,110.0,1.97614978680329,,,4.12995869895921,,,2020-04-24,11:00:00
1389,Lake Geneva,Switzerland,CH,46.5002,6.6608,2020-04-25T14:00,1,6.0,110.0,2.69439710079401,,,3.52851580814578,,,2020-04-25,14:00:00
1390,Lake Geneva,Switzerland,CH,46.5002,6.6608,2020-04-26T10:59,1,6.0,110.0,2.27507347611287,,,4.62025029109521,,,2020-04-26,10:59:00
1390,Lake Geneva,Switzerland,CH,46.5002,6.6608,2020-04-26T10:59,1,6.0,110.0,2.27507347611287,,,4.62025029109521,,,2020-04-26,10:59:00
1391,Lake Geneva,Switzerland,CH,46.5002,6.6608,2020-04-26T13:59,1,6.0,110.0,5.37763446602596,,,3.94506405034172,,,2020-04-26,13:59:00
1391,Lake Geneva,Switzerland,CH,46.5002,6.6608,2020-04-26T13:59,1,6.0,110.0,5.37763446602596,,,3.94506405034172,,,2020-04-26,13:59:00
1392,Lake Geneva,Switzerland,CH,46.5002,6.6608,2020-04-27T10:59,1,6.0,110.0,1.93814505649189,,,4.77088233800966,,,2020-04-27,10:59:00
1393,Lake Geneva,Switzerland,CH,46.5002,6.6608,2020-04-28T10:59,1,6.0,110.0,3.52670747262193,,,3.88636972600239,,,2020-04-28,10:59:00
1394,Lake Geneva,Switzerland,CH,46.5002,6.6608,2020-04-29T10:59,1,6.0,110.0,2.74562669274458,,,3.76220178201625,,,2020-04-29,10:59:00
1395,Lake Geneva,Switzerland,CH,46.5002,6.6608,2020-04-30T10:59,1,6.0,110.0,3.39899262327064,,,5.0707136781154,,,2020-04-30,10:59:00
1395,Lake Geneva,Switzerland,CH,46.5002,6.6608,2020-04-30T10:59,1,6.0,110.0,3.39899262327064,,,5.0707136781154,,,2020-04-30,10:59:00
1396,Lake Geneva,Switzerland,CH,46.5002,6.6608,2020-04-30T13:59,1,6.0,110.0,4.20853619822906,,,4.59860706281626,,,2020-04-30,13:59:00
1396,Lake Geneva,Switzerland,CH,46.5002,6.6608,2020-04-30T13:59,1,6.0,110.0,4.20853619822906,,,4.59860706281626,,,2020-04-30,13:59:00
1397,Lake Geneva,Switzerland,CH,46.5002,6.6608,2020-05-01T10:59,1,6.0,110.0,5.28084312144036,,,3.2434941720372,,,2020-05-01,10:59:00
1397,Lake Geneva,Switzerland,CH,46.5002,6.6608,2020-05-01T10:59,1,6.0,110.0,5.28084312144036,,,3.2434941720372,,,2020-05-01,10:59:00
1398,Lake Geneva,Switzerland,CH,46.5002,6.6608,2020-05-01T13:59,1,6.0,110.0,6.03510507355473,,,3.70634430752214,,,2020-05-01,13:59:00
1398,Lake Geneva,Switzerland,CH,46.5002,6.6608,2020-05-01T13:59,1,6.0,110.0,6.03510507355473,,,3.70634430752214,,,2020-05-01,13:59:00
1399,Lake Geneva,Switzerland,CH,46.5002,6.6608,2020-05-02T13:59,1,6.0,110.0,5.97700933549768,,,3.78594506483659,,,2020-05-02,13:59:00
1400,Lake Geneva,Switzerland,CH,46.5002,6.6608,2020-05-08T13:01,1,6.0,110.0,1.57423302645913,,,4.87431996823667,,,2020-05-08,13:01:00
1401,Lake Geneva,Switzerland,CH,46.5002,6.6608,2020-05-09T10:59,1,6.0,110.0,1.62943239065947,,,5.33748710926107,,,2020-05-09,10:59:00
1401,Lake Geneva,Switzerland,CH,46.5002,6.6608,2020-05-09T10:59,1,6.0,110.0,1.62943239065947,,,5.33748710926107,,,2020-05-09,10:59:00
1402,Lake Geneva,Switzerland,CH,46.5002,6.6608,2020-05-09T13:59,1,6.0,110.0,1.9022544797497,,,4.73187434748485,,,2020-05-09,13:59:00
1402,Lake Geneva,Switzerland,CH,46.5002,6.6608,2020-05-09T13:59,1,6.0,110.0,1.9022544797497,,,4.73187434748485,,,2020-05-09,13:59:00
1403,Lake Geneva,Switzerland,CH,46.5002,6.6608,2020-05-10T10:59,1,6.0,110.0,2.0206135713594,,,4.41381155569814,,,2020-05-10,10:59:00
1403,Lake Geneva,Switzerland,CH,46.5002,6.6608,2020-05-10T10:59,1,6.0,110.0,2.0206135713594,,,4.41381155569814,,,2020-05-10,10:59:00
1404,Lake Geneva,Switzerland,CH,46.5002,6.6608,2020-05-10T13:59,1,6.0,110.0,2.62123875186811,,,4.44947943512718,,,2020-05-10,13:59:00
1404,Lake Geneva,Switzerland,CH,46.5002,6.6608,2020-05-10T13:59,1,6.0,110.0,2.62123875186811,,,4.44947943512718,,,2020-05-10,13:59:00
1405,Lake Geneva,Switzerland,CH,46.5002,6.6608,2020-05-11T10:59,1,6.0,110.0,4.25321782927619,,,3.09522281091224,,,2020-05-11,10:59:00
1406,Lake Geneva,Switzerland,CH,46.5002,6.6608,2020-05-12T10:59,1,6.0,110.0,2.9707628957329,,,2.97434929726329,,,2020-05-12,10:59:00
1406,Lake Geneva,Switzerland,CH,46.5002,6.6608,2020-05-12T10:59,1,6.0,110.0,2.9707628957329,,,2.97434929726329,,,2020-05-12,10:59:00
1407,Lake Geneva,Switzerland,CH,46.5002,6.6608,2020-05-12T13:59,1,6.0,110.0,3.84596305294918,,,2.9729287627184,,,2020-05-12,13:59:00
1407,Lake Geneva,Switzerland,CH,46.5002,6.6608,2020-05-12T13:59,1,6.0,110.0,3.84596305294918,,,2.9729287627184,,,2020-05-12,13:59:00
1408,Lake Geneva,Switzerland,CH,46.5002,6.6608,2020-05-13T10:59,1,6.0,110.0,4.70875618597226,,,4.13269067033949,,,2020-05-13,10:59:00
1408,Lake Geneva,Switzerland,CH,46.5002,6.6608,2020-05-13T10:59,1,6.0,110.0,4.70875618597226,,,4.13269067033949,,,2020-05-13,10:59:00
1409,Lake Geneva,Switzerland,CH,46.5002,6.6608,2020-05-13T13:59,1,6.0,110.0,4.17053157612423,,,3.89203893700594,,,2020-05-13,13:59:00
1409,Lake Geneva,Switzerland,CH,46.5002,6.6608,2020-05-13T13:59,1,6.0,110.0,4.17053157612423,,,3.89203893700594,,,2020-05-13,13:59:00
1410,Lake Geneva,Switzerland,CH,46.5002,6.6608,2020-05-14T13:59,1,6.0,110.0,3.53181322500392,,,3.54409561648058,,,2020-05-14,13:59:00
1411,Lake Geneva,Switzerland,CH,46.5002,6.6608,2020-05-15T10:59,1,6.0,110.0,3.50450096905165,,,3.5758039816342,,,2020-05-15,10:59:00
1411,Lake Geneva,Switzerland,CH,46.5002,6.6608,2020-05-15T10:59,1,6.0,110.0,3.50450096905165,,,3.5758039816342,,,2020-05-15,10:59:00
1412,Lake Geneva,Switzerland,CH,46.5002,6.6608,2020-05-15T13:59,1,6.0,110.0,3.29086287362055,,,3.56732031527156,,,2020-05-15,13:59:00
1412,Lake Geneva,Switzerland,CH,46.5002,6.6608,2020-05-15T13:59,1,6.0,110.0,3.29086287362055,,,3.56732031527156,,,2020-05-15,13:59:00
1413,Lake Geneva,Switzerland,CH,46.5002,6.6608,2020-05-16T10:59,1,6.0,110.0,1.96661879712156,,,3.68689271128005,,,2020-05-16,10:59:00
1413,Lake Geneva,Switzerland,CH,46.5002,6.6608,2020-05-16T10:59,1,6.0,110.0,1.96661879712156,,,3.68689271128005,,,2020-05-16,10:59:00
1414,Lake Geneva,Switzerland,CH,46.5002,6.6608,2020-05-16T13:59,1,6.0,110.0,2.03501313190844,,,3.64832193801415,,,2020-05-16,13:59:00
1414,Lake Geneva,Switzerland,CH,46.5002,6.6608,2020-05-16T13:59,1,6.0,110.0,2.03501313190844,,,3.64832193801415,,,2020-05-16,13:59:00
1415,Lake Geneva,Switzerland,CH,46.5002,6.6608,2020-05-17T10:59,1,6.0,110.0,1.69393375507334,,,4.01968261242669,,,2020-05-17,10:59:00
1416,Lake Geneva,Switzerland,CH,46.5002,6.6608,2020-05-19T10:59,1,6.0,110.0,1.79479707105919,,,4.22516925781121,,,2020-05-19,10:59:00
1416,Lake Geneva,Switzerland,CH,46.5002,6.6608,2020-05-19T10:59,1,6.0,110.0,1.79479707105919,,,4.22516925781121,,,2020-05-19,10:59:00
1417,Lake Geneva,Switzerland,CH,46.5002,6.6608,2020-05-19T13:59,1,6.0,110.0,1.88791261013487,,,3.90685787091169,,,2020-05-19,13:59:00
1417,Lake Geneva,Switzerland,CH,46.5002,6.6608,2020-05-19T13:59,1,6.0,110.0,1.88791261013487,,,3.90685787091169,,,2020-05-19,13:59:00
1418,Lake Geneva,Switzerland,CH,46.5002,6.6608,2020-05-23T13:29,1,6.0,110.0,3.06303242987811,,,4.13261012360043,,,2020-05-23,13:29:00
1418,Lake Geneva,Switzerland,CH,46.5002,6.6608,2020-05-23T13:29,1,6.0,110.0,3.06303242987811,,,4.13261012360043,,,2020-05-23,13:29:00
1419,Lake Geneva,Switzerland,CH,46.5002,6.6608,2020-05-23T14:59,1,6.0,110.0,3.12580124023399,,,3.89618065236515,,,2020-05-23,14:59:00
1419,Lake Geneva,Switzerland,CH,46.5002,6.6608,2020-05-23T14:59,1,6.0,110.0,3.12580124023399,,,3.89618065236515,,,2020-05-23,14:59:00
1420,Lake Geneva,Switzerland,CH,46.5002,6.6608,2020-05-24T10:59,1,6.0,110.0,1.56565193396606,,,5.43665538940121,,,2020-05-24,10:59:00
1421,Lake Geneva,Switzerland,CH,46.5002,6.6608,2020-05-25T10:59,1,6.0,110.0,2.2224099604789,,,4.71411167832,,,2020-05-25,10:59:00
1421,Lake Geneva,Switzerland,CH,46.5002,6.6608,2020-05-25T10:59,1,6.0,110.0,2.2224099604789,,,4.71411167832,,,2020-05-25,10:59:00
1422,Lake Geneva,Switzerland,CH,46.5002,6.6608,2020-05-25T13:59,1,6.0,110.0,1.75790865216961,,,5.14655238681596,,,2020-05-25,13:59:00
1422,Lake Geneva,Switzerland,CH,46.5002,6.6608,2020-05-25T13:59,1,6.0,110.0,1.75790865216961,,,5.14655238681596,,,2020-05-25,13:59:00
1423,Lake Geneva,Switzerland,CH,46.5002,6.6608,2020-05-26T10:59,1,6.0,110.0,1.59620561783197,,,5.49482902731403,,,2020-05-26,10:59:00
1423,Lake Geneva,Switzerland,CH,46.5002,6.6608,2020-05-26T10:59,1,6.0,110.0,1.59620561783197,,,5.49482902731403,,,2020-05-26,10:59:00
1424,Lake Geneva,Switzerland,CH,46.5002,6.6608,2020-05-26T13:59,1,6.0,110.0,1.61575999463057,,,4.79213074837016,,,2020-05-26,13:59:00
1424,Lake Geneva,Switzerland,CH,46.5002,6.6608,2020-05-26T13:59,1,6.0,110.0,1.61575999463057,,,4.79213074837016,,,2020-05-26,13:59:00
1425,Lake Geneva,Switzerland,CH,46.5002,6.6608,2020-05-27T10:59,1,6.0,110.0,1.79999096224374,,,5.05162327823148,,,2020-05-27,10:59:00
1425,Lake Geneva,Switzerland,CH,46.5002,6.6608,2020-05-27T10:59,1,6.0,110.0,1.79999096224374,,,5.05162327823148,,,2020-05-27,10:59:00
1426,Lake Geneva,Switzerland,CH,46.5002,6.6608,2020-05-27T13:59,1,6.0,110.0,1.20044319503449,,,5.12116543650163,,,2020-05-27,13:59:00
1426,Lake Geneva,Switzerland,CH,46.5002,6.6608,2020-05-27T13:59,1,6.0,110.0,1.20044319503449,,,5.12116543650163,,,2020-05-27,13:59:00
1427,Lake Geneva,Switzerland,CH,46.5002,6.6608,2020-05-28T13:59,1,6.0,110.0,0.97763724921715,,,5.5582796455719,,,2020-05-28,13:59:00
1428,Lake Geneva,Switzerland,CH,46.5002,6.6608,2020-05-29T13:59,1,6.0,110.0,1.49284409968962,,,4.27940796845278,,,2020-05-29,13:59:00
1429,Lake Geneva,Switzerland,CH,46.5002,6.6608,2020-05-30T11:00,1,6.0,110.0,1.21269683090202,,,4.89114992154506,,,2020-05-30,11:00:00
1429,Lake Geneva,Switzerland,CH,46.5002,6.6608,2020-05-30T11:00,1,6.0,110.0,1.21269683090202,,,4.89114992154506,,,2020-05-30,11:00:00
1430,Lake Geneva,Switzerland,CH,46.5002,6.6608,2020-05-30T14:00,1,6.0,110.0,1.21486288277449,,,6.01362678831167,,,2020-05-30,14:00:00
1430,Lake Geneva,Switzerland,CH,46.5002,6.6608,2020-05-30T14:00,1,6.0,110.0,1.21486288277449,,,6.01362678831167,,,2020-05-30,14:00:00
1431,Lake Geneva,Switzerland,CH,46.5002,6.6608,2020-05-31T14:00,1,6.0,110.0,1.22101901848213,,,6.25293151206761,,,2020-05-31,14:00:00
1432,Lake Geneva,Switzerland,CH,46.5002,6.6608,2020-06-08T10:55,1,6.0,110.0,1.7070873767183,,,5.84867613534646,,,2020-06-08,10:55:00
1432,Lake Geneva,Switzerland,CH,46.5002,6.6608,2020-06-08T10:55,1,6.0,110.0,1.7070873767183,,,5.84867613534646,,,2020-06-08,10:55:00
1433,Lake Geneva,Switzerland,CH,46.5002,6.6608,2020-06-08T13:59,1,6.0,110.0,2.03774318233227,,,5.44561015670247,,,2020-06-08,13:59:00
1433,Lake Geneva,Switzerland,CH,46.5002,6.6608,2020-06-08T13:59,1,6.0,110.0,2.03774318233227,,,5.44561015670247,,,2020-06-08,13:59:00
1434,Lake Geneva,Switzerland,CH,46.5002,6.6608,2020-06-09T10:59,1,6.0,110.0,3.20537304846065,,,5.33801526017314,,,2020-06-09,10:59:00
1434,Lake Geneva,Switzerland,CH,46.5002,6.6608,2020-06-09T10:59,1,6.0,110.0,3.20537304846065,,,5.33801526017314,,,2020-06-09,10:59:00
1435,Lake Geneva,Switzerland,CH,46.5002,6.6608,2020-06-09T13:59,1,6.0,110.0,2.70296803027808,,,5.40270249203213,,,2020-06-09,13:59:00
1435,Lake Geneva,Switzerland,CH,46.5002,6.6608,2020-06-09T13:59,1,6.0,110.0,2.70296803027808,,,5.40270249203213,,,2020-06-09,13:59:00
