Station,Date,Alk-Tot,BOD,Ca-Dis,Cl-Dis,EC,Fe-Dis,Hg-Dis,Mg-Dis,NH3N,NO3N,O2-Dis,Pb-Dis,Q-Inst,SO4-Dis,SiO2-Rea,TDP,TEMP,TSS,Zn-Dis,pH,Main Basin,Station Identifier,Latitude,Longitude
RUS00002,2015-01-12,,,,,190.0,,,,,,6.4,,123.0,,,,0.0,,,7.3,JENISEJ/YENISEY,Selenga River,52.0563888888889,106.667
RUS00002,2015-01-20,,2.0,,2.5,180.0,,,,0.08,0.41,6.3,0.0004,102.0,18.7,,,0.0,8.0,0.0093,7.5,JENISEJ/YENISEY,Selenga River,52.0563888888889,106.667
RUS00002,2015-01-29,,,,,180.0,,,,,,5.9,,89.0,,,,0.0,,,7.4,JENISEJ/YENISEY,Selenga River,52.0563888888889,106.667
RUS00002,2015-02-10,,,,,170.0,,,,,,6.3,,69.0,,,,0.0,,,7.4,JENISEJ/YENISEY,Selenga River,52.0563888888889,106.667
RUS00002,2015-02-20,125.0,1.7,29.4,3.3,180.0,0.1,,8.4,0.02,0.4,7.3,0.0002,68.0,19.3,6.0,0.05,0.0,14.0,0.0053,7.8,JENISEJ/YENISEY,Selenga River,52.0563888888889,106.667
RUS00002,2015-02-27,,,,,190.0,,,,,,7.8,,68.0,,,,0.0,,,7.4,JENISEJ/YENISEY,Selenga River,52.0563888888889,106.667
RUS00002,2015-03-11,,,,,160.0,,,,,,7.5,,61.0,,,,0.0,,,7.6,JENISEJ/YENISEY,Selenga River,52.0563888888889,106.667
RUS00002,2015-03-20,,1.4,,4.6,230.0,,,,0.02,0.13,8.4,0.0007,60.0,20.0,,,0.0,9.0,0.0058,7.6,JENISEJ/YENISEY,Selenga River,52.0563888888889,106.667
RUS00002,2015-03-30,,,,,190.0,,,,,,12.5,,70.0,,,,0.0,,,7.6,JENISEJ/YENISEY,Selenga River,52.0563888888889,106.667
RUS00002,2015-04-10,,,,,170.0,,,,,,13.3,,122.0,,,,0.2,,,8.1,JENISEJ/YENISEY,Selenga River,52.0563888888889,106.667
RUS00002,2015-04-21,103.0,3.0,23.5,2.5,160.0,0.15,,7.2,0.06,0.15,12.6,0.002,450.0,16.8,3.4,0.02,0.2,21.0,0.013,8.2,JENISEJ/YENISEY,Selenga River,52.0563888888889,106.667
RUS00002,2015-04-29,,,,,150.0,,,,,,10.1,,850.0,,,,9.8,,,7.9,JENISEJ/YENISEY,Selenga River,52.0563888888889,106.667
RUS00002,2015-05-08,,,,,140.0,,,,,,11.3,,892.0,,,,7.5,,,8.1,JENISEJ/YENISEY,Selenga River,52.0563888888889,106.667
RUS00002,2015-05-20,93.0,2.9,24.0,2.6,160.0,0.05,,4.9,0.01,0.01,10.4,0.0014,597.0,15.6,3.1,0.02,14.0,6.0,0.0077,8.4,JENISEJ/YENISEY,Selenga River,52.0563888888889,106.667
RUS00002,2015-05-29,,,,,160.0,,,,,,10.1,,654.0,,,,14.9,,,8.2,JENISEJ/YENISEY,Selenga River,52.0563888888889,106.667
RUS00002,2015-06-10,,,,,150.0,,,,,,10.1,,674.0,,,,16.3,,,8.3,JENISEJ/YENISEY,Selenga River,52.0563888888889,106.667
RUS00002,2015-06-22,79.0,1.4,19.7,2.4,160.0,0.04,,5.1,0.01,0.01,8.5,0.0011,643.0,12.6,4.3,0.02,21.6,15.0,0.0084,8.2,JENISEJ/YENISEY,Selenga River,52.0563888888889,106.667
RUS00002,2015-06-30,,,,,170.0,,,,,,9.7,,551.0,,,,18.5,,,8.4,JENISEJ/YENISEY,Selenga River,52.0563888888889,106.667
RUS00002,2015-07-10,,,,,180.0,,,,,,9.9,,484.0,,,,19.8,,,8.4,JENISEJ/YENISEY,Selenga River,52.0563888888889,106.667
RUS00002,2015-07-20,98.0,0.7,22.0,2.8,190.0,0.02,,7.0,0.01,0.01,8.6,0.0016,456.0,7.5,5.2,0.02,22.0,7.0,0.0098,8.6,JENISEJ/YENISEY,Selenga River,52.0563888888889,106.667
RUS00002,2015-07-30,,,,,190.0,,,,,,8.3,,592.0,,,,23.1,,,8.1,JENISEJ/YENISEY,Selenga River,52.0563888888889,106.667
RUS00002,2015-08-11,,,,,170.0,,,,,,8.6,,597.0,,,,21.1,,,8.2,JENISEJ/YENISEY,Selenga River,52.0563888888889,106.667
RUS00002,2015-08-19,,1.5,,2.2,160.0,,,,0.01,0.01,10.6,0.0015,633.0,11.6,,,17.4,4.0,0.0093,8.4,JENISEJ/YENISEY,Selenga River,52.0563888888889,106.667
RUS00002,2015-08-31,,,,,140.0,,,,,,10.6,,1330.0,,,,19.1,,,7.5,JENISEJ/YENISEY,Selenga River,52.0563888888889,106.667
RUS00002,2015-09-10,,,,,140.0,,,,,,11.6,,1050.0,,,,14.2,,,7.8,JENISEJ/YENISEY,Selenga River,52.0563888888889,106.667
RUS00002,2015-09-21,92.0,1.5,23.0,1.5,150.0,0.05,,5.6,0.01,0.01,10.1,0.0013,950.0,17.3,4.4,0.02,12.2,13.0,0.01,7.7,JENISEJ/YENISEY,Selenga River,52.0563888888889,106.667
RUS00002,2015-09-29,,,,,120.0,,,,,,11.3,,856.0,,,,8.8,,,8.0,JENISEJ/YENISEY,Selenga River,52.0563888888889,106.667
RUS00002,2015-10-09,,,,,130.0,,,,,,11.6,,797.0,,,,6.5,,,7.9,JENISEJ/YENISEY,Selenga River,52.0563888888889,106.667
RUS00002,2015-10-20,,1.9,,2.7,160.0,,,,0.01,0.01,12.3,0.0015,725.0,15.2,,,3.6,4.0,0.0088,7.8,JENISEJ/YENISEY,Selenga River,52.0563888888889,106.667
RUS00002,2015-10-30,,,,,170.0,,,,,,13.1,,610.0,,,,0.4,,,8.0,JENISEJ/YENISEY,Selenga River,52.0563888888889,106.667
RUS00002,2015-11-10,,,,,180.0,,,,,,10.2,,292.0,,,,0.0,,,7.8,JENISEJ/YENISEY,Selenga River,52.0563888888889,106.667
RUS00002,2015-11-20,119.0,1.9,29.1,2.9,200.0,0.1,,7.4,0.09,0.21,12.3,0.0013,179.0,17.6,5.8,0.03,0.0,4.0,0.0086,8.0,JENISEJ/YENISEY,Selenga River,52.0563888888889,106.667
RUS00002,2015-11-30,,,,,200.0,,,,,,10.7,,131.0,,,,0.0,,,7.6,JENISEJ/YENISEY,Selenga River,52.0563888888889,106.667
RUS00002,2015-12-10,,,,,190.0,,,,,,10.1,,162.0,,,,0.0,,,7.6,JENISEJ/YENISEY,Selenga River,52.0563888888889,106.667
RUS00002,2015-12-18,,1.9,,3.0,170.0,,,,0.03,0.06,9.5,0.0013,168.0,18.3,,,0.0,3.0,0.0081,7.6,JENISEJ/YENISEY,Selenga River,52.0563888888889,106.667
RUS00002,2015-12-29,,,,,180.0,,,,,,8.2,,156.0,,,,0.0,,,7.4,JENISEJ/YENISEY,Selenga River,52.0563888888889,106.667
RUS00002,2016-01-11,,,,,180.0,,,,,,7.6,,136.0,,,,0.0,,,7.5,JENISEJ/YENISEY,Selenga River,52.0563888888889,106.667
RUS00002,2016-01-20,,1.2,,3.5,190.0,,,,0.01,0.15,6.9,0.0013,98.0,13.2,,,0.0,2.0,0.0082,7.6,JENISEJ/YENISEY,Selenga River,52.0563888888889,106.667
RUS00002,2016-01-29,,,,,200.0,,,,,,8.6,,89.0,,,,0.0,,,7.4,JENISEJ/YENISEY,Selenga River,52.0563888888889,106.667
RUS00002,2016-02-10,,,,,160.0,,,,,,8.1,,71.6,,,,0.0,,,7.5,JENISEJ/YENISEY,Selenga River,52.0563888888889,106.667
RUS00002,2016-02-19,107.0,1.7,25.9,4.5,180.0,0.09,,6.8,0.04,0.11,6.4,0.0009,73.4,18.2,6.2,0.06,0.0,6.0,0.0086,7.7,JENISEJ/YENISEY,Selenga River,52.0563888888889,106.667
RUS00002,2016-02-26,,,,,200.0,,,,,,8.8,,74.0,,,,0.0,,,7.4,JENISEJ/YENISEY,Selenga River,52.0563888888889,106.667
RUS00002,2016-03-10,,,,,190.0,,,,,,7.9,,79.4,,,,0.0,,,7.4,JENISEJ/YENISEY,Selenga River,52.0563888888889,106.667
RUS00002,2016-03-21,,1.5,,4.6,190.0,,,,0.07,0.3,9.5,0.0012,78.0,20.3,,,0.0,2.0,0.0062,7.5,JENISEJ/YENISEY,Selenga River,52.0563888888889,106.667
RUS00002,2016-03-29,,,,,190.0,,,,,,12.2,,82.0,,,,0.0,,,7.9,JENISEJ/YENISEY,Selenga River,52.0563888888889,106.667
RUS00002,2016-04-08,,,,,170.0,,,,,,13.0,,143.0,,,,0.0,,,8.1,JENISEJ/YENISEY,Selenga River,52.0563888888889,106.667
RUS00002,2016-04-21,100.0,1.0,22.8,2.5,160.0,0.16,,7.0,0.02,0.07,11.3,0.0002,561.0,17.1,4.7,0.02,5.0,17.0,0.0097,7.8,JENISEJ/YENISEY,Selenga River,52.0563888888889,106.667
RUS00002,2016-04-29,,,,,160.0,,,,,,10.5,,654.0,,,,9.1,,,8.0,JENISEJ/YENISEY,Selenga River,52.0563888888889,106.667
RUS00002,2016-05-11,,,,,120.0,,,,,,9.5,,1070.0,,,,10.1,,,7.7,JENISEJ/YENISEY,Selenga River,52.0563888888889,106.667
RUS00002,2016-05-18,73.0,2.5,18.8,1.9,130.0,0.34,,4.0,0.01,0.01,9.3,0.0002,1040.0,19.4,3.9,0.02,13.3,15.0,0.0096,7.7,JENISEJ/YENISEY,Selenga River,52.0563888888889,106.667
RUS00002,2016-05-30,,,,,140.0,,,,,,9.6,,1080.0,,,,12.5,,,7.6,JENISEJ/YENISEY,Selenga River,52.0563888888889,106.667
RUS00002,2016-06-10,,,,,160.0,,,,,,8.7,,1090.0,,,,16.5,,,7.7,JENISEJ/YENISEY,Selenga River,52.0563888888889,106.667
RUS00002,2016-06-20,81.0,1.1,20.8,1.7,160.0,0.18,,4.9,0.01,0.13,8.0,0.0013,1240.0,17.7,5.0,0.02,17.6,21.0,0.021,7.5,JENISEJ/YENISEY,Selenga River,52.0563888888889,106.667
RUS00002,2016-06-29,,,,,160.0,,,,,,7.6,,1550.0,,,,18.9,,,7.5,JENISEJ/YENISEY,Selenga River,52.0563888888889,106.667
RUS00002,2016-07-08,,,,,190.0,,,,,,7.7,,1140.0,,,,23.2,,,7.9,JENISEJ/YENISEY,Selenga River,52.0563888888889,106.667
RUS00002,2016-07-20,98.0,1.7,25.0,1.8,180.0,0.24,,5.2,0.01,0.1,8.2,0.0048,1410.0,23.7,6.0,0.02,21.4,8.0,0.0118,7.5,JENISEJ/YENISEY,Selenga River,52.0563888888889,106.667
RUS00002,2016-07-29,,,,,180.0,,,,,,7.7,,1580.0,,,,22.3,,,7.5,JENISEJ/YENISEY,Selenga River,52.0563888888889,106.667
RUS00002,2016-08-10,,,,,190.0,,,,,,7.3,,1200.0,,,,23.0,,,7.7,JENISEJ/YENISEY,Selenga River,52.0563888888889,106.667
RUS00002,2016-08-22,,1.4,,1.5,190.0,,,,0.01,0.02,7.3,0.0018,2520.0,18.1,,,19.4,12.0,0.0139,7.5,JENISEJ/YENISEY,Selenga River,52.0563888888889,106.667
RUS00002,2016-08-30,,,,,190.0,,,,,,8.3,,2030.0,,,,18.5,,,7.6,JENISEJ/YENISEY,Selenga River,52.0563888888889,106.667
RUS00002,2016-09-09,,,,,190.0,,,,,,9.7,,1540.0,,,,15.2,,,7.9,JENISEJ/YENISEY,Selenga River,52.0563888888889,106.667
RUS00002,2016-09-20,92.0,1.0,22.2,1.4,160.0,0.05,,5.7,0.01,0.01,9.5,0.001,1460.0,15.5,3.7,0.02,14.6,6.0,0.01,7.8,JENISEJ/YENISEY,Selenga River,52.0563888888889,106.667
RUS00002,2016-09-30,,,,,170.0,,,,,,11.0,,1250.0,,,,11.4,,,7.5,JENISEJ/YENISEY,Selenga River,52.0563888888889,106.667
RUS00002,2016-10-10,,,,,180.0,,,,,,11.8,,1140.0,,,,3.7,,,7.5,JENISEJ/YENISEY,Selenga River,52.0563888888889,106.667
RUS00002,2016-10-20,,1.9,,2.1,190.0,,,,0.01,0.05,13.0,0.0002,943.0,13.2,,,1.6,3.0,0.0191,7.4,JENISEJ/YENISEY,Selenga River,52.0563888888889,106.667
RUS00002,2016-10-31,,,,,180.0,,,,,,13.2,,890.0,,,,0.0,,,7.4,JENISEJ/YENISEY,Selenga River,52.0563888888889,106.667
RUS00002,2016-11-09,,,,,180.0,,,,,,12.4,,517.0,,,,0.0,,,7.5,JENISEJ/YENISEY,Selenga River,52.0563888888889,106.667
RUS00002,2016-11-22,125.0,0.8,29.5,1.8,220.0,0.07,,8.1,0.03,0.1,11.6,0.0002,677.0,23.5,5.6,0.03,0.0,2.0,0.0065,7.3,JENISEJ/YENISEY,Selenga River,52.0563888888889,106.667
RUS00002,2016-11-29,,,,,230.0,,,,,,10.9,,307.0,,,,0.0,,,7.6,JENISEJ/YENISEY,Selenga River,52.0563888888889,106.667
RUS00002,2016-12-09,,,,,240.0,,,,,,11.9,,339.0,,,,0.0,,,7.5,JENISEJ/YENISEY,Selenga River,52.0563888888889,106.667
RUS00002,2016-12-20,,0.8,,2.6,250.0,,,,0.03,0.07,8.7,0.0002,297.0,18.5,,,0.0,2.0,0.0069,7.0,JENISEJ/YENISEY,Selenga River,52.0563888888889,106.667
RUS00002,2016-12-28,,,,,240.0,,,,,,8.6,,245.0,,,,0.0,,,7.5,JENISEJ/YENISEY,Selenga River,52.0563888888889,106.667
RUS00002,2017-01-10,,,,,230.0,,,,,,8.4,,176.0,,,,0.0,,,7.4,JENISEJ/YENISEY,Selenga River,52.0563888888889,106.667
RUS00002,2017-01-19,,1.1,,2.5,210.0,,,,0.02,0.1,7.5,0.0002,127.0,17.2,,,0.0,2.0,0.0133,7.3,JENISEJ/YENISEY,Selenga River,52.0563888888889,106.667
RUS00002,2017-01-30,,,,,260.0,,,,,,7.8,,95.0,,,,0.0,,,7.2,JENISEJ/YENISEY,Selenga River,52.0563888888889,106.667
RUS00002,2017-02-09,,,,,250.0,,,,,,7.0,,80.0,,,,0.0,,,7.3,JENISEJ/YENISEY,Selenga River,52.0563888888889,106.667
RUS00002,2017-02-20,127.0,0.9,30.1,2.6,210.0,0.1,,8.5,0.01,0.2,6.8,0.0006,75.8,20.7,5.7,0.02,0.0,2.0,0.0108,7.5,JENISEJ/YENISEY,Selenga River,52.0563888888889,106.667
RUS00002,2017-02-28,,,,,280.0,,,,,,7.6,,72.0,,,,0.0,,,6.7,JENISEJ/YENISEY,Selenga River,52.0563888888889,106.667
RUS00002,2017-03-10,,,,,240.0,,,,,,7.9,,75.4,,,,0.0,,,7.4,JENISEJ/YENISEY,Selenga River,52.0563888888889,106.667
RUS00002,2017-03-21,,2.0,,2.4,210.0,,,,0.08,0.42,9.2,0.0002,84.0,22.3,,,0.0,2.0,0.0176,7.7,JENISEJ/YENISEY,Selenga River,52.0563888888889,106.667
RUS00002,2017-03-31,,,,,230.0,,,,,,9.4,,90.6,,,,0.0,,,7.4,JENISEJ/YENISEY,Selenga River,52.0563888888889,106.667
RUS00002,2017-04-11,,,,,200.0,,,,,,10.1,,180.0,,,,0.0,,,7.5,JENISEJ/YENISEY,Selenga River,52.0563888888889,106.667
RUS00002,2017-04-20,89.0,1.9,22.4,1.6,200.0,0.14,,5.5,0.06,0.01,11.6,0.0007,950.0,22.0,3.1,0.02,0.5,30.0,0.0127,7.5,JENISEJ/YENISEY,Selenga River,52.0563888888889,106.667
RUS00002,2017-04-28,,,,,190.0,,,,,,9.6,,749.0,,,,9.6,,,8.1,JENISEJ/YENISEY,Selenga River,52.0563888888889,106.667
RUS00002,2017-05-10,,,,,160.0,,,,,,8.9,,1110.0,,,,11.2,,,8.0,JENISEJ/YENISEY,Selenga River,52.0563888888889,106.667
RUS00002,2017-05-22,92.0,1.5,21.3,1.9,160.0,0.04,,6.2,0.05,0.01,9.9,0.0006,843.0,14.9,2.5,0.02,13.4,11.0,0.0124,7.7,JENISEJ/YENISEY,Selenga River,52.0563888888889,106.667
RUS00002,2017-05-30,,,,,180.0,,,,,,9.8,,720.0,,,,16.0,,,7.7,JENISEJ/YENISEY,Selenga River,52.0563888888889,106.667
RUS00002,2017-06-09,,,,,200.0,,,,,,10.0,,576.0,,,,17.0,,,8.0,JENISEJ/YENISEY,Selenga River,52.0563888888889,106.667
RUS00002,2017-06-20,101.0,1.6,23.2,2.1,190.0,0.03,,7.0,0.01,0.01,9.0,0.0005,502.0,12.1,3.1,0.02,19.2,7.0,0.011,7.7,JENISEJ/YENISEY,Selenga River,52.0563888888889,106.667
RUS00002,2017-06-30,,,,,210.0,,,,,,8.7,,469.0,,,,23.8,,,7.2,JENISEJ/YENISEY,Selenga River,52.0563888888889,106.667
RUS00002,2017-07-10,,,,,210.0,,,,,,9.0,,493.0,,,,22.8,,,7.8,JENISEJ/YENISEY,Selenga River,52.0563888888889,106.667
RUS00002,2017-07-20,101.0,0.9,23.2,1.4,180.0,0.07,,7.0,0.01,0.01,8.7,0.0006,518.0,10.0,3.5,0.02,21.4,6.0,0.0126,7.6,JENISEJ/YENISEY,Selenga River,52.0563888888889,106.667
RUS00002,2017-07-31,,,,,200.0,,,,,,9.3,,459.0,,,,22.8,,,7.6,JENISEJ/YENISEY,Selenga River,52.0563888888889,106.667
RUS00002,2017-08-10,,,,,240.0,,,,,,8.7,,452.0,,,,19.8,,,7.8,JENISEJ/YENISEY,Selenga River,52.0563888888889,106.667
RUS00002,2017-08-22,,1.2,,1.4,190.0,,,,0.01,0.01,8.6,0.0002,659.0,19.2,,,16.7,7.0,0.0076,8.2,JENISEJ/YENISEY,Selenga River,52.0563888888889,106.667
RUS00002,2017-08-31,,,,,170.0,,,,,,8.6,,1310.0,,,,16.8,,,7.7,JENISEJ/YENISEY,Selenga River,52.0563888888889,106.667
RUS00002,2017-09-08,,,,,180.0,,,,,,8.2,,1040.0,,,,14.2,,,8.2,JENISEJ/YENISEY,Selenga River,52.0563888888889,106.667
RUS00002,2017-09-21,95.0,1.5,23.0,1.5,180.0,0.06,,6.0,0.01,0.01,11.1,0.0002,943.0,12.8,3.1,0.02,12.2,6.0,0.015,8.1,JENISEJ/YENISEY,Selenga River,52.0563888888889,106.667
RUS00002,2017-09-28,,,,,180.0,,,,,,10.9,,913.0,,,,7.0,,,7.9,JENISEJ/YENISEY,Selenga River,52.0563888888889,106.667
RUS00002,2017-10-10,,,,,180.0,,,,,,11.9,,804.0,,,,4.6,,,8.0,JENISEJ/YENISEY,Selenga River,52.0563888888889,106.667
RUS00002,2017-10-19,,2.0,,1.7,180.0,,,,0.02,0.05,13.1,0.0002,708.0,16.0,,,2.0,2.0,0.0173,8.0,JENISEJ/YENISEY,Selenga River,52.0563888888889,106.667
RUS00002,2017-10-30,,,,,210.0,,,,,,13.9,,601.0,,,,0.6,,,8.1,JENISEJ/YENISEY,Selenga River,52.0563888888889,106.667
RUS00002,2017-11-10,,,,,240.0,,,,,,13.9,,715.0,,,,0.0,,,7.9,JENISEJ/YENISEY,Selenga River,52.0563888888889,106.667
RUS00002,2017-11-20,128.0,2.0,29.4,2.8,220.0,0.06,,8.7,0.06,0.17,11.4,0.0003,189.0,21.0,5.5,0.02,0.0,2.0,0.0069,7.8,JENISEJ/YENISEY,Selenga River,52.0563888888889,106.667
RUS00002,2017-11-30,,,,,250.0,,,,,,11.3,,141.0,,,,0.0,,,7.6,JENISEJ/YENISEY,Selenga River,52.0563888888889,106.667
RUS00002,2017-12-08,,,,,230.0,,,,,,11.1,,168.0,,,,0.0,,,7.6,JENISEJ/YENISEY,Selenga River,52.0563888888889,106.667
RUS00002,2017-12-20,,2.7,,2.2,200.0,,,,0.06,0.35,9.4,0.0002,168.0,19.5,,,0.0,2.0,0.0104,7.7,JENISEJ/YENISEY,Selenga River,52.0563888888889,106.667
RUS00002,2017-12-28,,,,,230.0,,,,,,9.3,,158.0,,,,0.0,,,7.4,JENISEJ/YENISEY,Selenga River,52.0563888888889,106.667
RUS00002,2018-01-10,,,,,220.0,,,,,,8.1,,139.0,,,,0.0,,,7.3,JENISEJ/YENISEY,Selenga River,52.0563888888889,106.667
RUS00002,2018-01-18,,1.8,,2.0,220.0,,,,0.05,0.46,8.7,0.0006,109.0,18.4,,,0.0,2.0,0.0111,7.2,JENISEJ/YENISEY,Selenga River,52.0563888888889,106.667
RUS00002,2018-01-30,,,,,240.0,,,,,,7.8,,88.2,,,,0.0,,,7.2,JENISEJ/YENISEY,Selenga River,52.0563888888889,106.667
RUS00002,2018-02-09,,,,,230.0,,,,,,7.3,,73.6,,,,0.0,,,7.3,JENISEJ/YENISEY,Selenga River,52.0563888888889,106.667
RUS00002,2018-02-20,112.0,1.0,26.4,2.4,190.0,0.04,,7.4,0.09,0.37,6.1,0.0005,73.4,18.4,6.0,0.06,0.0,2.0,0.0126,7.3,JENISEJ/YENISEY,Selenga River,52.0563888888889,106.667
RUS00002,2018-02-28,,,,,210.0,,,,,,6.4,,83.8,,,,0.0,,,7.4,JENISEJ/YENISEY,Selenga River,52.0563888888889,106.667
RUS00002,2018-03-12,,,,,220.0,,,,,,7.7,,79.2,,,,0.0,,,7.3,JENISEJ/YENISEY,Selenga River,52.0563888888889,106.667
RUS00002,2018-03-20,,1.4,,3.8,200.0,,,,0.05,0.35,8.0,0.0005,77.8,19.0,,,0.0,2.0,0.0073,7.5,JENISEJ/YENISEY,Selenga River,52.0563888888889,106.667
RUS00002,2018-03-30,,,,,200.0,,,,,,11.6,,88.2,,,,0.0,,,7.3,JENISEJ/YENISEY,Selenga River,52.0563888888889,106.667
RUS00002,2018-04-10,,,,,190.0,,,,,,12.0,,232.0,,,,0.0,,,7.8,JENISEJ/YENISEY,Selenga River,52.0563888888889,106.667
RUS00002,2018-04-19,96.0,2.8,24.3,2.6,170.0,0.11,,7.1,0.02,0.1,11.5,0.0005,720.0,21.1,3.9,0.02,4.8,6.0,0.0101,8.1,JENISEJ/YENISEY,Selenga River,52.0563888888889,106.667
RUS00002,2018-04-27,,,,,150.0,,,,,,10.0,,1220.0,,,,6.3,,,7.9,JENISEJ/YENISEY,Selenga River,52.0563888888889,106.667
RUS00002,2018-05-10,,,,,140.0,,,,,,10.7,,1180.0,,,,9.8,,,7.8,JENISEJ/YENISEY,Selenga River,52.0563888888889,106.667
RUS00002,2018-05-21,75.0,2.1,18.6,1.7,140.0,0.07,,4.4,0.01,0.01,11.0,0.0005,995.0,17.1,3.9,0.02,10.8,3.0,0.0106,8.2,JENISEJ/YENISEY,Selenga River,52.0563888888889,106.667
RUS00002,2018-05-30,,,,,140.0,,,,,,11.0,,973.0,,,,15.0,,,8.0,JENISEJ/YENISEY,Selenga River,52.0563888888889,106.667
RUS00002,2018-06-09,,,,,150.0,,,,,,10.0,,856.0,,,,17.1,,,8.0,JENISEJ/YENISEY,Selenga River,52.0563888888889,106.667
RUS00002,2018-06-20,73.0,3.0,18.9,1.4,150.0,0.04,,4.5,0.01,0.01,10.9,0.0005,830.0,7.8,4.4,0.02,20.1,3.0,0.0154,8.1,JENISEJ/YENISEY,Selenga River,52.0563888888889,106.667
RUS00002,2018-06-29,,,,,160.0,,,,,,9.8,,810.0,,,,21.6,,,7.9,JENISEJ/YENISEY,Selenga River,52.0563888888889,106.667
RUS00002,2018-07-10,,,,,120.0,,,,,,11.8,,1030.0,,,,17.3,,,7.5,JENISEJ/YENISEY,Selenga River,52.0563888888889,106.667
RUS00002,2018-07-19,67.0,0.9,16.2,1.1,130.0,0.17,,4.4,0.02,0.03,9.4,0.0005,1490.0,17.7,5.4,0.03,20.0,8.0,0.0112,7.3,JENISEJ/YENISEY,Selenga River,52.0563888888889,106.667
RUS00002,2018-07-30,,,,,130.0,,,,,,9.7,,2380.0,,,,20.0,,,7.4,JENISEJ/YENISEY,Selenga River,52.0563888888889,106.667
RUS00002,2018-08-10,,,,,130.0,,,,,,9.6,,2220.0,,,,19.5,,,7.6,JENISEJ/YENISEY,Selenga River,52.0563888888889,106.667
RUS00002,2018-08-21,,1.9,,1.7,140.0,,,,0.01,0.05,9.3,0.0005,2380.0,17.7,,,19.0,5.0,0.0093,7.7,JENISEJ/YENISEY,Selenga River,52.0563888888889,106.667
RUS00002,2018-08-30,,,,,150.0,,,,,,8.5,,2220.0,,,,18.8,,,7.7,JENISEJ/YENISEY,Selenga River,52.0563888888889,106.667
RUS00002,2018-09-10,,,,,160.0,,,,,,9.8,,1920.0,,,,13.5,,,7.8,JENISEJ/YENISEY,Selenga River,52.0563888888889,106.667
RUS00002,2018-09-19,83.0,2.0,21.7,1.5,150.0,0.17,,5.2,0.03,0.05,14.0,0.0005,1810.0,17.2,5.5,0.02,11.6,8.0,0.0031,7.9,JENISEJ/YENISEY,Selenga River,52.0563888888889,106.667
RUS00002,2018-09-28,,,,,150.0,,,,,,11.5,,1780.0,,,,8.4,,,7.6,JENISEJ/YENISEY,Selenga River,52.0563888888889,106.667
RUS00002,2018-10-10,,,,,130.0,,,,,,11.9,,2420.0,,,,4.5,,,7.4,JENISEJ/YENISEY,Selenga River,52.0563888888889,106.667
RUS00002,2018-10-18,,2.7,,1.6,120.0,,,,0.03,0.04,11.8,0.0011,2140.0,18.1,,,4.7,4.0,0.0034,7.7,JENISEJ/YENISEY,Selenga River,52.0563888888889,106.667
RUS00002,2018-10-29,,,,,140.0,,,,,,12.7,,1630.0,,,,2.3,,,7.8,JENISEJ/YENISEY,Selenga River,52.0563888888889,106.667
RUS00002,2018-11-09,,,,,170.0,,,,,,13.7,,1454.0,,,,0.2,,,7.7,JENISEJ/YENISEY,Selenga River,52.0563888888889,106.667
RUS00002,2018-11-20,101.0,1.9,22.5,2.0,170.0,0.21,,7.7,0.04,0.18,13.5,0.0005,472.0,16.4,7.0,0.02,0.0,2.0,0.0076,7.7,JENISEJ/YENISEY,Selenga River,52.0563888888889,106.667
RUS00002,2018-11-30,,,,,180.0,,,,,,10.9,,245.0,,,,0.0,,,7.6,JENISEJ/YENISEY,Selenga River,52.0563888888889,106.667
RUS00002,2018-12-10,,,,,130.0,,,,,,11.7,,290.0,,,,0.0,,,7.5,JENISEJ/YENISEY,Selenga River,52.0563888888889,106.667
RUS00002,2018-12-19,,0.9,,1.8,160.0,,,,0.03,0.29,10.8,0.0005,272.0,14.8,,,0.0,5.0,0.0062,7.8,JENISEJ/YENISEY,Selenga River,52.0563888888889,106.667
RUS00002,2018-12-28,,,,,170.0,,,,,,9.5,,234.0,,,,0.0,,,7.2,JENISEJ/YENISEY,Selenga River,52.0563888888889,106.667
RUS00002,2019-01-10,,,,,180.0,,,,,,8.9,,193.0,,,,0.0,,,7.3,JENISEJ/YENISEY,Selenga River,52.0563888888889,106.667
RUS00002,2019-01-21,,1.3,,2.0,180.0,,,,0.07,0.14,8.0,0.0002,139.0,14.3,,,0.0,3.0,0.0112,7.8,JENISEJ/YENISEY,Selenga River,52.0563888888889,106.667
RUS00002,2019-01-30,,,,,180.0,,,,,,8.3,,101.0,,,,0.0,,,7.2,JENISEJ/YENISEY,Selenga River,52.0563888888889,106.667
RUS00002,2019-02-11,,,,,180.0,,,,,,9.6,,88.0,,,,0.0,,,7.3,JENISEJ/YENISEY,Selenga River,52.0563888888889,106.667
RUS00002,2019-02-20,100.0,0.9,23.8,2.0,180.0,0.04,,6.7,0.11,0.24,8.0,0.0003,85.0,16.2,6.4,0.04,0.0,2.0,0.0143,7.6,JENISEJ/YENISEY,Selenga River,52.0563888888889,106.667
RUS00002,2019-02-28,,,,,200.0,,,,,,8.4,,86.5,,,,0.0,,,7.2,JENISEJ/YENISEY,Selenga River,52.0563888888889,106.667
RUS00002,2019-03-11,,,,,190.0,,,,,,11.5,,79.0,,,,0.0,,,7.5,JENISEJ/YENISEY,Selenga River,52.0563888888889,106.667
RUS00002,2019-03-20,,1.7,,2.0,190.0,,,,0.11,0.19,12.7,0.0002,85.0,16.5,,,0.0,2.0,0.0112,8.0,JENISEJ/YENISEY,Selenga River,52.0563888888889,106.667
RUS00002,2019-03-29,,,,,190.0,,,,,,12.7,,95.7,,,,0.0,,,7.6,JENISEJ/YENISEY,Selenga River,52.0563888888889,106.667
RUS00002,2019-04-10,,,,,190.0,,,,,,13.2,,166.0,,,,0.0,,,7.9,JENISEJ/YENISEY,Selenga River,52.0563888888889,106.667
RUS00002,2019-04-18,93.0,1.9,21.6,2.6,170.0,0.14,,6.9,0.04,0.16,12.7,0.0002,399.0,15.5,3.4,0.03,1.0,8.0,0.0095,7.8,JENISEJ/YENISEY,Selenga River,52.0563888888889,106.667
RUS00002,2019-04-29,,,,,150.0,,,,,,11.8,,695.0,,,,6.0,,,7.9,JENISEJ/YENISEY,Selenga River,52.0563888888889,106.667
RUS00002,2019-05-08,,,,,130.0,,,,,,11.4,,1310.0,,,,5.4,,,7.7,JENISEJ/YENISEY,Selenga River,52.0563888888889,106.667
RUS00002,2019-05-21,81.0,1.1,19.1,2.2,170.0,0.11,,6.0,0.02,0.05,9.9,0.0003,817.0,14.7,4.0,0.02,11.0,8.0,0.0139,8.1,JENISEJ/YENISEY,Selenga River,52.0563888888889,106.667
RUS00002,2019-05-31,,,,,140.0,,,,,,10.9,,1100.0,,,,14.0,,,7.9,JENISEJ/YENISEY,Selenga River,52.0563888888889,106.667
RUS00002,2019-06-10,,,,,130.0,,,,,,10.9,,1320.0,,,,18.0,,,8.0,JENISEJ/YENISEY,Selenga River,52.0563888888889,106.667
RUS00002,2019-06-19,70.0,1.4,17.5,1.4,140.0,0.12,,4.5,0.02,0.01,9.9,0.0004,1010.0,14.1,5.0,0.02,19.0,13.0,0.0172,8.1,JENISEJ/YENISEY,Selenga River,52.0563888888889,106.667
RUS00002,2019-06-28,,,,,190.0,,,,,,11.7,,1030.0,,,,19.0,,,7.9,JENISEJ/YENISEY,Selenga River,52.0563888888889,106.667
RUS00002,2019-07-10,,,,,160.0,,,,,,12.8,,1520.0,,,,21.0,,,7.9,JENISEJ/YENISEY,Selenga River,52.0563888888889,106.667
RUS00002,2019-07-17,87.0,1.8,22.1,2.0,150.0,0.19,,5.2,0.02,0.01,11.3,0.0004,1140.0,18.1,5.5,0.04,22.0,30.0,0.0161,8.1,JENISEJ/YENISEY,Selenga River,52.0563888888889,106.667
RUS00002,2019-07-30,,,,,150.0,,,,,,8.6,,2180.0,,,,19.0,,,7.9,JENISEJ/YENISEY,Selenga River,52.0563888888889,106.667
RUS00002,2019-08-09,,,,,170.0,,,,,,8.9,,2900.0,,,,19.0,,,7.7,JENISEJ/YENISEY,Selenga River,52.0563888888889,106.667
RUS00002,2019-08-21,,1.1,,1.6,150.0,,,,0.02,0.08,8.3,0.0004,1780.0,18.7,,,17.0,18.0,0.0174,7.9,JENISEJ/YENISEY,Selenga River,52.0563888888889,106.667
RUS00002,2019-08-30,,,,,170.0,,,,,,9.9,,1760.0,,,,21.0,,,8.0,JENISEJ/YENISEY,Selenga River,52.0563888888889,106.667
RUS00002,2019-09-10,,,,,150.0,,,,,,11.4,,1470.0,,,,14.0,,,8.0,JENISEJ/YENISEY,Selenga River,52.0563888888889,106.667
RUS00002,2019-09-18,85.0,2.1,20.9,1.9,150.0,0.08,,5.7,0.02,0.01,10.8,0.0018,1440.0,15.9,4.6,0.02,11.0,12.0,0.0167,7.9,JENISEJ/YENISEY,Selenga River,52.0563888888889,106.667
RUS00002,2019-09-30,,,,,180.0,,,,,,12.4,,1100.0,,,,10.0,,,8.0,JENISEJ/YENISEY,Selenga River,52.0563888888889,106.667
RUS00002,2019-10-09,,,,,180.0,,,,,,12.6,,980.0,,,,7.0,,,8.0,JENISEJ/YENISEY,Selenga River,52.0563888888889,106.667
RUS00002,2019-10-21,,2.1,,2.6,160.0,,,,0.01,0.02,13.7,0.0002,843.0,15.7,,,3.0,12.0,0.0065,7.9,JENISEJ/YENISEY,Selenga River,52.0563888888889,106.667
RUS00002,2019-10-30,,,,,190.0,,,,,,13.9,,731.0,,,,1.0,,,8.0,JENISEJ/YENISEY,Selenga River,52.0563888888889,106.667
RUS00002,2019-11-11,,,,,200.0,,,,,,13.3,,332.0,,,,0.1,,,7.9,JENISEJ/YENISEY,Selenga River,52.0563888888889,106.667
RUS00002,2019-11-21,140.0,1.5,32.1,3.8,230.0,0.09,,9.7,0.07,0.05,13.4,0.0007,292.0,22.5,5.9,0.03,0.0,3.0,0.0083,7.9,JENISEJ/YENISEY,Selenga River,52.0563888888889,106.667
RUS00002,2019-11-29,,,,,230.0,,,,,,12.8,,222.0,,,,0.0,,,7.7,JENISEJ/YENISEY,Selenga River,52.0563888888889,106.667
RUS00002,2019-12-09,,,,,220.0,,,,,,11.8,,285.0,,,,0.0,,,7.7,JENISEJ/YENISEY,Selenga River,52.0563888888889,106.667
RUS00002,2019-12-18,,2.5,,2.7,200.0,,,,0.09,0.27,11.6,0.0009,270.0,18.5,,,0.0,2.0,0.0091,7.4,JENISEJ/YENISEY,Selenga River,52.0563888888889,106.667
RUS00002,2019-12-26,,,,,200.0,,,,,,10.6,,233.0,,,,0.0,,,7.6,JENISEJ/YENISEY,Selenga River,52.0563888888889,106.667
RUS00002,2020-01-10,,,,,210.0,,,,,,8.6,,205.0,,,,0.0,,,7.6,JENISEJ/YENISEY,Selenga River,52.0563888888889,106.667
RUS00002,2020-01-20,,2.9,,3.0,200.0,,,,0.09,0.29,10.0,0.0009,142.0,19.0,,,0.0,4.0,0.008,7.7,JENISEJ/YENISEY,Selenga River,52.0563888888889,106.667
RUS00002,2020-01-30,,,,,220.0,,,,,,7.7,,112.0,,,,0.0,,,7.3,JENISEJ/YENISEY,Selenga River,52.0563888888889,106.667
RUS00002,2020-02-10,,,,,210.0,,,,,,7.5,,95.3,,,,0.0,,,7.4,JENISEJ/YENISEY,Selenga River,52.0563888888889,106.667
RUS00002,2020-02-19,114.0,2.7,27.7,3.3,200.0,0.05,,7.7,0.1,0.29,7.4,0.0018,84.4,18.3,6.4,0.03,0.0,2.0,0.0122,7.4,JENISEJ/YENISEY,Selenga River,52.0563888888889,106.667
RUS00002,2020-02-28,,,,,210.0,,,,,,8.2,,80.0,,,,0.0,,,7.5,JENISEJ/YENISEY,Selenga River,52.0563888888889,106.667
RUS00002,2020-03-10,,,,,200.0,,,,,,10.9,,83.8,,,,0.0,,,7.4,JENISEJ/YENISEY,Selenga River,52.0563888888889,106.667
RUS00002,2020-03-19,,2.0,,2.9,180.0,,,,0.07,0.21,10.3,0.0013,90.0,17.8,,,0.0,2.0,0.0066,7.6,JENISEJ/YENISEY,Selenga River,52.0563888888889,106.667
RUS00002,2020-03-27,,,,,200.0,,,,,,12.8,,118.0,,,,0.0,,,7.8,JENISEJ/YENISEY,Selenga River,52.0563888888889,106.667
RUS00002,2020-04-10,,,,,180.0,,,,,,12.2,,242.0,,,,0.2,,,8.0,JENISEJ/YENISEY,Selenga River,52.0563888888889,106.667
RUS00002,2020-04-20,,,,,160.0,,,,,,10.9,,943.0,,,,5.3,,,8.0,JENISEJ/YENISEY,Selenga River,52.0563888888889,106.667
RUS00002,2020-05-08,,,,,150.0,,,,,,10.2,,1100.0,,,,11.8,,,8.0,JENISEJ/YENISEY,Selenga River,52.0563888888889,106.667
RUS00002,2020-05-19,85.0,2.0,21.6,2.2,150.0,0.06,,5.1,0.03,0.01,10.2,0.0004,761.0,19.2,2.5,0.02,11.9,6.0,0.0052,8.0,JENISEJ/YENISEY,Selenga River,52.0563888888889,106.667
RUS00002,2020-05-29,,,,,130.0,,,,,,10.4,,928.0,,,,13.6,,,8.0,JENISEJ/YENISEY,Selenga River,52.0563888888889,106.667
RUS00002,2020-06-10,,,,,110.0,,,,,,8.8,,1120.0,,,,16.4,,,7.9,JENISEJ/YENISEY,Selenga River,52.0563888888889,106.667
RUS00002,2020-06-17,73.0,0.7,16.3,1.6,130.0,0.09,,3.8,0.02,0.01,8.0,0.0004,950.0,16.0,3.0,0.02,18.4,6.0,0.0064,8.0,JENISEJ/YENISEY,Selenga River,52.0563888888889,106.667
RUS00002,2020-06-29,,,,,130.0,,,,,,8.1,,965.0,,,,22.0,,,8.1,JENISEJ/YENISEY,Selenga River,52.0563888888889,106.667
RUS00002,2020-07-10,,,,,140.0,,,,,,7.3,,913.0,,,,22.0,,,8.0,JENISEJ/YENISEY,Selenga River,52.0563888888889,106.667
RUS00002,2020-07-20,67.0,0.6,18.2,1.5,140.0,0.29,,3.6,0.03,0.04,7.8,0.0002,1300.0,14.5,5.8,0.06,19.0,18.0,0.0064,7.8,JENISEJ/YENISEY,Selenga River,52.0563888888889,106.667
RUS00002,2020-07-30,,,,,160.0,,,,,,10.3,,1150.0,,,,20.4,,,8.0,JENISEJ/YENISEY,Selenga River,52.0563888888889,106.667
RUS00002,2020-08-10,,,,,120.0,,,,,,7.9,,2520.0,,,,18.0,,,7.8,JENISEJ/YENISEY,Selenga River,52.0563888888889,106.667
RUS00002,2020-08-19,,1.5,,1.5,120.0,,,,0.07,0.02,8.4,0.0007,3070.0,13.6,,,18.1,8.0,0.0116,8.0,JENISEJ/YENISEY,Selenga River,52.0563888888889,106.667
RUS00002,2020-08-28,,0.5,,,140.0,,,,,,8.0,,2330.0,,,,16.2,,,7.8,JENISEJ/YENISEY,Selenga River,52.0563888888889,106.667
RUS00002,2020-09-10,,0.5,,,130.0,,,,,,8.6,,3230.0,,,,14.7,,,7.7,JENISEJ/YENISEY,Selenga River,52.0563888888889,106.667
RUS00002,2020-09-18,,0.5,,,130.0,,,,,,9.7,,3070.0,,,,11.4,,,7.8,JENISEJ/YENISEY,Selenga River,52.0563888888889,106.667
RUS00002,2020-09-29,79.0,1.9,20.4,2.2,150.0,0.14,,4.9,0.08,0.03,10.0,0.0005,2330.0,14.9,5.8,0.02,9.2,8.0,0.0073,7.8,JENISEJ/YENISEY,Selenga River,52.0563888888889,106.667
RUS00002,2020-10-09,,,,,160.0,,,,,,11.9,,1800.0,,,,4.4,,,7.9,JENISEJ/YENISEY,Selenga River,52.0563888888889,106.667
RUS00002,2020-10-20,,2.4,,2.7,170.0,,,,0.05,0.03,12.2,0.0002,1440.0,15.1,,,2.8,8.0,0.0122,7.9,JENISEJ/YENISEY,Selenga River,52.0563888888889,106.667
RUS00002,2020-10-30,,,,,200.0,,,,,,13.6,,1160.0,,,,0.8,,,8.0,JENISEJ/YENISEY,Selenga River,52.0563888888889,106.667
RUS00002,2020-11-10,,,,,220.0,,,,,,13.3,,699.0,,,,0.0,,,8.1,JENISEJ/YENISEY,Selenga River,52.0563888888889,106.667
RUS00002,2020-11-18,104.0,2.6,24.2,3.6,220.0,0.12,,7.4,0.01,0.03,12.7,0.0003,718.0,19.4,6.6,0.03,0.0,2.0,0.0021,8.1,JENISEJ/YENISEY,Selenga River,52.0563888888889,106.667
RUS00002,2020-11-30,,,,,210.0,,,,,,12.9,,367.0,,,,0.0,,,7.8,JENISEJ/YENISEY,Selenga River,52.0563888888889,106.667
RUS00002,2020-12-08,,,,,230.0,,,,,,10.9,,314.0,,,,0.0,,,7.7,JENISEJ/YENISEY,Selenga River,52.0563888888889,106.667
RUS00002,2020-12-16,,2.0,,3.7,230.0,,,,0.05,0.02,10.7,0.0004,298.0,19.5,,,0.0,7.0,0.0064,7.6,JENISEJ/YENISEY,Selenga River,52.0563888888889,106.667
RUS00002,2020-12-25,,,,,220.0,,,,,,10.5,,264.0,,,,0.0,,,7.6,JENISEJ/YENISEY,Selenga River,52.0563888888889,106.667
RUS00002,2021-01-11,,,,,230.0,,,,,,7.7,,168.3,,,,0.0,,,7.2,JENISEJ/YENISEY,Selenga River,52.0563888888889,106.667
RUS00002,2021-01-20,,1.2,,2.8,190.0,,,,0.02,0.34,7.3,0.0007,158.0,17.0,,,0.0,2.0,0.0041,7.4,JENISEJ/YENISEY,Selenga River,52.0563888888889,106.667
RUS00002,2021-01-29,,,,,230.0,,,,,,7.6,,113.5,,,,0.0,,,7.0,JENISEJ/YENISEY,Selenga River,52.0563888888889,106.667
RUS00002,2021-02-10,,,,,220.0,,,,,,7.3,,98.3,,,,0.0,,,7.2,JENISEJ/YENISEY,Selenga River,52.0563888888889,106.667
RUS00002,2021-02-18,116.0,1.1,26.5,2.3,230.0,0.04,,8.6,0.02,0.07,6.8,0.0012,88.4,14.9,6.3,0.04,0.0,2.0,0.0029,7.5,JENISEJ/YENISEY,Selenga River,52.0563888888889,106.667
RUS00002,2021-02-26,,,,,230.0,,,,,,7.3,,84.0,,,,0.0,,,7.2,JENISEJ/YENISEY,Selenga River,52.0563888888889,106.667
RUS00002,2021-03-10,,,,,270.0,,,,,,8.5,,111.0,,,,0.0,,,7.6,JENISEJ/YENISEY,Selenga River,52.0563888888889,106.667
RUS00002,2021-03-18,,2.5,,2.1,240.0,,,,0.02,0.04,8.6,0.0011,94.8,12.5,,,0.0,7.0,0.0104,7.6,JENISEJ/YENISEY,Selenga River,52.0563888888889,106.667
RUS00002,2021-03-30,,,,,250.0,,,,,,11.9,,138.0,,,,0.0,,,7.6,JENISEJ/YENISEY,Selenga River,52.0563888888889,106.667
RUS00002,2021-04-09,,,,,220.0,,,,,,12.8,,276.0,,,,0.2,,,7.9,JENISEJ/YENISEY,Selenga River,52.0563888888889,106.667
RUS00002,2021-04-19,86.0,2.1,20.9,2.0,190.0,0.51,,5.8,0.03,0.1,12.4,0.0007,660.0,20.9,4.5,0.04,0.2,121.0,0.0048,7.9,JENISEJ/YENISEY,Selenga River,52.0563888888889,106.667
RUS00002,2021-04-29,,,,,170.0,,,,,,13.0,,1350.0,,,,4.4,,,7.8,JENISEJ/YENISEY,Selenga River,52.0563888888889,106.667
RUS00002,2021-05-11,,,,,210.0,,,,,,10.5,,1630.0,,,,8.9,,,8.3,JENISEJ/YENISEY,Selenga River,52.0563888888889,106.667
RUS00002,2021-05-19,70.0,1.3,19.6,2.1,120.0,0.32,,3.5,0.03,0.03,9.8,0.0002,1820.0,14.0,4.7,0.04,11.2,89.0,0.0005,8.0,JENISEJ/YENISEY,Selenga River,52.0563888888889,106.667
RUS00002,2021-05-28,,,,,150.0,,,,,,11.4,,2130.0,,,,11.2,,,7.6,JENISEJ/YENISEY,Selenga River,52.0563888888889,106.667
RUS00002,2021-06-03,67.0,1.3,17.4,1.9,150.0,0.31,,4.1,0.01,0.02,10.8,0.0002,2260.0,18.1,4.8,0.03,11.2,25.0,0.009,7.6,JENISEJ/YENISEY,Selenga River,52.0563888888889,106.667
RUS00002,2021-06-21,,,,,150.0,,,,,,9.5,,3380.0,,,,15.6,,,7.6,JENISEJ/YENISEY,Selenga River,52.0563888888889,106.667
RUS00002,2021-06-29,,,,,160.0,,,,,,9.8,,2360.0,,,,18.8,,,7.7,JENISEJ/YENISEY,Selenga River,52.0563888888889,106.667
RUS00002,2021-07-09,,,,,150.0,,,,,,9.1,,3410.0,,,,20.0,,,7.6,JENISEJ/YENISEY,Selenga River,52.0563888888889,106.667
RUS00002,2021-07-16,81.0,1.9,19.0,2.1,170.0,0.34,,4.3,0.03,0.01,9.1,0.0002,3130.0,16.2,6.1,0.06,19.4,12.0,0.0083,7.8,JENISEJ/YENISEY,Selenga River,52.0563888888889,106.667
RUS00002,2021-07-28,,,,,200.0,,,,,,7.9,,3840.0,,,,20.2,,,7.7,JENISEJ/YENISEY,Selenga River,52.0563888888889,106.667
RUS00002,2021-08-10,,,,,200.0,,,,,,8.2,,3740.0,,,,18.2,,,7.6,JENISEJ/YENISEY,Selenga River,52.0563888888889,106.667
RUS00002,2021-08-19,,1.8,,2.2,200.0,,,,0.03,0.01,7.8,0.0002,3660.0,17.2,,,19.1,25.0,0.0006,7.8,JENISEJ/YENISEY,Selenga River,52.0563888888889,106.667
RUS00002,2021-08-31,,,,,190.0,,,,,,8.0,,3860.0,,,,16.1,,,7.1,JENISEJ/YENISEY,Selenga River,52.0563888888889,106.667
RUS00002,2021-09-10,,,,,170.0,,,,,,9.5,,4240.0,,,,11.9,,,7.1,JENISEJ/YENISEY,Selenga River,52.0563888888889,106.667
RUS00002,2021-09-20,116.0,1.6,28.2,2.6,200.0,0.14,,7.2,0.01,0.03,9.1,0.0002,3700.0,16.4,5.5,0.03,14.0,12.0,0.0052,7.8,JENISEJ/YENISEY,Selenga River,52.0563888888889,106.667
RUS00002,2021-09-29,,,,,160.0,,,,,,10.8,,2720.0,,,,8.0,,,7.2,JENISEJ/YENISEY,Selenga River,52.0563888888889,106.667
RUS00002,2021-10-11,,,,,180.0,,,,,,11.9,,2260.0,,,,5.2,,,7.2,JENISEJ/YENISEY,Selenga River,52.0563888888889,106.667
RUS00002,2021-10-20,,2.7,,2.2,190.0,,,,0.02,0.07,12.7,0.0019,1910.0,25.1,,,2.5,15.0,0.0098,8.0,JENISEJ/YENISEY,Selenga River,52.0563888888889,106.667
RUS00002,2021-10-29,,,,,170.0,,,,,,13.1,,731.0,,,,2.3,,,7.2,JENISEJ/YENISEY,Selenga River,52.0563888888889,106.667
RUS00002,2021-11-09,,,,,190.0,,,,,,12.7,,595.0,,,,0.2,,,7.1,JENISEJ/YENISEY,Selenga River,52.0563888888889,106.667
RUS00002,2021-11-18,134.0,2.2,29.6,3.4,210.0,0.13,,9.8,0.02,0.12,13.3,0.0007,432.0,26.6,6.9,0.03,0.0,2.0,0.011,7.9,JENISEJ/YENISEY,Selenga River,52.0563888888889,106.667
RUS00002,2021-11-29,,,,,210.0,,,,,,12.3,,458.0,,,,0.0,,,7.0,JENISEJ/YENISEY,Selenga River,52.0563888888889,106.667
RUS00002,2021-12-09,,,,,190.0,,,,,,12.3,,408.0,,,,0.0,,,6.9,JENISEJ/YENISEY,Selenga River,52.0563888888889,106.667
RUS00002,2021-12-16,,2.9,,5.6,190.0,,,,0.01,0.1,12.0,0.0004,390.0,18.1,,,0.0,8.0,0.0087,6.9,JENISEJ/YENISEY,Selenga River,52.0563888888889,106.667
RUS00002,2021-12-24,,,,,200.0,,,,,,11.0,,374.0,,,,0.0,,,6.8,JENISEJ/YENISEY,Selenga River,52.0563888888889,106.667
RUS00002,2022-01-10,,,,,200.0,,,,,,9.8,,287.0,,,,0.0,,,6.6,JENISEJ/YENISEY,Selenga River,52.0563888888889,106.667
RUS00002,2022-01-20,,2.0,,2.3,210.0,,,,0.06,0.13,8.7,0.0021,205.0,17.0,,,0.0,3.0,0.0082,7.4,JENISEJ/YENISEY,Selenga River,52.0563888888889,106.667
RUS00002,2022-01-28,,,,,200.0,,,,,,9.0,,183.0,,,,0.0,,,6.6,JENISEJ/YENISEY,Selenga River,52.0563888888889,106.667
RUS00002,2022-02-10,,,,,210.0,,,,,,9.3,,148.0,,,,0.0,,,6.6,JENISEJ/YENISEY,Selenga River,52.0563888888889,106.667
RUS00002,2022-02-17,128.0,2.6,30.6,3.8,240.0,0.04,,8.1,0.06,0.17,8.3,0.0002,139.0,21.4,6.6,0.03,0.0,4.0,0.007,7.7,JENISEJ/YENISEY,Selenga River,52.0563888888889,106.667
RUS00002,2022-02-25,,,,,200.0,,,,,,8.3,,142.0,,,,0.0,,,6.5,JENISEJ/YENISEY,Selenga River,52.0563888888889,106.667
RUS00002,2022-03-10,,,,,290.0,,,,,,9.9,,125.0,,,,0.0,,,6.9,JENISEJ/YENISEY,Selenga River,52.0563888888889,106.667
RUS00002,2022-03-17,,2.4,,3.4,240.0,,,,0.05,0.14,9.5,0.0005,123.0,16.6,,,0.0,3.0,0.0005,8.2,JENISEJ/YENISEY,Selenga River,52.0563888888889,106.667
RUS00002,2022-03-30,,,,,210.0,,,,,,12.3,,166.0,,,,0.0,,,7.7,JENISEJ/YENISEY,Selenga River,52.0563888888889,106.667
RUS00002,2022-04-11,,,,,190.0,,,,,,13.4,,212.0,,,,0.0,,,7.9,JENISEJ/YENISEY,Selenga River,52.0563888888889,106.667
RUS00002,2022-04-20,104.0,2.9,24.9,3.1,170.0,0.29,,7.2,0.32,0.19,12.5,0.0007,823.0,20.9,4.4,0.05,0.2,127.0,0.0141,8.0,JENISEJ/YENISEY,Selenga River,52.0563888888889,106.667
RUS00002,2022-04-29,,,,,170.0,,,,,,12.4,,1320.0,,,,4.6,,,8.0,JENISEJ/YENISEY,Selenga River,52.0563888888889,106.667
RUS00002,2022-05-11,,,,,140.0,,,,,,11.0,,1610.0,,,,8.4,,,8.0,JENISEJ/YENISEY,Selenga River,52.0563888888889,106.667
RUS00002,2022-05-18,98.0,3.2,25.4,3.2,180.0,0.13,,5.3,0.03,0.02,10.2,0.0006,1280.0,20.7,4.3,0.03,13.3,18.0,0.0112,7.9,JENISEJ/YENISEY,Selenga River,52.0563888888889,106.667
RUS00002,2022-05-30,,,,,160.0,,,,,,11.0,,1070.0,,,,13.4,,,8.2,JENISEJ/YENISEY,Selenga River,52.0563888888889,106.667
RUS00002,2022-06-10,,,,,140.0,,,,,,10.3,,1370.0,,,,13.8,,,8.0,JENISEJ/YENISEY,Selenga River,52.0563888888889,106.667
RUS00002,2022-06-20,73.0,2.0,18.8,2.1,130.0,0.13,,4.4,0.03,0.01,8.4,0.001,1630.0,23.5,5.1,0.02,20.0,26.0,0.015,8.1,JENISEJ/YENISEY,Selenga River,52.0563888888889,106.667
RUS00002,2022-06-29,,,,,170.0,,,,,,8.0,,1770.0,,,,22.8,,,8.1,JENISEJ/YENISEY,Selenga River,52.0563888888889,106.667
RUS00002,2022-07-08,,,,,170.0,,,,,,10.2,,1290.0,,,,21.2,,,8.4,JENISEJ/YENISEY,Selenga River,52.0563888888889,106.667
RUS00002,2022-07-18,82.0,2.8,23.7,2.4,180.0,0.28,,1.5,0.07,0.07,9.0,0.0002,1790.0,22.5,5.3,0.03,19.8,82.0,0.0086,7.9,JENISEJ/YENISEY,Selenga River,52.0563888888889,106.667
RUS00002,2022-07-29,,,,,170.0,,,,,,8.5,,1940.0,,,,17.6,,,8.1,JENISEJ/YENISEY,Selenga River,52.0563888888889,106.667
RUS00002,2022-08-10,,,,,160.0,,,,,,8.4,,1770.0,,,,18.9,,,8.2,JENISEJ/YENISEY,Selenga River,52.0563888888889,106.667
RUS00002,2022-08-17,,2.0,,2.1,170.0,,,,0.06,0.02,8.4,0.0009,1540.0,13.9,,,19.4,23.0,0.008,8.1,JENISEJ/YENISEY,Selenga River,52.0563888888889,106.667
RUS00002,2022-08-26,,,,,180.0,,,,,,9.5,,1500.0,,,,14.8,,,8.2,JENISEJ/YENISEY,Selenga River,52.0563888888889,106.667
RUS00002,2022-09-09,,,,,170.0,,,,,,9.4,,1270.0,,,,15.4,,,8.3,JENISEJ/YENISEY,Selenga River,52.0563888888889,106.667
RUS00002,2022-09-20,93.0,2.0,23.3,2.4,170.0,0.56,,5.8,0.05,0.01,10.4,0.0002,1160.0,17.0,4.7,0.02,10.8,6.0,0.0013,8.2,JENISEJ/YENISEY,Selenga River,52.0563888888889,106.667
RUS00002,2022-09-29,,,,,160.0,,,,,,11.7,,1270.0,,,,9.2,,,8.2,JENISEJ/YENISEY,Selenga River,52.0563888888889,106.667
RUS00002,2022-10-10,,,,,160.0,,,,,,13.4,,1090.0,,,,4.2,,,8.0,JENISEJ/YENISEY,Selenga River,52.0563888888889,106.667
RUS00002,2022-10-19,,2.5,,3.1,190.0,,,,0.05,0.05,12.7,0.0002,980.0,23.1,,,2.6,4.0,0.0048,8.2,JENISEJ/YENISEY,Selenga River,52.0563888888889,106.667
RUS00002,2022-10-28,,,,,180.0,,,,,,13.6,,877.0,,,,1.2,,,8.1,JENISEJ/YENISEY,Selenga River,52.0563888888889,106.667
RUS00002,2022-11-10,,,,,210.0,,,,,,13.8,,348.0,,,,0.0,,,8.0,JENISEJ/YENISEY,Selenga River,52.0563888888889,106.667
RUS00002,2022-11-17,122.0,2.5,24.9,3.6,210.0,0.1,,10.6,0.06,0.22,13.2,0.0002,262.0,34.0,6.2,0.02,0.0,2.0,0.0035,8.0,JENISEJ/YENISEY,Selenga River,52.0563888888889,106.667
RUS00002,2022-11-30,,,,,240.0,,,,,,13.0,,167.0,,,,0.0,,,8.0,JENISEJ/YENISEY,Selenga River,52.0563888888889,106.667
RUS00002,2022-12-09,,,,,220.0,,,,,,11.4,,188.0,,,,0.0,,,7.6,JENISEJ/YENISEY,Selenga River,52.0563888888889,106.667
RUS00002,2022-12-20,,1.4,,3.0,200.0,,,,0.05,0.46,9.1,0.0004,194.0,23.4,,,0.0,3.0,0.0129,8.6,JENISEJ/YENISEY,Selenga River,52.0563888888889,106.667
RUS00002,2022-12-26,,,,,200.0,,,,,,9.1,,187.0,,,,0.0,,,7.4,JENISEJ/YENISEY,Selenga River,52.0563888888889,106.667
RUS00021,2015-06-27,63.0,2.0,10.8,0.8,1180.0,0.01,,5.1,0.01,0.01,11.7,,,5.7,1.9,0.02,5.5,2.0,0.0036,7.6,JENISEJ/YENISEY,Baikal Lake - Listvyanka,51.6666666666667,105.0
RUS00021,2015-09-11,65.0,1.4,11.8,0.8,1215.0,0.01,0.05,5.2,0.01,0.04,10.8,0.001,,5.5,0.1,0.02,15.2,2.0,0.009,7.8,JENISEJ/YENISEY,Baikal Lake - Listvyanka,51.6666666666667,105.0
RUS00021,2015-10-21,62.0,,11.8,0.6,1205.0,0.09,0.05,5.4,0.01,0.01,10.5,0.0026,,5.1,0.4,0.02,7.8,2.0,0.0017,7.7,JENISEJ/YENISEY,Baikal Lake - Listvyanka,51.6666666666667,105.0
RUS00021,2016-06-16,61.0,1.4,9.4,0.7,1230.0,0.01,0.05,6.6,0.01,0.01,12.1,0.001,,4.9,0.7,0.02,3.6,2.0,0.001,7.6,JENISEJ/YENISEY,Baikal Lake - Listvyanka,51.6666666666667,105.0
RUS00021,2016-09-07,66.0,1.3,10.8,0.7,1205.0,0.03,0.05,7.4,0.01,0.01,11.1,0.001,,5.8,0.4,0.02,4.2,2.0,0.003,7.8,JENISEJ/YENISEY,Baikal Lake - Listvyanka,51.6666666666667,105.0
RUS00021,2016-10-27,65.0,1.0,10.8,0.7,1218.0,0.01,0.05,6.1,0.01,0.01,10.7,0.002,,5.9,0.4,0.02,8.2,2.0,0.001,7.8,JENISEJ/YENISEY,Baikal Lake - Listvyanka,51.6666666666667,105.0
RUS00021,2017-06-20,63.0,1.9,8.4,0.7,1222.0,,,7.7,0.01,0.01,11.6,,,5.8,0.2,0.02,4.0,2.0,,7.7,JENISEJ/YENISEY,Baikal Lake - Listvyanka,51.6666666666667,105.0
RUS00021,2017-09-05,63.0,1.5,13.6,0.6,1147.0,0.01,0.05,5.2,0.01,0.01,11.8,0.001,,5.6,0.4,0.02,3.9,2.0,0.004,7.9,JENISEJ/YENISEY,Baikal Lake - Listvyanka,51.6666666666667,105.0
RUS00021,2018-07-04,66.0,1.4,9.6,0.8,1230.0,0.01,0.05,6.9,0.01,0.01,10.9,0.004,,7.3,0.6,0.02,4.4,2.0,0.001,7.7,JENISEJ/YENISEY,Baikal Lake - Listvyanka,51.6666666666667,105.0
RUS00021,2018-09-15,62.0,1.1,9.2,0.6,1190.0,0.01,0.05,6.4,0.02,0.02,11.6,0.004,,6.4,0.7,0.02,6.0,2.0,0.001,7.8,JENISEJ/YENISEY,Baikal Lake - Listvyanka,51.6666666666667,105.0
RUS00021,2019-06-15,70.0,0.9,13.6,0.6,1254.0,0.02,0.05,5.4,0.02,0.11,10.1,0.005,,5.9,0.7,0.02,4.0,2.0,0.006,7.7,JENISEJ/YENISEY,Baikal Lake - Listvyanka,51.6666666666667,105.0
RUS00021,2019-09-11,62.0,1.4,11.0,0.6,1244.0,0.03,0.05,5.0,0.02,0.09,10.8,0.005,,6.5,0.6,0.02,4.5,2.0,0.004,7.7,JENISEJ/YENISEY,Baikal Lake - Listvyanka,51.6666666666667,105.0
RUS00021,2019-10-20,63.0,0.5,7.8,0.6,1148.0,,,7.1,0.01,0.01,10.6,,,6.2,0.4,0.02,7.6,2.0,,7.4,JENISEJ/YENISEY,Baikal Lake - Listvyanka,51.6666666666667,105.0
RUS00021,2020-06-20,62.0,0.5,11.4,0.6,1238.0,0.04,0.05,4.7,0.01,0.11,12.6,0.005,,5.7,0.9,0.03,4.9,2.0,0.002,7.7,JENISEJ/YENISEY,Baikal Lake - Listvyanka,51.6666666666667,105.0
RUS00021,2020-09-02,62.0,1.1,10.8,0.6,1238.0,0.03,0.05,5.0,0.01,0.01,9.5,0.005,,5.6,0.5,0.02,9.0,2.0,0.003,7.7,JENISEJ/YENISEY,Baikal Lake - Listvyanka,51.6666666666667,105.0
RUS00021,2020-10-26,64.0,0.8,11.0,0.6,1144.0,,,5.2,0.01,0.08,10.8,,,5.0,0.3,0.02,4.9,2.0,,8.0,JENISEJ/YENISEY,Baikal Lake - Listvyanka,51.6666666666667,105.0
RUS00021,2021-06-23,66.0,1.3,10.4,0.6,1201.0,0.03,0.05,5.8,0.01,0.09,11.5,0.005,,6.0,0.05,0.02,4.3,2.0,0.002,7.8,JENISEJ/YENISEY,Baikal Lake - Listvyanka,51.6666666666667,105.0
RUS00021,2021-09-04,67.0,0.5,9.6,0.6,1206.0,0.01,0.05,6.3,0.01,0.13,10.3,0.005,,6.5,0.8,0.02,7.6,2.0,0.001,7.7,JENISEJ/YENISEY,Baikal Lake - Listvyanka,51.6666666666667,105.0
RUS00021,2021-10-26,68.0,0.8,11.2,0.6,1216.0,0.01,0.05,6.0,0.01,0.05,11.3,0.005,,5.0,0.5,0.02,6.8,2.0,0.001,7.9,JENISEJ/YENISEY,Baikal Lake - Listvyanka,51.6666666666667,105.0
RUS00021,2022-06-29,65.0,0.5,11.6,0.7,1220.0,0.01,0.05,6.2,0.01,0.06,10.1,0.005,,6.2,0.5,0.02,10.1,2.0,0.0005,7.8,JENISEJ/YENISEY,Baikal Lake - Listvyanka,51.6666666666667,105.0
RUS00021,2022-09-02,65.0,0.5,10.8,0.7,1180.0,0.0,0.05,6.6,0.01,0.08,9.1,0.005,,7.0,1.0,0.03,8.8,2.0,0.0005,7.7,JENISEJ/YENISEY,Baikal Lake - Listvyanka,51.6666666666667,105.0
RUS00021,2022-10-22,61.0,0.5,10.8,0.8,1205.0,0.0,0.05,6.4,0.01,0.02,10.1,0.005,,6.4,0.5,0.02,7.2,2.0,0.0005,8.0,JENISEJ/YENISEY,Baikal Lake - Listvyanka,51.6666666666667,105.0
RUS00022,2015-06-27,64.0,0.9,11.6,0.8,1208.0,0.01,,4.9,0.01,0.04,12.5,,,5.7,1.2,0.02,6.4,2.0,0.0029,7.9,JENISEJ/YENISEY,Baikal Lake - Kransni,52.3333333333333,106.0
RUS00022,2015-09-12,63.0,1.3,12.2,0.8,1219.0,0.02,0.05,5.3,0.01,0.01,10.4,0.0037,,5.8,0.2,0.02,9.2,2.0,0.004,7.7,JENISEJ/YENISEY,Baikal Lake - Kransni,52.3333333333333,106.0
RUS00022,2015-10-21,63.0,,12.0,0.6,1198.0,,0.05,5.2,0.01,0.01,10.5,0.001,,4.5,0.4,0.02,7.6,2.0,0.0011,7.9,JENISEJ/YENISEY,Baikal Lake - Kransni,52.3333333333333,106.0
RUS00022,2016-06-16,62.0,1.2,10.0,0.7,1223.0,0.01,0.05,6.7,0.01,0.01,10.9,0.002,,7.8,0.5,0.02,4.5,2.0,0.001,7.6,JENISEJ/YENISEY,Baikal Lake - Kransni,52.3333333333333,106.0
RUS00022,2016-09-08,66.0,1.5,11.2,0.8,1215.0,0.04,0.05,6.4,0.02,0.01,11.3,0.001,,5.5,0.3,0.02,7.0,2.0,0.003,7.7,JENISEJ/YENISEY,Baikal Lake - Kransni,52.3333333333333,106.0
RUS00022,2016-10-19,64.0,0.5,11.4,0.7,1225.0,,,6.0,0.1,0.01,10.4,,,5.9,0.5,0.02,9.6,2.0,,7.5,JENISEJ/YENISEY,Baikal Lake - Kransni,52.3333333333333,106.0
RUS00022,2017-06-21,63.0,1.2,6.2,0.8,1223.0,,,7.2,0.01,0.01,11.6,,,6.2,0.2,0.02,4.0,2.0,,7.7,JENISEJ/YENISEY,Baikal Lake - Kransni,52.3333333333333,106.0
RUS00022,2017-09-06,66.0,1.8,13.4,0.7,1190.0,0.01,0.05,5.1,0.01,0.01,11.8,0.002,,5.3,0.4,0.02,5.8,2.0,0.004,7.7,JENISEJ/YENISEY,Baikal Lake - Kransni,52.3333333333333,106.0
RUS00022,2018-07-04,66.0,1.4,9.4,0.8,1224.0,0.02,0.05,6.9,0.01,0.01,12.0,0.004,,7.0,0.6,0.02,5.0,2.0,0.003,7.7,JENISEJ/YENISEY,Baikal Lake - Kransni,52.3333333333333,106.0
RUS00022,2018-07-05,67.0,1.1,8.8,0.7,1224.0,0.02,0.05,7.4,0.01,0.05,11.8,0.003,,7.1,0.6,0.02,4.8,2.0,0.003,7.7,JENISEJ/YENISEY,Baikal Lake - Kransni,52.3333333333333,106.0
RUS00022,2018-09-16,62.0,2.5,9.2,1.1,1200.0,0.04,0.05,6.1,0.02,0.01,9.9,0.004,,5.7,0.6,0.02,10.8,2.0,0.001,7.7,JENISEJ/YENISEY,Baikal Lake - Kransni,52.3333333333333,106.0
RUS00022,2019-06-16,63.0,1.3,13.6,0.6,1249.0,0.02,0.05,6.3,0.01,0.11,10.0,0.005,,6.4,0.5,0.02,6.0,2.0,0.004,7.7,JENISEJ/YENISEY,Baikal Lake - Kransni,52.3333333333333,106.0
RUS00022,2019-09-11,62.0,0.9,10.6,0.7,1233.0,0.03,0.05,5.1,0.01,0.01,9.5,0.005,,6.9,0.5,0.03,12.8,2.0,0.004,7.6,JENISEJ/YENISEY,Baikal Lake - Kransni,52.3333333333333,106.0
RUS00022,2019-10-20,64.0,0.8,8.2,0.6,1161.0,,,6.9,0.01,0.01,10.3,,,5.7,0.5,0.02,9.8,2.0,,7.4,JENISEJ/YENISEY,Baikal Lake - Kransni,52.3333333333333,106.0
RUS00022,2020-06-21,63.0,0.8,11.4,0.6,1228.0,0.03,0.05,4.7,0.01,0.09,11.6,0.005,,7.1,0.8,0.02,5.8,2.0,0.002,7.8,JENISEJ/YENISEY,Baikal Lake - Kransni,52.3333333333333,106.0
RUS00022,2020-09-02,64.0,0.8,11.2,0.6,1245.0,0.05,0.05,5.0,0.02,0.09,9.7,0.005,,5.2,0.7,0.02,5.0,2.0,0.005,7.7,JENISEJ/YENISEY,Baikal Lake - Kransni,52.3333333333333,106.0
RUS00022,2020-10-26,63.0,0.8,11.6,0.6,1228.0,,,5.0,0.01,0.03,10.5,,,4.8,0.6,0.02,6.1,2.0,,7.9,JENISEJ/YENISEY,Baikal Lake - Kransni,52.3333333333333,106.0
RUS00022,2021-06-24,64.0,0.8,11.2,0.6,1191.0,0.03,0.05,5.8,0.01,0.07,11.4,0.005,,5.6,0.05,0.02,5.0,2.0,0.002,7.9,JENISEJ/YENISEY,Baikal Lake - Kransni,52.3333333333333,106.0
RUS00022,2021-09-05,66.0,0.5,10.2,0.6,1242.0,0.01,0.05,5.8,0.01,0.11,11.2,0.005,,7.3,0.3,0.02,5.9,2.0,0.001,8.1,JENISEJ/YENISEY,Baikal Lake - Kransni,52.3333333333333,106.0
RUS00022,2021-10-25,68.0,0.8,11.8,0.6,1212.0,0.01,0.05,5.8,0.01,0.02,10.5,0.005,,4.8,0.3,0.02,7.6,2.0,0.001,8.0,JENISEJ/YENISEY,Baikal Lake - Kransni,52.3333333333333,106.0
RUS00022,2022-06-28,63.0,0.5,12.4,0.8,1211.0,0.0,0.05,6.7,0.01,0.07,10.0,0.005,,6.6,0.6,0.02,5.0,2.0,0.0005,8.0,JENISEJ/YENISEY,Baikal Lake - Kransni,52.3333333333333,106.0
RUS00022,2022-09-05,64.0,0.8,10.8,0.8,1210.0,0.0,0.05,6.1,0.01,0.09,9.8,0.005,,7.3,0.4,0.03,6.0,2.0,0.0005,7.7,JENISEJ/YENISEY,Baikal Lake - Kransni,52.3333333333333,106.0
RUS00022,2022-10-22,61.0,0.5,11.4,0.7,1210.0,0.004,0.05,6.6,0.01,0.03,9.7,0.005,,7.3,0.6,0.02,7.4,2.0,0.0005,8.2,JENISEJ/YENISEY,Baikal Lake - Kransni,52.3333333333333,106.0
RUS00023,2015-06-28,64.0,1.7,11.8,0.7,1206.0,0.01,,4.6,0.01,0.01,13.0,,,5.7,1.1,0.02,4.8,2.0,0.001,8.0,JENISEJ/YENISEY,Baikal Lake - Vshkani,53.8333333333333,108.666666666667
RUS00023,2015-09-13,65.0,0.8,12.2,0.8,1227.0,0.07,0.05,5.2,0.01,0.01,10.4,0.0012,,5.3,0.2,0.02,11.2,2.0,0.0051,7.8,JENISEJ/YENISEY,Baikal Lake - Vshkani,53.8333333333333,108.666666666667
RUS00023,2015-10-20,64.0,1.1,11.6,0.6,1169.0,0.04,0.05,5.4,0.01,0.01,10.7,0.0011,,4.7,0.5,0.02,7.5,2.0,0.0019,7.7,JENISEJ/YENISEY,Baikal Lake - Vshkani,53.8333333333333,108.666666666667
RUS00023,2016-06-28,62.0,1.2,10.8,0.6,1240.0,0.01,0.05,6.1,0.01,0.04,11.3,0.001,,7.6,0.5,0.02,7.0,2.0,0.001,7.6,JENISEJ/YENISEY,Baikal Lake - Vshkani,53.8333333333333,108.666666666667
RUS00023,2016-09-10,66.0,1.2,10.8,0.6,1209.0,0.03,0.05,6.4,0.02,0.01,11.0,0.001,,6.4,0.4,0.02,16.0,2.0,0.003,7.8,JENISEJ/YENISEY,Baikal Lake - Vshkani,53.8333333333333,108.666666666667
RUS00023,2016-10-21,65.0,0.9,11.0,0.8,1225.0,0.01,0.05,6.3,0.03,0.01,10.7,0.001,,5.7,0.4,0.02,8.8,2.0,0.002,7.7,JENISEJ/YENISEY,Baikal Lake - Vshkani,53.8333333333333,108.666666666667
RUS00023,2017-06-23,64.0,1.3,9.0,0.7,1235.0,,,7.5,0.01,0.01,12.0,,,5.9,0.6,0.02,4.0,2.0,,7.7,JENISEJ/YENISEY,Baikal Lake - Vshkani,53.8333333333333,108.666666666667
RUS00023,2017-09-27,63.0,0.5,9.0,0.6,1188.0,0.04,0.05,6.2,0.01,0.01,10.7,0.002,,5.5,0.6,0.02,6.2,2.0,0.004,7.9,JENISEJ/YENISEY,Baikal Lake - Vshkani,53.8333333333333,108.666666666667
RUS00023,2017-10-03,66.0,1.1,12.6,0.7,1169.0,0.02,0.05,5.4,0.01,0.01,10.7,0.001,,5.1,0.5,0.02,8.8,2.0,0.004,7.8,JENISEJ/YENISEY,Baikal Lake - Vshkani,53.8333333333333,108.666666666667
RUS00023,2018-07-16,63.0,2.0,8.2,0.8,1230.0,0.01,0.05,7.9,0.01,0.01,11.2,0.004,,5.9,0.5,0.02,4.5,2.0,0.002,7.8,JENISEJ/YENISEY,Baikal Lake - Vshkani,53.8333333333333,108.666666666667
RUS00023,2018-09-23,62.0,0.6,10.6,0.8,1181.0,0.02,0.05,6.6,0.01,0.01,9.7,0.004,,6.1,0.7,0.02,11.0,2.0,0.001,7.9,JENISEJ/YENISEY,Baikal Lake - Vshkani,53.8333333333333,108.666666666667
RUS00023,2019-06-27,63.0,0.7,13.2,0.7,1244.0,0.02,0.05,5.4,0.02,0.08,10.7,0.005,,6.6,0.7,0.02,5.0,2.0,0.003,7.7,JENISEJ/YENISEY,Baikal Lake - Vshkani,53.8333333333333,108.666666666667
RUS00023,2019-09-17,63.0,1.9,11.2,0.7,1229.0,0.03,0.05,4.6,0.01,0.02,10.8,0.005,,6.3,0.7,0.02,7.2,2.0,0.002,7.9,JENISEJ/YENISEY,Baikal Lake - Vshkani,53.8333333333333,108.666666666667
RUS00023,2019-10-17,64.0,0.8,8.6,0.6,1176.0,,,6.6,0.01,0.01,10.5,,,5.9,0.5,0.02,9.0,2.0,,7.6,JENISEJ/YENISEY,Baikal Lake - Vshkani,53.8333333333333,108.666666666667
RUS00023,2020-06-23,61.0,0.8,11.6,0.6,1233.0,0.03,0.05,4.3,0.01,0.1,11.9,0.005,,6.4,0.6,0.02,4.7,2.0,0.002,7.8,JENISEJ/YENISEY,Baikal Lake - Vshkani,53.8333333333333,108.666666666667
RUS00023,2020-09-05,63.0,0.8,10.8,0.6,1213.0,0.05,0.05,5.2,0.03,0.07,9.2,0.005,,5.6,0.8,0.02,6.0,2.0,0.006,7.2,JENISEJ/YENISEY,Baikal Lake - Vshkani,53.8333333333333,108.666666666667
RUS00023,2020-10-25,64.0,0.8,10.8,0.6,1234.0,,,5.2,0.01,0.04,10.7,,,5.0,0.6,0.02,6.0,2.0,,7.9,JENISEJ/YENISEY,Baikal Lake - Vshkani,53.8333333333333,108.666666666667
RUS00023,2021-06-27,65.0,1.5,10.6,0.6,1204.0,0.03,0.05,6.1,0.01,0.06,12.0,0.005,,6.4,0.8,0.02,5.8,2.0,0.002,7.9,JENISEJ/YENISEY,Baikal Lake - Vshkani,53.8333333333333,108.666666666667
RUS00023,2021-09-10,69.0,1.5,10.8,0.6,1190.0,0.01,0.05,5.8,0.02,0.01,11.5,0.005,,6.3,1.1,0.02,13.6,2.0,0.001,7.9,JENISEJ/YENISEY,Baikal Lake - Vshkani,53.8333333333333,108.666666666667
RUS00023,2021-10-23,68.0,0.8,10.8,0.6,1215.0,0.01,0.05,6.3,0.01,0.03,11.3,0.005,,5.0,0.3,0.02,7.0,2.0,0.001,7.9,JENISEJ/YENISEY,Baikal Lake - Vshkani,53.8333333333333,108.666666666667
RUS00023,2022-06-16,64.0,1.1,12.0,0.7,1205.0,0.01,0.05,6.3,0.01,0.06,10.3,0.005,,5.9,0.7,0.02,3.2,2.0,0.0005,7.9,JENISEJ/YENISEY,Baikal Lake - Vshkani,53.8333333333333,108.666666666667
RUS00023,2022-09-07,65.0,0.5,12.0,0.8,1234.0,0.004,0.05,6.0,0.01,0.03,9.2,0.005,,7.4,0.7,0.03,9.2,2.0,0.0005,8.1,JENISEJ/YENISEY,Baikal Lake - Vshkani,53.8333333333333,108.666666666667
RUS00023,2022-10-21,62.0,1.4,11.6,0.9,1225.0,0.01,0.05,6.7,0.01,0.03,9.7,0.005,,6.6,0.3,0.02,7.4,2.0,0.0005,8.0,JENISEJ/YENISEY,Baikal Lake - Vshkani,53.8333333333333,108.666666666667
RUS00024,2015-06-28,64.0,1.7,12.0,0.7,1204.0,0.01,,4.7,0.01,0.02,12.5,,,5.7,1.2,0.02,4.0,2.0,0.0014,7.9,JENISEJ/YENISEY,Baikal Lake - Uzur,53.1666666666667,108.0
RUS00024,2015-09-13,63.0,1.1,12.6,0.8,1219.0,0.01,0.05,5.0,0.01,0.01,10.8,0.0044,,5.0,0.1,0.02,10.1,2.0,0.0037,7.8,JENISEJ/YENISEY,Baikal Lake - Uzur,53.1666666666667,108.0
RUS00024,2015-10-20,64.0,,11.8,0.6,1171.0,,0.05,5.4,0.01,0.01,10.7,0.001,,4.9,0.5,0.02,7.0,2.0,0.0071,7.8,JENISEJ/YENISEY,Baikal Lake - Uzur,53.1666666666667,108.0
RUS00024,2016-06-29,62.0,1.4,10.8,0.7,1236.0,0.01,0.05,6.1,0.01,0.04,11.0,0.001,,7.3,0.5,0.02,5.3,2.0,0.001,7.5,JENISEJ/YENISEY,Baikal Lake - Uzur,53.1666666666667,108.0
RUS00024,2016-09-09,65.0,1.7,10.0,0.7,1208.0,0.02,0.05,6.9,0.01,0.01,10.5,0.001,,5.8,0.2,0.02,13.2,2.0,0.001,7.6,JENISEJ/YENISEY,Baikal Lake - Uzur,53.1666666666667,108.0
RUS00024,2016-10-26,65.0,0.5,12.0,0.7,1231.0,0.01,0.05,6.0,0.01,0.01,11.0,0.001,,5.7,0.3,0.02,7.2,2.0,0.002,7.8,JENISEJ/YENISEY,Baikal Lake - Uzur,53.1666666666667,108.0
RUS00024,2017-06-22,63.0,0.5,8.4,0.6,1241.0,,,7.5,0.01,0.01,11.4,,,6.9,0.4,0.02,3.8,2.0,,7.8,JENISEJ/YENISEY,Baikal Lake - Uzur,53.1666666666667,108.0
RUS00024,2017-10-03,62.0,1.0,12.4,0.6,1175.0,0.03,0.05,5.6,0.01,0.01,10.8,0.001,,4.9,0.4,0.02,8.1,2.0,0.004,7.8,JENISEJ/YENISEY,Baikal Lake - Uzur,53.1666666666667,108.0
RUS00024,2018-07-07,66.0,2.2,10.4,0.8,1230.0,0.02,0.05,6.5,0.01,0.01,11.6,0.004,,6.6,0.3,0.02,4.2,2.0,0.002,7.9,JENISEJ/YENISEY,Baikal Lake - Uzur,53.1666666666667,108.0
RUS00024,2018-09-22,62.0,0.7,11.0,0.7,1204.0,0.02,0.05,6.4,0.01,0.01,10.0,0.004,,6.2,0.4,0.02,4.5,2.0,0.002,7.9,JENISEJ/YENISEY,Baikal Lake - Uzur,53.1666666666667,108.0
RUS00024,2019-06-17,63.0,1.4,12.2,0.6,1230.0,0.02,0.05,6.6,0.02,0.08,11.9,0.005,,5.6,0.2,0.02,5.5,2.0,0.007,7.8,JENISEJ/YENISEY,Baikal Lake - Uzur,53.1666666666667,108.0
RUS00024,2019-09-13,61.0,0.9,11.8,0.6,1235.0,0.03,0.05,4.9,0.02,0.02,9.7,0.005,,6.0,1.5,0.02,3.8,2.0,0.003,7.7,JENISEJ/YENISEY,Baikal Lake - Uzur,53.1666666666667,108.0
RUS00024,2019-10-18,63.0,0.5,7.6,0.6,1214.0,,,7.1,0.01,0.01,10.3,,,5.5,0.5,0.02,10.0,2.0,,7.4,JENISEJ/YENISEY,Baikal Lake - Uzur,53.1666666666667,108.0
RUS00024,2020-06-22,61.0,0.8,11.6,0.6,1250.0,0.04,0.05,4.5,0.01,0.09,12.0,0.005,,6.2,0.1,0.02,4.5,2.0,0.002,7.7,JENISEJ/YENISEY,Baikal Lake - Uzur,53.1666666666667,108.0
RUS00024,2020-09-04,62.0,0.8,10.2,0.6,1189.0,0.05,0.05,5.0,0.02,0.03,9.6,0.005,,5.8,0.3,0.02,16.0,2.0,0.005,8.1,JENISEJ/YENISEY,Baikal Lake - Uzur,53.1666666666667,108.0
RUS00024,2020-10-25,62.0,0.8,11.2,0.6,1230.0,,,5.1,0.01,0.03,10.7,,,5.2,0.5,0.02,5.8,2.0,,7.9,JENISEJ/YENISEY,Baikal Lake - Uzur,53.1666666666667,108.0
RUS00024,2021-06-25,64.0,1.1,10.6,0.6,1203.0,0.03,0.05,6.2,0.01,0.06,12.0,0.005,,5.9,0.5,0.02,4.4,2.0,0.002,8.0,JENISEJ/YENISEY,Baikal Lake - Uzur,53.1666666666667,108.0
RUS00024,2021-09-09,64.0,1.1,10.4,0.6,1218.0,0.01,0.05,6.0,0.02,0.08,10.3,0.005,,6.1,0.5,0.02,6.5,2.0,0.001,7.7,JENISEJ/YENISEY,Baikal Lake - Uzur,53.1666666666667,108.0
RUS00024,2021-10-24,66.0,0.8,11.6,0.6,1229.0,0.01,0.05,6.4,0.01,0.03,10.7,0.005,,5.2,0.6,0.02,6.0,2.0,0.001,8.0,JENISEJ/YENISEY,Baikal Lake - Uzur,53.1666666666667,108.0
RUS00024,2022-06-25,63.0,0.5,12.4,0.7,1229.0,0.02,0.05,6.6,0.01,0.07,8.9,0.005,,6.8,0.5,0.02,5.0,2.0,0.0005,7.8,JENISEJ/YENISEY,Baikal Lake - Uzur,53.1666666666667,108.0
RUS00024,2022-09-19,64.0,0.5,11.2,0.8,1216.0,0.004,0.05,6.3,0.01,0.07,9.2,0.005,,6.5,0.4,0.03,4.6,2.0,0.0005,7.8,JENISEJ/YENISEY,Baikal Lake - Uzur,53.1666666666667,108.0
RUS00024,2022-10-21,62.0,0.5,11.2,0.9,1196.0,0.004,0.05,6.7,0.01,0.01,9.7,0.005,,7.1,0.5,0.02,8.0,2.0,0.0005,8.1,JENISEJ/YENISEY,Baikal Lake - Uzur,53.1666666666667,108.0
