Station,Date,Time,Cl-Dis,EC,NH3N,O2-Dis,SiO2-Rea,TDP,TEMP,TN,TP,TRANS,TSS,pH,Station Identifier,Latitude,Longitude
JPN00016,2015-08-27,,6.72,134.2,0.05,13.2,,,3.97,0.07,0.003,17.2,0.06,7.53,Lake Mashu - Deepest Point,43.5877777777778,144.530833333333
JPN00016,2016-09-02,,6.59,146.6,0.05,12.3,,0.00056,4.06,0.07,0.003,,,7.34,Lake Mashu - Deepest Point,43.5877777777778,144.530833333333
JPN00016,2016-09-03,,6.56,145.2,0.05,12.3,,0.00042,4.93,0.06,0.003,7.5,,8.43,Lake Mashu - Deepest Point,43.5877777777778,144.530833333333
JPN00016,2016-09-04,,6.79,153.6,0.05,12.1,,0.00075,4.08,0.08,0.003,,,6.8,Lake Mashu - Deepest Point,43.5877777777778,144.530833333333
JPN00016,2017-09-04,,6.49,148.8,0.05,10.8,,0.00041,3.89,0.13,0.003,,0.31,7.5,Lake Mashu - Deepest Point,43.5877777777778,144.530833333333
JPN00016,2017-09-05,,6.5,144.1,0.05,12.2,,0.00047,8.07,0.1,0.003,,0.29,8.03,Lake Mashu - Deepest Point,43.5877777777778,144.530833333333
JPN00016,2017-09-06,,6.45,137.2,0.05,9.3,,0.00032,10.84,0.1,0.003,19.0,0.41,8.35,Lake Mashu - Deepest Point,43.5877777777778,144.530833333333
JPN00016,2018-09-03,,6.6,148.2,0.05,11.0,11.0,,3.8,0.07,0.002,,,6.92,Lake Mashu - Deepest Point,43.5877777777778,144.530833333333
JPN00016,2018-09-06,,6.6,128.8,0.05,9.4,10.0,,7.2,0.07,0.002,18.1,,7.47,Lake Mashu - Deepest Point,43.5877777777778,144.530833333333
JPN00016,2019-09-02,,6.5,128.9,0.05,12.8,11.0,,5.2,0.07,0.002,18.5,,7.12,Lake Mashu - Deepest Point,43.5877777777778,144.530833333333
JPN00016,2020-08-25,,6.6,130.3,0.05,12.79,11.0,,19.56,0.13,0.002,21.1,,7.64,Lake Mashu - Deepest Point,43.5877777777778,144.530833333333
JPN00016,2021-08-03,,6.7,131.4,0.05,8.32,11.0,,21.94,0.09,0.002,25.8,,8.23,Lake Mashu - Deepest Point,43.5877777777778,144.530833333333
JPN00019,2015-01-05,,9.7,,0.01,10.7,0.5,,9.3,0.3,0.006,8.1,1.0,7.5,Lake Biwa - North Center,35.3916666666667,136.135277777778
JPN00019,2015-02-02,,9.8,,0.01,11.0,0.8,,7.7,0.32,0.009,6.1,1.3,7.4,Lake Biwa - North Center,35.3916666666667,136.135277777778
JPN00019,2015-03-02,,9.7,,0.01,11.5,0.8,,7.3,0.31,0.009,5.8,1.0,7.5,Lake Biwa - North Center,35.3916666666667,136.135277777778
JPN00019,2015-04-06,,9.7,,0.01,12.2,0.5,,9.4,0.31,0.006,6.0,1.0,7.6,Lake Biwa - North Center,35.3916666666667,136.135277777778
JPN00019,2015-05-11,,9.6,,0.01,11.0,0.3,,13.6,0.29,0.005,9.9,1.0,7.6,Lake Biwa - North Center,35.3916666666667,136.135277777778
JPN00019,2015-06-01,,9.7,,0.02,10.4,0.4,,17.0,0.28,0.007,8.0,1.0,7.9,Lake Biwa - North Center,35.3916666666667,136.135277777778
JPN00019,2015-07-06,,9.7,,0.01,10.0,0.8,,22.6,0.23,0.009,4.1,1.5,8.5,Lake Biwa - North Center,35.3916666666667,136.135277777778
JPN00019,2015-08-03,,9.3,,0.01,8.8,1.3,,28.8,0.16,0.007,7.2,1.0,8.6,Lake Biwa - North Center,35.3916666666667,136.135277777778
JPN00019,2015-09-07,,9.3,,0.01,8.6,1.5,,25.5,0.18,0.009,6.3,1.0,8.0,Lake Biwa - North Center,35.3916666666667,136.135277777778
JPN00019,2015-10-05,,9.2,,0.01,8.9,1.0,,22.3,0.19,0.007,5.9,1.1,7.8,Lake Biwa - North Center,35.3916666666667,136.135277777778
JPN00019,2015-11-02,,9.4,,0.01,8.9,0.8,,17.6,0.19,0.007,6.7,1.0,7.6,Lake Biwa - North Center,35.3916666666667,136.135277777778
JPN00019,2015-12-07,,9.4,,0.01,9.8,0.4,,13.7,0.21,0.007,7.3,1.0,7.7,Lake Biwa - North Center,35.3916666666667,136.135277777778
JPN00019,2016-01-04,,9.4,,0.01,10.2,0.7,,11.0,0.22,0.004,7.9,1.0,7.5,Lake Biwa - North Center,35.3916666666667,136.135277777778
JPN00019,2016-02-01,,9.5,,0.01,10.4,1.2,,8.7,0.3,0.008,8.0,1.0,7.6,Lake Biwa - North Center,35.3916666666667,136.135277777778
JPN00019,2016-03-07,,9.6,,0.01,10.8,1.6,,8.8,0.31,0.007,7.5,1.0,7.6,Lake Biwa - North Center,35.3916666666667,136.135277777778
JPN00019,2016-04-04,,9.6,,0.01,12.4,1.5,,10.3,0.31,0.012,4.9,1.0,7.9,Lake Biwa - North Center,35.3916666666667,136.135277777778
JPN00019,2016-05-09,,9.7,,0.01,11.8,1.6,,14.0,0.35,0.013,4.5,1.9,7.9,Lake Biwa - North Center,35.3916666666667,136.135277777778
JPN00019,2016-06-06,,9.6,,0.01,10.6,1.1,,19.4,0.22,0.008,4.7,1.0,8.0,Lake Biwa - North Center,35.3916666666667,136.135277777778
JPN00019,2016-07-04,,9.4,,0.01,9.5,0.8,,25.4,0.18,0.01,7.1,1.0,7.8,Lake Biwa - North Center,35.3916666666667,136.135277777778
JPN00019,2016-08-01,,9.2,,0.01,8.9,1.3,,28.0,0.18,0.009,5.8,1.0,8.1,Lake Biwa - North Center,35.3916666666667,136.135277777778
JPN00019,2016-09-05,,9.5,,0.01,8.3,1.1,,27.4,0.16,0.007,8.1,1.0,7.8,Lake Biwa - North Center,35.3916666666667,136.135277777778
JPN00019,2016-10-03,,9.1,,0.01,8.9,0.8,,24.6,0.17,0.009,5.8,1.3,7.6,Lake Biwa - North Center,35.3916666666667,136.135277777778
JPN00019,2016-11-08,,9.2,,0.01,9.8,0.6,,17.0,0.21,0.007,5.4,2.1,8.0,Lake Biwa - North Center,35.3916666666667,136.135277777778
JPN00019,2016-12-05,,9.3,,0.01,11.3,0.9,,13.9,0.2,0.007,5.8,1.7,7.8,Lake Biwa - North Center,35.3916666666667,136.135277777778
JPN00019,2017-01-10,,9.5,,0.01,10.4,1.7,,10.2,0.24,0.008,6.7,1.5,7.6,Lake Biwa - North Center,35.3916666666667,136.135277777778
JPN00019,2017-02-08,,9.6,,0.01,10.8,2.5,,8.2,0.25,0.008,7.6,1.0,7.5,Lake Biwa - North Center,35.3916666666667,136.135277777778
JPN00019,2017-03-06,,9.7,,0.02,11.7,2.6,,8.1,0.26,0.007,9.4,1.0,7.7,Lake Biwa - North Center,35.3916666666667,136.135277777778
JPN00019,2017-04-10,,9.5,,0.01,11.7,2.9,,9.8,0.26,0.008,3.0,1.7,7.8,Lake Biwa - North Center,35.3916666666667,136.135277777778
JPN00019,2017-05-08,,9.8,,0.01,12.0,2.2,,14.5,0.2,0.005,5.9,1.6,8.4,Lake Biwa - North Center,35.3916666666667,136.135277777778
JPN00019,2017-06-05,,9.8,,0.01,10.1,1.3,,19.3,0.17,0.006,5.9,2.2,8.9,Lake Biwa - North Center,35.3916666666667,136.135277777778
JPN00019,2017-07-03,,9.6,,0.01,9.7,1.4,,24.4,0.17,0.006,5.1,1.0,8.8,Lake Biwa - North Center,35.3916666666667,136.135277777778
JPN00019,2017-08-01,,9.5,,0.01,8.4,1.8,,28.6,0.16,0.006,5.0,1.5,8.7,Lake Biwa - North Center,35.3916666666667,136.135277777778
JPN00019,2017-09-04,,9.4,,0.01,8.3,2.0,,24.9,0.15,0.007,7.6,1.0,7.7,Lake Biwa - North Center,35.3916666666667,136.135277777778
JPN00019,2017-10-02,,9.4,,0.01,8.7,2.1,,22.1,0.15,0.006,6.5,1.0,7.9,Lake Biwa - North Center,35.3916666666667,136.135277777778
JPN00019,2017-11-06,,9.2,,0.01,9.3,2.4,,15.7,0.2,0.008,3.0,1.3,7.6,Lake Biwa - North Center,35.3916666666667,136.135277777778
JPN00019,2017-12-04,,9.2,,0.02,9.9,2.0,,12.8,0.22,0.005,7.5,1.0,7.6,Lake Biwa - North Center,35.3916666666667,136.135277777778
JPN00019,2018-01-10,,9.4,,0.01,10.3,1.9,,9.1,0.26,0.006,6.0,1.2,7.6,Lake Biwa - North Center,35.3916666666667,136.135277777778
JPN00019,2018-02-05,,9.6,,0.01,10.7,1.7,,7.8,0.26,0.008,7.1,1.2,7.5,Lake Biwa - North Center,35.3916666666667,136.135277777778
JPN00019,2018-03-05,,9.5,,0.01,11.6,1.3,,7.6,0.27,0.005,7.0,1.0,7.7,Lake Biwa - North Center,35.3916666666667,136.135277777778
JPN00019,2018-04-09,,9.6,,0.01,11.8,1.3,,9.8,0.26,0.006,7.2,1.0,7.9,Lake Biwa - North Center,35.3916666666667,136.135277777778
JPN00019,2018-05-07,,9.4,,0.01,11.3,1.4,,14.5,0.24,0.004,8.0,1.0,8.1,Lake Biwa - North Center,35.3916666666667,136.135277777778
JPN00019,2018-06-06,,9.2,,0.01,10.4,1.5,,21.4,0.21,0.005,7.6,1.0,8.6,Lake Biwa - North Center,35.3916666666667,136.135277777778
JPN00019,2018-07-02,,9.5,,0.01,9.6,1.5,,24.4,0.14,0.004,6.0,1.1,9.2,Lake Biwa - North Center,35.3916666666667,136.135277777778
JPN00019,2018-08-06,,8.8,,0.01,8.1,2.2,,29.4,0.14,0.005,7.0,1.0,8.6,Lake Biwa - North Center,35.3916666666667,136.135277777778
JPN00019,2018-09-06,,9.2,,0.01,8.1,1.8,,23.9,0.18,0.004,4.8,1.0,7.9,Lake Biwa - North Center,35.3916666666667,136.135277777778
JPN00019,2018-10-02,,8.8,,0.01,8.4,1.2,,20.9,0.19,0.007,5.7,1.1,7.9,Lake Biwa - North Center,35.3916666666667,136.135277777778
JPN00019,2018-11-05,,9.0,,0.01,9.8,1.1,,18.5,0.18,0.006,5.5,1.2,8.3,Lake Biwa - North Center,35.3916666666667,136.135277777778
JPN00019,2018-12-03,,9.0,,0.01,9.3,1.4,,15.2,0.19,0.006,7.2,1.0,7.9,Lake Biwa - North Center,35.3916666666667,136.135277777778
JPN00019,2019-01-07,,9.1,,0.01,10.2,1.6,,10.8,0.21,0.005,7.9,1.0,7.8,Lake Biwa - North Center,35.3916666666667,136.135277777778
JPN00019,2019-02-05,,9.2,,0.01,10.6,1.9,,8.8,0.23,0.005,8.8,1.0,7.7,Lake Biwa - North Center,35.3916666666667,136.135277777778
JPN00019,2019-03-04,,9.3,,0.01,11.0,2.0,,8.5,0.23,0.006,10.3,1.0,7.7,Lake Biwa - North Center,35.3916666666667,136.135277777778
JPN00019,2019-04-08,,9.3,,0.01,11.6,1.5,,10.8,0.25,0.005,10.1,1.0,7.8,Lake Biwa - North Center,35.3916666666667,136.135277777778
JPN00019,2019-05-08,,9.3,,0.01,11.2,1.7,,11.9,0.24,0.004,11.2,1.0,7.8,Lake Biwa - North Center,35.3916666666667,136.135277777778
JPN00019,2019-06-03,,9.4,,0.02,10.3,1.7,,19.6,0.18,0.004,10.2,1.0,8.1,Lake Biwa - North Center,35.3916666666667,136.135277777778
JPN00019,2019-07-01,,9.3,,0.01,9.2,1.8,,23.0,0.16,0.007,5.2,1.1,8.2,Lake Biwa - North Center,35.3916666666667,136.135277777778
JPN00019,2019-08-05,,9.1,,0.01,8.2,2.3,,30.0,0.15,0.005,8.0,1.0,8.1,Lake Biwa - North Center,35.3916666666667,136.135277777778
JPN00019,2019-09-02,,9.0,,0.01,8.4,2.4,,27.3,0.15,0.007,5.9,1.0,8.0,Lake Biwa - North Center,35.3916666666667,136.135277777778
JPN00019,2019-10-07,,9.1,,0.01,8.4,1.5,,24.2,0.15,0.006,7.2,1.0,7.8,Lake Biwa - North Center,35.3916666666667,136.135277777778
JPN00019,2019-11-05,,9.1,,0.01,9.5,1.2,,18.7,0.2,0.006,7.5,1.5,7.8,Lake Biwa - North Center,35.3916666666667,136.135277777778
JPN00019,2019-12-04,,9.2,,0.01,9.9,0.9,,14.1,0.19,0.005,7.6,1.0,7.7,Lake Biwa - North Center,35.3916666666667,136.135277777778
JPN00019,2020-01-06,,9.2,,0.01,9.8,1.3,,10.8,0.22,0.005,9.2,1.0,7.6,Lake Biwa - North Center,35.3916666666667,136.135277777778
JPN00019,2020-02-03,,9.3,,0.01,9.8,1.6,,9.8,0.22,0.005,7.0,1.0,7.5,Lake Biwa - North Center,35.3916666666667,136.135277777778
JPN00019,2020-03-02,,9.2,,0.01,10.2,1.9,,9.6,0.23,0.006,10.7,1.0,7.6,Lake Biwa - North Center,35.3916666666667,136.135277777778
JPN00019,2020-04-07,,9.3,,0.01,10.9,1.9,,10.0,0.21,0.004,9.1,1.0,7.7,Lake Biwa - North Center,35.3916666666667,136.135277777778
JPN00019,2020-05-11,,9.3,,0.01,11.5,1.3,,15.7,0.22,0.008,5.7,1.6,8.3,Lake Biwa - North Center,35.3916666666667,136.135277777778
JPN00019,2020-06-08,,9.4,,0.01,10.4,1.5,,21.4,0.16,0.006,5.1,1.7,8.9,Lake Biwa - North Center,35.3916666666667,136.135277777778
JPN00019,2020-07-06,,8.9,,0.01,9.0,1.8,,23.3,0.19,0.009,4.9,1.6,8.9,Lake Biwa - North Center,35.3916666666667,136.135277777778
JPN00019,2020-08-03,,8.4,,0.01,8.8,2.2,,27.0,0.14,0.006,6.8,1.0,8.4,Lake Biwa - North Center,35.3916666666667,136.135277777778
JPN00019,2020-09-01,,8.5,,0.01,8.0,2.5,,29.7,0.14,0.006,9.0,1.0,8.0,Lake Biwa - North Center,35.3916666666667,136.135277777778
JPN00019,2020-10-06,,8.6,,0.01,8.2,2.4,,22.9,0.15,0.007,9.2,1.0,7.8,Lake Biwa - North Center,35.3916666666667,136.135277777778
JPN00019,2020-11-09,,8.7,,0.01,9.4,0.3,,16.7,0.15,0.006,7.5,1.0,7.7,Lake Biwa - North Center,35.3916666666667,136.135277777778
JPN00019,2020-12-07,,8.9,,0.01,9.8,0.2,,14.0,0.16,0.004,8.6,1.0,7.7,Lake Biwa - North Center,35.3916666666667,136.135277777778
JPN00019,2021-01-04,,9.1,,0.01,9.2,1.4,,10.1,0.24,0.006,8.8,1.0,7.4,Lake Biwa - North Center,35.3916666666667,136.135277777778
JPN00019,2021-02-01,,9.1,,0.01,10.1,1.7,,8.9,0.25,0.006,9.8,1.0,7.5,Lake Biwa - North Center,35.3916666666667,136.135277777778
JPN00019,2021-03-11,,9.3,,0.01,10.9,2.0,,8.7,0.27,0.007,6.3,1.0,7.7,Lake Biwa - North Center,35.3916666666667,136.135277777778
JPN00019,2021-04-06,,9.2,,0.01,11.2,1.9,,10.5,0.25,0.005,7.9,1.0,7.8,Lake Biwa - North Center,35.3916666666667,136.135277777778
JPN00019,2021-05-10,,9.2,,0.01,11.2,1.8,,15.1,0.23,0.004,8.0,1.0,8.0,Lake Biwa - North Center,35.3916666666667,136.135277777778
JPN00019,2021-06-07,,9.0,,0.01,11.2,2.0,,20.3,0.16,0.005,6.0,1.0,8.8,Lake Biwa - North Center,35.3916666666667,136.135277777778
JPN00019,2021-07-05,,8.9,,0.01,9.6,2.2,,24.4,0.16,0.007,5.8,1.0,9.0,Lake Biwa - North Center,35.3916666666667,136.135277777778
JPN00019,2021-08-02,,8.8,,0.01,8.2,2.6,,29.1,0.16,0.007,7.6,1.0,8.8,Lake Biwa - North Center,35.3916666666667,136.135277777778
JPN00019,2021-09-06,,8.5,,0.01,8.5,1.2,,26.4,0.15,0.007,6.7,1.4,8.2,Lake Biwa - North Center,35.3916666666667,136.135277777778
JPN00019,2021-10-04,,8.6,,0.01,8.8,1.2,,25.2,0.16,0.007,6.3,1.2,8.0,Lake Biwa - North Center,35.3916666666667,136.135277777778
JPN00019,2021-11-10,,9.0,,0.01,9.4,1.0,,17.7,0.14,0.006,8.5,1.1,7.8,Lake Biwa - North Center,35.3916666666667,136.135277777778
JPN00019,2021-12-06,,9.4,,0.01,9.9,0.9,,13.8,0.19,0.006,8.4,1.1,7.7,Lake Biwa - North Center,35.3916666666667,136.135277777778
JPN00019,2022-01-05,,9.0,,0.01,9.7,1.6,,9.9,0.25,0.007,8.4,1.0,7.6,Lake Biwa - North Center,35.3916666666667,136.135277777778
JPN00019,2022-02-01,,9.2,,0.01,10.1,2.3,,8.6,0.26,0.009,8.9,1.0,7.6,Lake Biwa - North Center,35.3916666666667,136.135277777778
JPN00019,2022-03-07,,9.2,,0.01,11.1,2.4,,7.5,0.28,0.011,8.0,1.0,7.7,Lake Biwa - North Center,35.3916666666667,136.135277777778
JPN00020,2015-01-06,,10.2,,0.01,11.8,1.0,,6.6,0.36,0.014,1.8,3.9,7.5,Lake Biwa - South Center,35.0411111111111,135.896111111111
JPN00020,2015-02-03,,10.6,,0.01,11.2,1.2,,6.5,0.36,0.012,2.9,1.9,7.6,Lake Biwa - South Center,35.0411111111111,135.896111111111
JPN00020,2015-03-03,,10.0,,0.01,12.0,0.7,,7.8,0.31,0.011,3.0,1.8,7.6,Lake Biwa - South Center,35.0411111111111,135.896111111111
JPN00020,2015-04-07,,10.2,,0.01,10.7,0.3,,12.9,0.3,0.013,3.1,1.9,7.5,Lake Biwa - South Center,35.0411111111111,135.896111111111
JPN00020,2015-05-12,,10.1,,0.01,9.6,0.4,,19.8,0.25,0.014,3.9,1.3,8.1,Lake Biwa - South Center,35.0411111111111,135.896111111111
JPN00020,2015-06-02,,10.1,,0.01,10.3,0.8,,23.6,0.23,0.009,3.8,1.1,8.8,Lake Biwa - South Center,35.0411111111111,135.896111111111
JPN00020,2015-07-07,,9.6,,0.01,10.0,1.0,,22.8,0.23,0.011,2.5,1.6,8.3,Lake Biwa - South Center,35.0411111111111,135.896111111111
JPN00020,2015-08-04,,9.4,,0.01,8.8,1.5,,31.2,0.17,0.007,4.1,1.0,8.9,Lake Biwa - South Center,35.0411111111111,135.896111111111
JPN00020,2015-09-08,,9.5,,0.01,7.1,2.1,,25.3,0.18,0.011,4.0,1.0,7.6,Lake Biwa - South Center,35.0411111111111,135.896111111111
JPN00020,2015-10-06,,9.3,,0.01,8.8,1.7,,21.5,0.18,0.011,2.8,1.4,7.8,Lake Biwa - South Center,35.0411111111111,135.896111111111
JPN00020,2015-11-04,,9.9,,0.01,9.1,1.2,,16.0,0.19,0.009,3.3,2.3,7.6,Lake Biwa - South Center,35.0411111111111,135.896111111111
JPN00020,2015-12-08,,10.4,,0.01,10.8,1.7,,10.4,0.25,0.013,2.2,3.1,7.6,Lake Biwa - South Center,35.0411111111111,135.896111111111
JPN00020,2016-01-05,,10.7,,0.01,11.6,1.9,,8.7,0.28,0.015,3.1,1.8,7.7,Lake Biwa - South Center,35.0411111111111,135.896111111111
JPN00020,2016-02-02,,10.1,,0.01,11.5,1.3,,7.3,0.29,0.014,2.3,3.5,7.6,Lake Biwa - South Center,35.0411111111111,135.896111111111
JPN00020,2016-03-01,,10.4,,0.01,11.6,1.7,,7.6,0.33,0.014,2.0,4.7,7.6,Lake Biwa - South Center,35.0411111111111,135.896111111111
JPN00020,2016-04-05,,10.8,,0.01,11.8,1.1,,13.8,0.19,0.012,3.1,1.0,8.0,Lake Biwa - South Center,35.0411111111111,135.896111111111
JPN00020,2016-05-10,,10.3,,0.02,9.6,1.7,,17.0,0.29,0.017,2.8,2.5,7.5,Lake Biwa - South Center,35.0411111111111,135.896111111111
JPN00020,2016-06-07,,9.8,,0.01,9.3,1.4,,22.0,0.24,0.016,2.4,1.0,8.1,Lake Biwa - South Center,35.0411111111111,135.896111111111
JPN00020,2016-07-05,,9.4,,0.01,9.5,1.2,,26.5,0.23,0.013,3.6,2.0,8.1,Lake Biwa - South Center,35.0411111111111,135.896111111111
JPN00020,2016-08-02,,9.4,,0.01,10.0,1.5,,29.8,0.17,0.01,4.0,1.0,9.0,Lake Biwa - South Center,35.0411111111111,135.896111111111
JPN00020,2016-09-06,,10.0,,0.01,10.2,2.3,,28.2,0.53,0.024,2.5,4.0,9.1,Lake Biwa - South Center,35.0411111111111,135.896111111111
JPN00020,2016-10-04,,9.2,,0.01,8.4,1.5,,24.8,0.2,0.012,2.5,2.3,7.5,Lake Biwa - South Center,35.0411111111111,135.896111111111
JPN00020,2016-11-09,,9.6,,0.01,10.0,0.7,,15.0,0.19,0.012,2.1,3.7,7.7,Lake Biwa - South Center,35.0411111111111,135.896111111111
JPN00020,2016-12-06,,9.8,,0.01,11.0,1.9,,12.3,0.21,0.011,2.8,2.4,7.6,Lake Biwa - South Center,35.0411111111111,135.896111111111
JPN00020,2017-01-11,,9.9,,0.01,11.5,2.1,,8.2,0.22,0.011,2.8,2.7,7.4,Lake Biwa - South Center,35.0411111111111,135.896111111111
JPN00020,2017-02-06,,10.5,,0.01,11.6,2.7,,7.4,0.28,0.012,2.7,3.0,7.4,Lake Biwa - South Center,35.0411111111111,135.896111111111
JPN00020,2017-03-07,,10.1,,0.01,12.1,2.5,,8.6,0.29,0.009,4.1,1.2,7.7,Lake Biwa - South Center,35.0411111111111,135.896111111111
JPN00020,2017-04-12,,11.3,,0.01,10.3,2.0,,12.5,0.24,0.01,2.3,1.8,7.7,Lake Biwa - South Center,35.0411111111111,135.896111111111
JPN00020,2017-05-09,,10.6,,0.01,9.5,1.3,,19.0,0.21,0.014,2.5,2.5,7.8,Lake Biwa - South Center,35.0411111111111,135.896111111111
JPN00020,2017-06-06,,10.8,,0.01,8.6,1.7,,22.7,0.24,0.016,1.9,3.2,7.9,Lake Biwa - South Center,35.0411111111111,135.896111111111
JPN00020,2017-07-04,,9.7,,0.01,8.5,2.7,,25.0,0.24,0.02,1.9,3.3,8.2,Lake Biwa - South Center,35.0411111111111,135.896111111111
JPN00020,2017-08-02,,10.2,,0.01,7.7,3.0,,29.5,0.23,0.014,2.4,2.5,8.4,Lake Biwa - South Center,35.0411111111111,135.896111111111
JPN00020,2017-09-05,,9.7,,0.01,8.1,2.9,,25.8,0.2,0.014,2.0,3.2,7.7,Lake Biwa - South Center,35.0411111111111,135.896111111111
JPN00020,2017-10-03,,9.5,,0.01,8.2,2.6,,22.8,0.18,0.01,3.5,1.7,7.7,Lake Biwa - South Center,35.0411111111111,135.896111111111
JPN00020,2017-11-07,,9.2,,0.01,9.7,2.7,,16.0,0.21,0.013,1.9,4.1,7.6,Lake Biwa - South Center,35.0411111111111,135.896111111111
JPN00020,2017-12-05,,9.5,,0.01,11.2,1.5,,10.4,0.22,0.01,2.7,3.3,7.7,Lake Biwa - South Center,35.0411111111111,135.896111111111
JPN00020,2018-01-11,,9.8,,0.01,11.9,1.3,,6.3,0.28,0.016,1.8,7.1,7.5,Lake Biwa - South Center,35.0411111111111,135.896111111111
JPN00020,2018-02-06,,10.0,,0.01,12.2,1.5,,5.2,0.28,0.014,1.8,4.1,7.5,Lake Biwa - South Center,35.0411111111111,135.896111111111
JPN00020,2018-03-06,,10.1,,0.01,11.3,1.2,,9.1,0.28,0.016,2.2,5.2,7.7,Lake Biwa - South Center,35.0411111111111,135.896111111111
JPN00020,2018-04-10,,10.5,,0.01,11.3,1.8,,13.5,0.22,0.01,3.2,1.7,8.0,Lake Biwa - South Center,35.0411111111111,135.896111111111
JPN00020,2018-05-08,,10.3,,0.01,9.9,1.9,,17.8,0.26,0.017,2.3,3.1,7.9,Lake Biwa - South Center,35.0411111111111,135.896111111111
JPN00020,2018-06-05,,10.1,,0.01,10.2,0.8,,23.5,0.2,0.01,3.3,1.7,8.8,Lake Biwa - South Center,35.0411111111111,135.896111111111
JPN00020,2018-07-03,,9.6,,0.01,8.8,1.5,,26.3,0.22,0.012,3.4,1.9,8.7,Lake Biwa - South Center,35.0411111111111,135.896111111111
JPN00020,2018-08-07,,9.7,,0.01,10.4,4.2,,30.6,1.06,0.032,1.0,10.3,9.6,Lake Biwa - South Center,35.0411111111111,135.896111111111
JPN00020,2018-09-03,,9.8,,0.01,9.7,3.3,,27.4,0.47,0.052,0.8,9.1,9.4,Lake Biwa - South Center,35.0411111111111,135.896111111111
JPN00020,2018-10-03,,8.9,,0.01,9.2,1.5,,21.8,0.2,0.015,1.8,3.9,8.1,Lake Biwa - South Center,35.0411111111111,135.896111111111
JPN00020,2018-11-06,,9.5,,0.01,9.5,2.2,,16.7,0.19,0.01,2.9,2.2,7.9,Lake Biwa - South Center,35.0411111111111,135.896111111111
JPN00020,2018-12-04,,10.0,,0.01,10.7,2.1,,15.0,0.2,0.01,2.4,2.0,7.9,Lake Biwa - South Center,35.0411111111111,135.896111111111
JPN00020,2019-01-08,,10.1,,0.01,11.4,2.4,,6.8,0.24,0.014,2.9,3.4,7.6,Lake Biwa - South Center,35.0411111111111,135.896111111111
JPN00020,2019-02-04,,10.3,,0.02,11.0,2.4,,6.9,0.27,0.011,2.9,3.1,7.6,Lake Biwa - South Center,35.0411111111111,135.896111111111
JPN00020,2019-03-05,,11.2,,0.01,10.8,2.8,,9.2,0.36,0.008,4.0,1.6,7.6,Lake Biwa - South Center,35.0411111111111,135.896111111111
JPN00020,2019-04-09,,10.4,,0.02,10.8,2.2,,12.8,0.23,0.008,4.4,1.3,7.8,Lake Biwa - South Center,35.0411111111111,135.896111111111
JPN00020,2019-05-07,,10.5,,0.01,10.4,2.1,,18.1,0.28,0.018,2.1,5.1,8.1,Lake Biwa - South Center,35.0411111111111,135.896111111111
JPN00020,2019-06-04,,10.2,,0.01,10.0,1.8,,22.1,0.18,0.009,3.8,1.5,8.1,Lake Biwa - South Center,35.0411111111111,135.896111111111
JPN00020,2019-07-02,,9.7,,0.01,8.1,2.6,,25.0,0.18,0.01,2.8,2.0,7.7,Lake Biwa - South Center,35.0411111111111,135.896111111111
JPN00020,2019-08-06,,9.5,,0.01,7.7,3.1,,30.2,0.19,0.011,3.9,1.5,8.3,Lake Biwa - South Center,35.0411111111111,135.896111111111
JPN00020,2019-09-03,,9.0,,0.01,8.4,2.8,,26.9,0.18,0.008,3.6,1.2,7.9,Lake Biwa - South Center,35.0411111111111,135.896111111111
JPN00020,2019-10-08,,9.4,,0.01,8.4,1.5,,23.8,0.18,0.01,3.7,1.4,7.9,Lake Biwa - South Center,35.0411111111111,135.896111111111
JPN00020,2019-11-06,,9.2,,0.01,9.8,0.5,,17.5,0.22,0.011,2.9,3.3,8.0,Lake Biwa - South Center,35.0411111111111,135.896111111111
JPN00020,2019-12-02,,9.6,,0.01,10.1,0.9,,12.6,0.2,0.011,2.2,2.7,7.6,Lake Biwa - South Center,35.0411111111111,135.896111111111
JPN00020,2020-01-07,,9.9,,0.02,11.1,1.8,,8.6,0.3,0.015,2.0,4.0,7.5,Lake Biwa - South Center,35.0411111111111,135.896111111111
JPN00020,2020-02-04,,10.1,,0.01,11.5,2.6,,7.8,0.31,0.016,2.1,5.3,7.6,Lake Biwa - South Center,35.0411111111111,135.896111111111
JPN00020,2020-03-03,,9.4,,0.01,11.3,1.7,,9.7,0.21,0.007,2.8,2.3,7.7,Lake Biwa - South Center,35.0411111111111,135.896111111111
JPN00020,2020-04-06,,10.2,,0.01,10.9,2.1,,12.7,0.24,0.017,2.5,4.0,7.9,Lake Biwa - South Center,35.0411111111111,135.896111111111
JPN00020,2020-05-12,,10.0,,0.01,9.5,1.5,,19.9,0.23,0.018,2.8,3.1,8.0,Lake Biwa - South Center,35.0411111111111,135.896111111111
JPN00020,2020-06-09,,9.6,,0.01,9.7,1.4,,24.4,0.23,0.013,3.0,2.1,9.1,Lake Biwa - South Center,35.0411111111111,135.896111111111
JPN00020,2020-07-08,,8.6,,0.01,8.2,1.9,,22.5,0.22,0.015,2.4,3.7,7.8,Lake Biwa - South Center,35.0411111111111,135.896111111111
JPN00020,2020-08-04,,8.5,,0.01,8.7,2.6,,28.0,0.16,0.009,4.0,1.1,8.7,Lake Biwa - South Center,35.0411111111111,135.896111111111
JPN00020,2020-09-02,,8.7,,0.01,8.8,3.4,,30.6,0.17,0.013,3.1,1.7,9.0,Lake Biwa - South Center,35.0411111111111,135.896111111111
JPN00020,2020-10-05,,8.9,,0.01,10.3,1.2,,23.6,0.21,0.019,4.0,1.0,9.3,Lake Biwa - South Center,35.0411111111111,135.896111111111
JPN00020,2020-11-10,,8.9,,0.01,9.5,0.5,,14.8,0.24,0.018,1.9,5.9,7.6,Lake Biwa - South Center,35.0411111111111,135.896111111111
JPN00020,2020-12-08,,9.6,,0.01,10.3,1.2,,11.3,0.25,0.017,2.0,4.0,7.6,Lake Biwa - South Center,35.0411111111111,135.896111111111
JPN00020,2021-01-05,,10.3,,0.01,11.8,0.9,,6.4,0.29,0.02,1.7,5.8,7.5,Lake Biwa - South Center,35.0411111111111,135.896111111111
JPN00020,2021-02-02,,9.7,,0.02,11.5,2.2,,7.4,0.33,0.013,2.6,3.4,7.4,Lake Biwa - South Center,35.0411111111111,135.896111111111
JPN00020,2021-03-12,,10.0,,0.01,11.2,2.4,,10.3,0.31,0.012,1.5,3.0,7.7,Lake Biwa - South Center,35.0411111111111,135.896111111111
JPN00020,2021-04-07,,10.1,,0.01,10.4,2.3,,14.6,0.25,0.012,2.8,3.0,7.9,Lake Biwa - South Center,35.0411111111111,135.896111111111
JPN00020,2021-05-11,,9.9,,0.02,10.1,1.8,,17.7,0.26,0.016,2.5,3.5,8.0,Lake Biwa - South Center,35.0411111111111,135.896111111111
JPN00020,2021-06-07,,9.3,,0.01,9.9,2.3,,23.1,0.2,0.013,3.4,2.6,8.3,Lake Biwa - South Center,35.0411111111111,135.896111111111
JPN00020,2021-07-06,,9.0,,0.01,8.8,2.3,,25.8,0.24,0.015,2.6,2.5,8.9,Lake Biwa - South Center,35.0411111111111,135.896111111111
JPN00020,2021-08-03,,9.3,,0.02,7.4,3.6,,29.8,0.59,0.027,1.1,7.1,9.0,Lake Biwa - South Center,35.0411111111111,135.896111111111
JPN00020,2021-09-07,,8.6,,0.01,8.2,1.7,,27.0,0.19,0.013,3.7,2.9,8.1,Lake Biwa - South Center,35.0411111111111,135.896111111111
JPN00020,2021-10-05,,8.8,,0.01,8.7,1.5,,24.5,0.21,0.012,3.2,2.1,8.0,Lake Biwa - South Center,35.0411111111111,135.896111111111
JPN00020,2021-11-08,,9.3,,0.01,9.4,1.3,,16.8,0.18,0.014,2.2,5.4,7.7,Lake Biwa - South Center,35.0411111111111,135.896111111111
JPN00020,2021-12-07,,10.4,,0.01,11.6,1.9,,9.9,0.27,0.017,2.7,3.5,7.8,Lake Biwa - South Center,35.0411111111111,135.896111111111
JPN00020,2022-01-04,,9.5,,0.01,12.0,1.2,,5.7,0.31,0.02,2.1,5.1,7.7,Lake Biwa - South Center,35.0411111111111,135.896111111111
JPN00020,2022-02-02,,9.9,,0.01,12.0,2.0,,5.8,0.29,0.015,2.8,4.9,7.7,Lake Biwa - South Center,35.0411111111111,135.896111111111
JPN00020,2022-03-08,,10.0,,0.01,11.5,2.5,,7.4,0.3,0.015,2.3,4.3,7.7,Lake Biwa - South Center,35.0411111111111,135.896111111111
JPN00025,2015-01-14,,,165.0,0.002,13.7,,0.009,4.9,1.459,0.057,0.9,8.0,8.44,Lake Kasumigaura - Station 3,36.1197222222222,140.390277777778
JPN00025,2015-02-10,,,203.0,0.003,12.8,,0.009,5.2,1.232,0.057,1.2,7.7,8.27,Lake Kasumigaura - Station 3,36.1197222222222,140.390277777778
JPN00025,2015-03-19,,,180.0,0.002,13.3,,0.015,10.6,1.385,0.081,0.7,18.1,8.87,Lake Kasumigaura - Station 3,36.1197222222222,140.390277777778
JPN00025,2015-04-10,,,203.0,0.21,12.6,,0.025,12.1,1.355,0.091,0.6,14.7,7.91,Lake Kasumigaura - Station 3,36.1197222222222,140.390277777778
JPN00025,2015-05-15,,,257.0,0.0,11.2,,0.017,22.5,0.963,0.141,0.55,33.1,9.8,Lake Kasumigaura - Station 3,36.1197222222222,140.390277777778
JPN00025,2015-06-10,,,264.0,0.05,8.9,,0.031,23.4,1.21,0.127,0.55,33.5,8.7,Lake Kasumigaura - Station 3,36.1197222222222,140.390277777778
JPN00025,2015-07-08,,,224.0,0.001,13.9,,0.053,25.0,1.41,0.17,0.5,35.1,11.74,Lake Kasumigaura - Station 3,36.1197222222222,140.390277777778
JPN00025,2015-08-11,,,287.0,0.0,9.6,,0.11,30.8,1.001,0.204,0.55,29.2,9.62,Lake Kasumigaura - Station 3,36.1197222222222,140.390277777778
JPN00025,2015-09-11,,,271.0,0.118,8.0,,0.06,24.3,1.31,0.117,0.75,18.2,8.24,Lake Kasumigaura - Station 3,36.1197222222222,140.390277777778
JPN00025,2015-10-14,,,218.0,0.0,11.4,,0.022,20.2,1.662,0.098,0.95,17.2,9.13,Lake Kasumigaura - Station 3,36.1197222222222,140.390277777778
JPN00025,2015-11-11,,,226.0,0.063,10.0,,0.028,16.7,1.385,0.099,0.75,20.1,8.56,Lake Kasumigaura - Station 3,36.1197222222222,140.390277777778
JPN00025,2015-12-09,,,196.0,0.002,13.9,,0.011,9.9,1.554,0.069,0.9,16.7,9.0,Lake Kasumigaura - Station 3,36.1197222222222,140.390277777778
JPN00025,2016-01-13,,,170.0,0.04,13.0,,0.013,7.5,1.306,0.063,1.05,8.5,8.65,Lake Kasumigaura - Station 3,36.1197222222222,140.390277777778
JPN00025,2016-02-12,,,210.0,0.001,16.9,,0.012,6.3,1.557,0.068,0.95,14.7,9.27,Lake Kasumigaura - Station 3,36.1197222222222,140.390277777778
JPN00025,2016-03-14,,,180.0,0.003,11.4,,0.014,8.9,1.549,0.106,0.7,22.7,8.47,Lake Kasumigaura - Station 3,36.1197222222222,140.390277777778
JPN00025,2016-04-13,,,241.0,0.001,11.7,,0.014,14.3,1.498,0.143,0.65,28.6,9.42,Lake Kasumigaura - Station 3,36.1197222222222,140.390277777778
JPN00025,2016-05-12,,,227.0,0.0,10.5,,0.014,22.2,1.072,0.13,0.65,26.7,9.16,Lake Kasumigaura - Station 3,36.1197222222222,140.390277777778
JPN00025,2016-06-07,,,286.0,0.075,8.5,,0.027,22.4,1.065,0.139,0.55,26.7,8.39,Lake Kasumigaura - Station 3,36.1197222222222,140.390277777778
JPN00025,2016-07-12,,,298.0,0.159,,,0.066,27.2,1.267,0.145,0.55,35.4,7.71,Lake Kasumigaura - Station 3,36.1197222222222,140.390277777778
JPN00025,2016-08-09,,,310.0,0.0,7.4,,0.082,29.1,1.094,0.177,0.45,36.4,8.7,Lake Kasumigaura - Station 3,36.1197222222222,140.390277777778
JPN00025,2016-09-07,,,260.0,0.015,7.4,,0.04,27.7,0.995,0.117,0.6,23.9,8.73,Lake Kasumigaura - Station 3,36.1197222222222,140.390277777778
JPN00025,2016-10-12,,,202.0,0.013,9.9,,0.032,21.4,1.419,0.092,0.8,14.8,8.49,Lake Kasumigaura - Station 3,36.1197222222222,140.390277777778
JPN00025,2016-11-09,,,202.0,0.002,10.4,,0.011,14.0,1.613,0.097,0.75,19.5,8.81,Lake Kasumigaura - Station 3,36.1197222222222,140.390277777778
JPN00025,2016-12-07,,,216.0,0.008,11.9,,0.009,10.5,1.136,0.074,0.95,11.9,8.97,Lake Kasumigaura - Station 3,36.1197222222222,140.390277777778
JPN00025,2017-01-11,,,213.0,0.036,12.8,,0.008,6.7,1.735,0.06,1.1,8.3,7.96,Lake Kasumigaura - Station 3,36.1197222222222,140.390277777778
JPN00025,2017-02-08,,,226.0,0.005,9.8,,0.008,5.9,1.539,0.065,0.95,13.4,7.97,Lake Kasumigaura - Station 3,36.1197222222222,140.390277777778
JPN00025,2017-03-08,,,240.0,0.001,14.0,,0.01,8.6,1.435,0.078,0.9,22.4,8.61,Lake Kasumigaura - Station 3,36.1197222222222,140.390277777778
JPN00025,2017-04-12,,,254.0,0.112,10.75,,0.022,14.4,1.345,0.087,1.0,14.5,8.35,Lake Kasumigaura - Station 3,36.1197222222222,140.390277777778
JPN00025,2017-05-10,,,256.0,0.0,9.92,,0.015,20.61,0.976,0.105,0.65,27.3,9.09,Lake Kasumigaura - Station 3,36.1197222222222,140.390277777778
JPN00025,2017-06-07,,,292.0,0.022,6.66,,0.019,22.99,0.949,0.13,0.65,42.2,7.64,Lake Kasumigaura - Station 3,36.1197222222222,140.390277777778
JPN00025,2017-07-12,,,293.0,0.088,7.25,,0.045,30.22,0.893,0.126,0.65,35.1,8.46,Lake Kasumigaura - Station 3,36.1197222222222,140.390277777778
JPN00025,2017-08-09,,,260.0,0.003,11.06,,0.022,28.94,0.841,0.099,0.5,30.4,,Lake Kasumigaura - Station 3,36.1197222222222,140.390277777778
JPN00025,2017-09-13,,,302.0,0.0,10.95,,0.043,25.28,0.854,0.119,0.75,18.4,9.02,Lake Kasumigaura - Station 3,36.1197222222222,140.390277777778
JPN00025,2017-10-11,,,295.0,0.0,10.04,,0.026,21.66,0.918,0.115,0.5,20.6,8.45,Lake Kasumigaura - Station 3,36.1197222222222,140.390277777778
JPN00025,2017-11-08,,,189.0,0.003,12.01,,0.014,15.89,1.45,0.077,0.7,12.9,9.05,Lake Kasumigaura - Station 3,36.1197222222222,140.390277777778
JPN00025,2017-12-13,,,195.0,0.0,12.8,,0.008,7.83,1.457,0.063,0.95,10.1,8.89,Lake Kasumigaura - Station 3,36.1197222222222,140.390277777778
JPN00025,2018-01-10,,,199.0,0.009,13.41,,0.007,4.89,1.708,0.061,1.4,7.7,8.62,Lake Kasumigaura - Station 3,36.1197222222222,140.390277777778
JPN00025,2018-02-07,,,193.0,0.001,,,0.008,3.9,1.488,0.059,1.25,8.4,8.19,Lake Kasumigaura - Station 3,36.1197222222222,140.390277777778
JPN00025,2018-03-12,,,207.0,0.036,12.12,,0.016,9.89,1.537,0.086,0.9,13.7,9.57,Lake Kasumigaura - Station 3,36.1197222222222,140.390277777778
JPN00025,2019-04-10,,,222.0,0.009,11.1,,0.019,12.6,1.183,0.099,0.8,21.5,8.9,Lake Kasumigaura - Station 3,36.1197222222222,140.390277777778
JPN00025,2019-05-08,,,269.0,0.01,10.7,,0.019,19.2,1.128,0.107,0.6,27.3,9.0,Lake Kasumigaura - Station 3,36.1197222222222,140.390277777778
JPN00025,2019-06-12,,,314.0,0.198,7.9,,0.033,20.8,1.184,0.118,0.5,41.7,7.6,Lake Kasumigaura - Station 3,36.1197222222222,140.390277777778
JPN00025,2019-07-10,,,300.0,0.125,7.4,,0.05,22.1,1.203,0.154,0.5,60.1,7.6,Lake Kasumigaura - Station 3,36.1197222222222,140.390277777778
JPN00025,2019-08-07,,,340.0,0.122,6.4,,0.077,32.8,0.906,0.147,0.5,45.8,8.2,Lake Kasumigaura - Station 3,36.1197222222222,140.390277777778
JPN00025,2019-09-11,,,330.0,0.058,4.7,,0.059,28.3,0.926,0.129,0.65,36.6,7.6,Lake Kasumigaura - Station 3,36.1197222222222,140.390277777778
JPN00025,2019-10-09,,,280.0,0.004,9.9,,0.03,23.5,1.006,0.109,0.55,25.0,8.7,Lake Kasumigaura - Station 3,36.1197222222222,140.390277777778
JPN00025,2019-11-13,,,192.0,0.0,12.0,,0.01,15.7,1.881,0.07,0.8,18.8,8.8,Lake Kasumigaura - Station 3,36.1197222222222,140.390277777778
JPN00025,2019-12-11,,,185.0,0.003,13.4,,0.008,9.8,1.874,0.056,1.0,12.8,8.8,Lake Kasumigaura - Station 3,36.1197222222222,140.390277777778
JPN00025,2020-01-08,,,170.0,0.004,13.4,,0.008,6.8,1.663,0.061,0.8,17.2,8.8,Lake Kasumigaura - Station 3,36.1197222222222,140.390277777778
JPN00025,2020-02-12,,,192.0,0.003,14.6,,0.009,7.6,1.794,0.067,0.75,13.4,8.5,Lake Kasumigaura - Station 3,36.1197222222222,140.390277777778
JPN00025,2020-03-12,,,204.0,0.024,12.6,,0.013,11.2,1.687,0.096,0.55,24.9,8.8,Lake Kasumigaura - Station 3,36.1197222222222,140.390277777778
JPN00026,2015-01-14,,,206.0,0.0,13.7,,0.007,4.9,0.72,0.052,0.8,9.3,8.4,Lake Kasumigaura - Station 9,36.0430555555556,140.411666666667
JPN00026,2015-02-10,,,240.0,0.006,12.6,,0.008,5.1,0.739,0.05,1.1,8.8,7.92,Lake Kasumigaura - Station 9,36.0430555555556,140.411666666667
JPN00026,2015-03-19,,,191.0,0.009,12.2,,0.011,9.5,0.664,0.063,1.0,11.5,8.41,Lake Kasumigaura - Station 9,36.0430555555556,140.411666666667
JPN00026,2015-04-10,,,243.0,0.124,12.1,,0.021,11.8,0.891,0.093,0.75,16.1,7.94,Lake Kasumigaura - Station 9,36.0430555555556,140.411666666667
JPN00026,2015-05-15,,,250.0,0.0,9.4,,0.014,21.9,0.74,0.102,0.6,28.0,9.26,Lake Kasumigaura - Station 9,36.0430555555556,140.411666666667
JPN00026,2015-06-10,,,298.0,0.186,8.2,,0.04,22.8,1.061,0.091,0.85,19.2,8.08,Lake Kasumigaura - Station 9,36.0430555555556,140.411666666667
JPN00026,2015-07-08,,,286.0,0.156,10.2,,0.074,23.5,1.099,0.141,0.6,30.0,10.58,Lake Kasumigaura - Station 9,36.0430555555556,140.411666666667
JPN00026,2015-08-11,,,300.0,0.06,7.9,,0.104,30.2,0.927,0.175,0.55,22.7,9.22,Lake Kasumigaura - Station 9,36.0430555555556,140.411666666667
JPN00026,2015-09-11,,,307.0,0.139,7.4,,0.071,23.8,1.074,0.118,0.7,22.5,7.76,Lake Kasumigaura - Station 9,36.0430555555556,140.411666666667
JPN00026,2015-10-14,,,243.0,0.01,9.8,,0.033,20.0,1.188,0.082,0.8,16.3,8.44,Lake Kasumigaura - Station 9,36.0430555555556,140.411666666667
JPN00026,2015-11-11,,,250.0,0.068,9.1,,0.029,16.4,1.046,0.078,0.8,18.3,7.76,Lake Kasumigaura - Station 9,36.0430555555556,140.411666666667
JPN00026,2015-12-09,,,259.0,0.001,13.0,,0.011,10.4,1.005,0.067,0.9,17.9,8.42,Lake Kasumigaura - Station 9,36.0430555555556,140.411666666667
JPN00026,2016-01-13,,,203.0,0.018,13.7,,0.008,7.4,0.863,0.056,1.05,14.1,8.91,Lake Kasumigaura - Station 9,36.0430555555556,140.411666666667
JPN00026,2016-02-12,,,219.0,0.007,13.3,,0.011,5.6,1.087,0.062,1.0,16.0,8.79,Lake Kasumigaura - Station 9,36.0430555555556,140.411666666667
JPN00026,2016-03-14,,,240.0,0.017,12.9,,0.012,8.6,0.999,0.071,0.9,12.7,8.02,Lake Kasumigaura - Station 9,36.0430555555556,140.411666666667
JPN00026,2016-04-13,,,275.0,0.0,10.3,,0.009,13.5,0.842,0.121,0.75,20.5,8.37,Lake Kasumigaura - Station 9,36.0430555555556,140.411666666667
JPN00026,2016-05-12,,,250.0,0.0,9.1,,0.015,21.0,0.689,0.091,0.8,24.5,8.56,Lake Kasumigaura - Station 9,36.0430555555556,140.411666666667
JPN00026,2016-06-07,,,308.0,0.0,8.2,,0.017,21.9,0.744,0.095,0.7,24.5,8.23,Lake Kasumigaura - Station 9,36.0430555555556,140.411666666667
JPN00026,2016-07-12,,,305.0,0.029,,,0.047,26.8,0.748,0.102,0.95,15.2,7.98,Lake Kasumigaura - Station 9,36.0430555555556,140.411666666667
JPN00026,2016-08-09,,,327.0,0.005,7.3,,0.065,28.2,0.98,0.123,0.7,24.7,8.09,Lake Kasumigaura - Station 9,36.0430555555556,140.411666666667
JPN00026,2016-09-07,,,304.0,0.029,7.2,,0.05,27.5,0.742,0.108,0.85,19.5,8.5,Lake Kasumigaura - Station 9,36.0430555555556,140.411666666667
JPN00026,2016-10-12,,,270.0,0.063,8.4,,0.054,21.4,0.968,0.082,0.9,14.8,7.94,Lake Kasumigaura - Station 9,36.0430555555556,140.411666666667
JPN00026,2016-11-09,,,261.0,0.005,10.1,,0.025,14.3,1.088,0.074,0.9,13.5,8.19,Lake Kasumigaura - Station 9,36.0430555555556,140.411666666667
JPN00026,2016-12-07,,,253.0,0.013,11.6,,0.01,10.5,0.851,0.065,0.85,15.0,8.32,Lake Kasumigaura - Station 9,36.0430555555556,140.411666666667
JPN00026,2017-01-11,,,249.0,0.016,13.6,,0.008,6.9,0.804,0.052,1.35,6.7,7.95,Lake Kasumigaura - Station 9,36.0430555555556,140.411666666667
JPN00026,2017-02-08,,,252.0,0.023,12.2,,0.011,5.1,0.938,0.092,0.6,36.8,7.7,Lake Kasumigaura - Station 9,36.0430555555556,140.411666666667
JPN00026,2017-03-08,,,260.0,0.005,13.5,,0.009,8.2,0.883,0.07,0.75,23.7,8.37,Lake Kasumigaura - Station 9,36.0430555555556,140.411666666667
JPN00026,2017-04-12,,,270.0,0.048,11.17,,0.018,13.11,0.745,0.074,1.0,15.8,8.35,Lake Kasumigaura - Station 9,36.0430555555556,140.411666666667
JPN00026,2017-05-10,,,288.0,0.0,9.89,,0.009,19.68,0.629,0.074,0.75,23.2,8.29,Lake Kasumigaura - Station 9,36.0430555555556,140.411666666667
JPN00026,2017-06-07,,,308.0,0.0,8.03,,0.015,22.55,0.585,0.075,0.8,22.3,7.76,Lake Kasumigaura - Station 9,36.0430555555556,140.411666666667
JPN00026,2017-07-12,,,307.0,0.0,8.92,,0.018,28.78,0.679,0.08,1.0,16.5,8.75,Lake Kasumigaura - Station 9,36.0430555555556,140.411666666667
JPN00026,2017-08-09,,,257.0,0.002,10.4,,0.068,28.0,0.891,0.127,0.7,27.8,,Lake Kasumigaura - Station 9,36.0430555555556,140.411666666667
JPN00026,2017-09-13,,,320.0,0.0,9.88,,0.064,24.72,0.665,0.115,1.1,15.2,8.7,Lake Kasumigaura - Station 9,36.0430555555556,140.411666666667
JPN00026,2017-10-11,,,327.0,0.003,8.73,,0.041,21.34,0.651,0.093,0.85,17.8,7.85,Lake Kasumigaura - Station 9,36.0430555555556,140.411666666667
JPN00026,2017-11-08,,,231.0,0.001,9.43,,0.03,15.44,0.71,0.095,0.6,29.0,7.76,Lake Kasumigaura - Station 9,36.0430555555556,140.411666666667
JPN00026,2017-12-13,,,251.0,0.0,12.36,,0.008,8.44,0.777,0.064,0.75,13.6,8.32,Lake Kasumigaura - Station 9,36.0430555555556,140.411666666667
JPN00026,2018-01-10,,,226.0,0.006,12.94,,0.008,4.72,0.93,0.07,0.9,16.6,8.07,Lake Kasumigaura - Station 9,36.0430555555556,140.411666666667
JPN00026,2018-02-07,,,218.0,0.004,13.41,,0.009,3.65,0.934,0.071,0.8,13.9,7.97,Lake Kasumigaura - Station 9,36.0430555555556,140.411666666667
JPN00026,2018-03-12,,,202.0,0.017,12.22,,0.016,9.42,0.801,0.078,0.9,15.4,9.64,Lake Kasumigaura - Station 9,36.0430555555556,140.411666666667
JPN00026,2019-04-10,,,235.0,0.003,10.3,,0.013,12.2,0.607,0.062,1.05,16.3,8.0,Lake Kasumigaura - Station 9,36.0430555555556,140.411666666667
JPN00026,2019-05-08,,,297.0,0.01,9.3,,0.01,17.8,0.655,0.069,0.5,22.5,8.0,Lake Kasumigaura - Station 9,36.0430555555556,140.411666666667
JPN00026,2019-06-12,,,325.0,0.012,9.0,,0.027,20.3,0.711,0.086,0.6,31.0,7.7,Lake Kasumigaura - Station 9,36.0430555555556,140.411666666667
JPN00026,2019-07-10,,,314.0,0.043,8.0,,0.051,21.8,0.912,0.124,0.6,37.7,7.6,Lake Kasumigaura - Station 9,36.0430555555556,140.411666666667
JPN00026,2019-08-07,,,337.0,0.014,7.2,,0.04,30.8,0.65,0.099,0.9,25.7,8.5,Lake Kasumigaura - Station 9,36.0430555555556,140.411666666667
JPN00026,2019-09-11,,,340.0,0.06,7.6,,0.063,28.6,0.896,0.152,0.4,61.1,8.2,Lake Kasumigaura - Station 9,36.0430555555556,140.411666666667
JPN00026,2019-10-09,,,329.0,0.119,7.8,,0.07,23.2,0.886,0.105,0.7,18.5,7.9,Lake Kasumigaura - Station 9,36.0430555555556,140.411666666667
JPN00026,2019-11-13,,,251.0,0.013,9.2,,0.047,15.6,1.207,0.095,0.05,23.7,7.6,Lake Kasumigaura - Station 9,36.0430555555556,140.411666666667
JPN00026,2019-12-11,,,220.0,0.005,11.2,,0.033,9.8,1.276,0.077,0.65,24.2,7.7,Lake Kasumigaura - Station 9,36.0430555555556,140.411666666667
JPN00026,2020-01-08,,,224.0,0.008,12.1,,0.015,6.8,1.17,0.064,0.85,22.3,7.6,Lake Kasumigaura - Station 9,36.0430555555556,140.411666666667
JPN00026,2020-02-12,,,209.0,0.004,13.4,,0.01,6.4,1.107,0.068,0.6,19.4,8.2,Lake Kasumigaura - Station 9,36.0430555555556,140.411666666667
JPN00026,2020-03-12,,,222.0,0.006,12.5,,0.011,10.0,0.894,0.073,0.6,22.0,8.4,Lake Kasumigaura - Station 9,36.0430555555556,140.411666666667
JPN00027,2015-01-14,,,274.0,0.0,13.8,,0.006,4.9,0.557,0.058,0.8,12.3,8.48,Lake Kasumigaura - Station 12,35.9777777777778,140.481388888889
JPN00027,2015-02-10,,,259.0,0.002,12.9,,0.008,5.1,0.655,0.062,1.0,11.0,8.08,Lake Kasumigaura - Station 12,35.9777777777778,140.481388888889
JPN00027,2015-03-19,,,248.0,0.002,12.3,,0.011,10.7,0.601,0.06,0.9,12.4,8.64,Lake Kasumigaura - Station 12,35.9777777777778,140.481388888889
JPN00027,2015-04-10,,,281.0,0.002,13.3,,0.011,11.0,0.73,0.064,0.7,16.5,8.35,Lake Kasumigaura - Station 12,35.9777777777778,140.481388888889
JPN00027,2015-05-15,,,331.0,0.0,10.0,,0.011,20.5,0.714,0.088,0.65,25.4,9.18,Lake Kasumigaura - Station 12,35.9777777777778,140.481388888889
JPN00027,2015-06-10,,,297.0,0.049,8.7,,0.021,22.7,0.896,0.079,0.75,18.4,8.32,Lake Kasumigaura - Station 12,35.9777777777778,140.481388888889
JPN00027,2015-07-08,,,311.0,0.043,8.4,,0.057,23.2,1.133,0.124,0.65,25.1,10.41,Lake Kasumigaura - Station 12,35.9777777777778,140.481388888889
JPN00027,2015-08-11,,,303.0,0.006,8.1,,0.084,29.6,0.951,0.159,0.65,26.5,9.15,Lake Kasumigaura - Station 12,35.9777777777778,140.481388888889
JPN00027,2015-09-11,,,317.0,0.072,7.6,,0.067,23.5,1.037,0.118,0.65,24.8,7.83,Lake Kasumigaura - Station 12,35.9777777777778,140.481388888889
JPN00027,2015-10-14,,,282.0,0.0,11.8,,0.015,19.3,1.026,0.086,0.9,16.5,9.11,Lake Kasumigaura - Station 12,35.9777777777778,140.481388888889
JPN00027,2015-11-11,,,251.0,0.085,9.5,,0.025,17.0,1.011,0.083,0.8,19.1,8.05,Lake Kasumigaura - Station 12,35.9777777777778,140.481388888889
JPN00027,2015-12-09,,,240.0,0.002,11.9,,0.019,9.8,0.897,0.057,0.8,16.1,8.68,Lake Kasumigaura - Station 12,35.9777777777778,140.481388888889
JPN00027,2016-01-13,,,272.0,0.006,13.3,,0.009,7.2,0.803,0.059,0.9,17.9,9.01,Lake Kasumigaura - Station 12,35.9777777777778,140.481388888889
JPN00027,2016-02-12,,,280.0,0.0,16.6,,0.011,5.9,0.931,0.073,0.85,20.3,8.99,Lake Kasumigaura - Station 12,35.9777777777778,140.481388888889
JPN00027,2016-03-14,,,250.0,0.012,12.2,,0.012,8.2,0.934,0.071,0.85,15.4,8.14,Lake Kasumigaura - Station 12,35.9777777777778,140.481388888889
JPN00027,2016-04-13,,,293.0,0.0,10.0,,0.009,13.8,0.918,0.091,0.7,25.9,8.23,Lake Kasumigaura - Station 12,35.9777777777778,140.481388888889
JPN00027,2016-05-12,,,288.0,0.0,8.9,,0.008,20.3,0.622,0.063,1.1,14.8,8.38,Lake Kasumigaura - Station 12,35.9777777777778,140.481388888889
JPN00027,2016-06-07,,,347.0,0.002,7.9,,0.011,21.9,0.64,0.07,0.75,14.8,8.26,Lake Kasumigaura - Station 12,35.9777777777778,140.481388888889
JPN00027,2016-07-12,,,327.0,0.001,,,0.03,26.4,0.86,0.091,0.85,18.8,7.98,Lake Kasumigaura - Station 12,35.9777777777778,140.481388888889
JPN00027,2016-08-09,,,379.0,0.032,7.7,,0.048,27.6,0.955,0.118,0.7,32.9,8.4,Lake Kasumigaura - Station 12,35.9777777777778,140.481388888889
JPN00027,2016-09-07,,,327.0,0.012,7.8,,0.046,27.7,0.699,0.102,0.7,21.9,8.67,Lake Kasumigaura - Station 12,35.9777777777778,140.481388888889
JPN00027,2016-10-12,,,301.0,0.003,9.5,,0.032,20.5,0.788,0.086,0.9,14.9,8.48,Lake Kasumigaura - Station 12,35.9777777777778,140.481388888889
JPN00027,2016-11-09,,,318.0,0.023,9.9,,0.013,13.9,1.136,0.085,0.75,19.9,8.31,Lake Kasumigaura - Station 12,35.9777777777778,140.481388888889
JPN00027,2016-12-07,,,280.0,0.004,12.4,,0.011,10.5,0.834,0.071,0.75,19.7,8.59,Lake Kasumigaura - Station 12,35.9777777777778,140.481388888889
JPN00027,2017-01-11,,,303.0,0.045,12.4,,0.011,6.8,0.9,0.076,0.8,14.5,7.76,Lake Kasumigaura - Station 12,35.9777777777778,140.481388888889
JPN00027,2017-02-08,,,294.0,0.001,12.4,,0.009,5.3,0.913,0.083,0.75,24.1,7.78,Lake Kasumigaura - Station 12,35.9777777777778,140.481388888889
JPN00027,2017-03-08,,,270.0,0.002,13.4,,0.009,8.3,0.855,0.072,0.65,25.2,8.3,Lake Kasumigaura - Station 12,35.9777777777778,140.481388888889
JPN00027,2017-04-12,,,292.0,0.001,10.98,,0.014,12.9,0.668,0.065,0.85,17.4,8.36,Lake Kasumigaura - Station 12,35.9777777777778,140.481388888889
JPN00027,2017-05-10,,,303.0,0.0,9.64,,0.008,19.67,0.611,0.068,0.7,22.5,8.2,Lake Kasumigaura - Station 12,35.9777777777778,140.481388888889
JPN00027,2017-06-07,,,343.0,0.006,7.66,,0.012,22.39,0.612,0.071,0.85,22.6,7.65,Lake Kasumigaura - Station 12,35.9777777777778,140.481388888889
JPN00027,2017-07-12,,,327.0,0.002,6.29,,0.021,27.11,0.677,0.092,0.9,20.2,7.54,Lake Kasumigaura - Station 12,35.9777777777778,140.481388888889
JPN00027,2017-08-09,,,254.0,0.001,12.48,,0.045,28.22,0.839,0.12,0.7,28.0,,Lake Kasumigaura - Station 12,35.9777777777778,140.481388888889
JPN00027,2017-09-13,,,354.0,0.002,9.47,,0.064,24.72,0.65,0.115,0.85,16.9,8.5,Lake Kasumigaura - Station 12,35.9777777777778,140.481388888889
JPN00027,2017-10-11,,,373.0,0.002,9.2,,0.036,21.58,0.649,0.099,0.95,18.4,7.87,Lake Kasumigaura - Station 12,35.9777777777778,140.481388888889
JPN00027,2017-11-08,,,220.0,0.005,9.98,,0.029,15.78,0.504,0.089,0.6,26.3,7.87,Lake Kasumigaura - Station 12,35.9777777777778,140.481388888889
JPN00027,2017-12-13,,,273.0,0.0,13.08,,0.009,8.11,0.798,0.072,0.75,13.1,8.8,Lake Kasumigaura - Station 12,35.9777777777778,140.481388888889
JPN00027,2018-01-10,,,248.0,0.009,13.41,,0.008,4.72,0.795,0.082,0.8,16.4,8.32,Lake Kasumigaura - Station 12,35.9777777777778,140.481388888889
JPN00027,2018-02-07,,,238.0,0.003,13.8,,0.009,4.14,0.771,0.063,0.8,12.0,8.07,Lake Kasumigaura - Station 12,35.9777777777778,140.481388888889
JPN00027,2018-03-12,,,204.0,0.008,12.3,,0.015,8.91,0.767,0.064,0.75,17.1,9.68,Lake Kasumigaura - Station 12,35.9777777777778,140.481388888889
JPN00027,2019-04-10,,,253.0,0.004,10.5,,0.012,12.5,0.601,0.057,0.9,17.2,8.0,Lake Kasumigaura - Station 12,35.9777777777778,140.481388888889
JPN00027,2019-05-08,,,331.0,0.006,9.6,,0.009,18.0,0.67,0.069,0.7,24.7,8.2,Lake Kasumigaura - Station 12,35.9777777777778,140.481388888889
JPN00027,2019-06-12,,,355.0,0.009,9.9,,0.015,19.8,0.738,0.082,0.7,30.8,8.0,Lake Kasumigaura - Station 12,35.9777777777778,140.481388888889
JPN00027,2019-07-10,,,359.0,0.003,9.8,,0.023,21.2,0.824,0.099,0.6,36.0,8.1,Lake Kasumigaura - Station 12,35.9777777777778,140.481388888889
JPN00027,2019-08-07,,,363.0,0.009,6.6,,0.03,30.0,0.766,0.112,0.75,28.8,8.0,Lake Kasumigaura - Station 12,35.9777777777778,140.481388888889
JPN00027,2019-09-11,,,341.0,0.045,6.3,,0.066,28.0,0.948,0.161,0.4,68.1,7.7,Lake Kasumigaura - Station 12,35.9777777777778,140.481388888889
JPN00027,2019-10-09,,,349.0,0.016,8.6,,0.06,22.6,0.835,0.115,0.65,25.5,8.1,Lake Kasumigaura - Station 12,35.9777777777778,140.481388888889
JPN00027,2019-11-13,,,271.0,0.018,9.1,,0.036,15.6,1.132,0.103,0.55,40.2,7.6,Lake Kasumigaura - Station 12,35.9777777777778,140.481388888889
JPN00027,2019-12-11,,,257.0,0.008,11.4,,0.028,9.4,1.263,0.084,0.65,29.4,7.6,Lake Kasumigaura - Station 12,35.9777777777778,140.481388888889
JPN00027,2020-01-08,,,250.0,0.008,13.0,,0.014,7.1,1.183,0.077,0.65,23.9,8.1,Lake Kasumigaura - Station 12,35.9777777777778,140.481388888889
JPN00027,2020-02-12,,,239.0,0.006,13.5,,0.009,6.6,1.028,0.075,0.7,20.1,8.0,Lake Kasumigaura - Station 12,35.9777777777778,140.481388888889
JPN00027,2020-03-12,,,238.0,0.018,12.2,,0.012,11.1,0.85,0.083,0.55,27.9,8.5,Lake Kasumigaura - Station 12,35.9777777777778,140.481388888889
RUS00021,2015-06-27,,0.7,1179.0,0.01,11.7,1.8,0.02,6.2,,,,2.0,7.8,Baikal Lake - Listvyanka,51.6666666666667,105.0
RUS00021,2015-06-27,,0.8,1178.0,0.01,11.7,1.8,0.02,6.0,,,,2.0,7.8,Baikal Lake - Listvyanka,51.6666666666667,105.0
RUS00021,2015-06-27,,0.8,1181.0,0.01,11.4,1.8,0.02,5.0,,,,2.0,7.6,Baikal Lake - Listvyanka,51.6666666666667,105.0
RUS00021,2015-09-11,,0.7,1223.0,0.01,9.7,0.2,0.02,15.2,,,,2.0,7.8,Baikal Lake - Listvyanka,51.6666666666667,105.0
RUS00021,2015-09-11,,0.8,1213.0,0.01,10.5,0.1,0.02,12.2,,,,2.0,7.8,Baikal Lake - Listvyanka,51.6666666666667,105.0
RUS00021,2015-09-11,,0.8,1216.0,0.01,10.8,0.3,0.02,6.2,,,,2.0,7.8,Baikal Lake - Listvyanka,51.6666666666667,105.0
RUS00021,2015-10-21,,0.6,1205.0,0.01,10.5,0.4,0.02,7.8,,,,2.0,7.7,Baikal Lake - Listvyanka,51.6666666666667,105.0
RUS00021,2016-06-16,,0.7,1230.0,0.01,12.1,0.5,0.02,4.3,,,,2.0,7.5,Baikal Lake - Listvyanka,51.6666666666667,105.0
RUS00021,2016-06-16,,0.7,1221.0,0.01,11.2,0.4,0.02,3.7,,,,2.0,7.6,Baikal Lake - Listvyanka,51.6666666666667,105.0
RUS00021,2016-06-16,,0.7,1203.0,0.01,11.0,0.6,0.02,3.5,,,,2.0,7.7,Baikal Lake - Listvyanka,51.6666666666667,105.0
RUS00021,2016-09-07,,0.7,1151.0,0.01,11.0,0.4,0.02,7.5,,,,2.0,7.7,Baikal Lake - Listvyanka,51.6666666666667,105.0
RUS00021,2016-09-07,,0.8,1165.0,0.01,11.1,0.3,0.02,5.2,,,,2.0,7.8,Baikal Lake - Listvyanka,51.6666666666667,105.0
RUS00021,2016-09-07,,0.6,1205.0,0.01,11.0,0.4,0.02,4.2,,,,2.0,7.9,Baikal Lake - Listvyanka,51.6666666666667,105.0
RUS00021,2016-10-27,,0.7,1218.0,0.01,10.7,0.4,0.02,8.2,,,,2.0,7.8,Baikal Lake - Listvyanka,51.6666666666667,105.0
RUS00021,2017-06-20,,0.7,1241.0,0.01,11.6,0.1,0.02,8.2,,,,2.0,7.6,Baikal Lake - Listvyanka,51.6666666666667,105.0
RUS00021,2017-06-20,,0.7,1222.0,0.01,12.3,0.2,0.02,5.0,,,,2.0,7.7,Baikal Lake - Listvyanka,51.6666666666667,105.0
RUS00021,2017-06-20,,0.6,1222.0,0.01,11.6,0.2,0.02,4.0,,,,2.0,7.7,Baikal Lake - Listvyanka,51.6666666666667,105.0
RUS00021,2017-09-05,,0.6,1147.0,0.01,11.8,0.4,0.02,6.3,,,,2.0,7.6,Baikal Lake - Listvyanka,51.6666666666667,105.0
RUS00021,2017-09-05,,0.6,1164.0,0.01,12.3,0.4,0.02,5.0,,,,2.0,7.7,Baikal Lake - Listvyanka,51.6666666666667,105.0
RUS00021,2017-09-05,,0.6,1161.0,0.01,12.0,0.4,0.02,3.9,,,,2.0,7.9,Baikal Lake - Listvyanka,51.6666666666667,105.0
RUS00021,2018-07-04,,0.8,1213.0,0.01,10.9,0.6,0.02,9.7,,,,2.0,7.7,Baikal Lake - Listvyanka,51.6666666666667,105.0
RUS00021,2018-07-04,,0.8,1231.0,0.01,11.3,0.6,0.02,5.0,,,,2.0,7.6,Baikal Lake - Listvyanka,51.6666666666667,105.0
RUS00021,2018-07-04,,0.7,1226.0,0.01,11.3,0.6,0.02,4.4,,,,2.0,7.7,Baikal Lake - Listvyanka,51.6666666666667,105.0
RUS00021,2018-09-15,,0.7,1190.0,0.01,10.5,0.5,0.02,11.5,,,,2.0,7.9,Baikal Lake - Listvyanka,51.6666666666667,105.0
RUS00021,2018-09-15,,0.7,1200.0,0.02,11.6,0.5,0.02,6.0,,,,2.0,7.9,Baikal Lake - Listvyanka,51.6666666666667,105.0
RUS00021,2018-09-15,,0.7,1200.0,0.01,10.8,0.7,0.02,4.0,,,,2.0,7.9,Baikal Lake - Listvyanka,51.6666666666667,105.0
RUS00021,2019-06-15,,0.6,1242.0,0.02,11.2,0.6,0.02,4.0,,,,2.0,7.7,Baikal Lake - Listvyanka,51.6666666666667,105.0
RUS00021,2019-06-15,,0.6,1254.0,0.02,11.2,0.7,0.02,4.5,,,,2.0,7.7,Baikal Lake - Listvyanka,51.6666666666667,105.0
RUS00021,2019-06-15,,0.6,1250.0,0.03,10.1,0.7,0.02,4.5,,,,2.0,7.6,Baikal Lake - Listvyanka,51.6666666666667,105.0
RUS00021,2019-09-11,,0.7,1236.0,0.01,9.8,0.6,0.02,13.8,,,,2.0,8.0,Baikal Lake - Listvyanka,51.6666666666667,105.0
RUS00021,2019-09-11,,0.6,1230.0,0.02,10.8,0.6,0.02,8.8,,,,2.0,7.8,Baikal Lake - Listvyanka,51.6666666666667,105.0
RUS00021,2019-09-11,,0.6,1244.0,0.01,10.9,0.6,0.02,4.5,,,,2.0,7.7,Baikal Lake - Listvyanka,51.6666666666667,105.0
RUS00021,2019-10-20,,0.6,1148.0,0.01,10.6,0.4,0.02,7.6,,,,2.0,7.4,Baikal Lake - Listvyanka,51.6666666666667,105.0
RUS00021,2020-06-20,,0.6,1220.0,0.01,11.4,1.4,0.03,6.7,,,,2.0,7.8,Baikal Lake - Listvyanka,51.6666666666667,105.0
RUS00021,2020-06-20,,0.6,1227.0,0.01,11.7,0.7,0.03,5.1,,,,2.0,7.7,Baikal Lake - Listvyanka,51.6666666666667,105.0
RUS00021,2020-06-20,,0.6,1243.0,0.01,12.6,0.9,0.02,4.9,,,,2.0,7.7,Baikal Lake - Listvyanka,51.6666666666667,105.0
RUS00021,2020-09-02,,0.6,1228.0,0.01,9.7,0.5,0.02,14.0,,,,2.0,7.7,Baikal Lake - Listvyanka,51.6666666666667,105.0
RUS00021,2020-09-02,,0.6,1237.0,0.01,10.9,0.3,0.02,9.0,,,,2.0,7.7,Baikal Lake - Listvyanka,51.6666666666667,105.0
RUS00021,2020-09-02,,0.6,1239.0,0.01,9.5,1.2,0.02,7.0,,,,2.0,7.5,Baikal Lake - Listvyanka,51.6666666666667,105.0
RUS00021,2020-10-26,,0.6,1144.0,0.01,10.8,0.3,0.02,4.9,,,,2.0,8.0,Baikal Lake - Listvyanka,51.6666666666667,105.0
RUS00021,2021-06-23,,0.6,1177.0,0.01,11.5,0.3,0.02,5.1,,,,2.0,7.7,Baikal Lake - Listvyanka,51.6666666666667,105.0
RUS00021,2021-06-23,,0.6,1201.0,0.01,11.4,0.05,0.02,4.4,,,,2.0,7.8,Baikal Lake - Listvyanka,51.6666666666667,105.0
RUS00021,2021-06-23,,0.6,1206.0,0.01,10.3,0.9,0.02,4.3,,,,2.0,7.6,Baikal Lake - Listvyanka,51.6666666666667,105.0
RUS00021,2021-09-04,,0.6,1224.0,0.01,9.8,0.3,0.02,12.8,,,,2.0,8.2,Baikal Lake - Listvyanka,51.6666666666667,105.0
RUS00021,2021-09-04,,0.6,1202.0,0.01,10.3,0.3,0.02,9.8,,,,2.0,8.1,Baikal Lake - Listvyanka,51.6666666666667,105.0
RUS00021,2021-09-04,,0.6,1207.0,0.01,10.0,0.8,0.02,5.2,,,,2.0,7.7,Baikal Lake - Listvyanka,51.6666666666667,105.0
RUS00021,2021-10-26,,0.6,1216.0,0.01,11.3,0.5,0.02,6.8,,,,2.0,7.9,Baikal Lake - Listvyanka,51.6666666666667,105.0
RUS00021,2022-06-29,,0.8,1218.0,0.01,10.1,0.3,0.02,9.4,,,,2.0,7.8,Baikal Lake - Listvyanka,51.6666666666667,105.0
RUS00021,2022-06-29,,0.7,1224.0,0.01,10.0,0.4,0.02,10.1,,,,2.0,7.9,Baikal Lake - Listvyanka,51.6666666666667,105.0
RUS00021,2022-06-29,,0.8,1220.0,0.01,8.6,1.7,0.02,4.5,,,,2.0,7.8,Baikal Lake - Listvyanka,51.6666666666667,105.0
RUS00021,2022-09-02,,0.8,1197.0,0.01,10.0,1.0,0.03,8.8,,,,2.0,7.9,Baikal Lake - Listvyanka,51.6666666666667,105.0
RUS00021,2022-09-02,,0.7,1191.0,0.01,10.1,0.3,0.03,6.7,,,,2.0,7.8,Baikal Lake - Listvyanka,51.6666666666667,105.0
RUS00021,2022-09-02,,0.7,1180.0,0.01,9.1,0.4,0.03,4.8,,,,2.0,7.5,Baikal Lake - Listvyanka,51.6666666666667,105.0
RUS00021,2022-10-22,,0.8,1205.0,0.01,10.1,0.5,0.02,7.2,,,,2.0,8.0,Baikal Lake - Listvyanka,51.6666666666667,105.0
RUS00022,2015-06-27,,0.8,1208.0,0.01,12.5,1.3,0.02,7.4,,,,2.0,7.8,Baikal Lake - Kransni,52.3333333333333,106.0
RUS00022,2015-06-27,,0.7,1189.0,0.01,12.2,1.3,0.02,7.0,,,,2.0,7.9,Baikal Lake - Kransni,52.3333333333333,106.0
RUS00022,2015-06-27,,0.8,1197.0,0.01,12.0,1.2,0.02,6.1,,,,2.0,7.8,Baikal Lake - Kransni,52.3333333333333,106.0
RUS00022,2015-09-12,,0.8,1212.0,0.01,10.4,0.3,0.02,11.5,,,,2.0,7.7,Baikal Lake - Kransni,52.3333333333333,106.0
RUS00022,2015-09-12,,0.7,1212.0,0.01,10.7,0.3,0.02,11.0,,,,2.0,7.8,Baikal Lake - Kransni,52.3333333333333,106.0
RUS00022,2015-09-12,,0.7,1219.0,0.01,10.7,0.2,0.02,9.2,,,,2.0,7.8,Baikal Lake - Kransni,52.3333333333333,106.0
RUS00022,2015-10-21,,0.6,1198.0,0.01,10.5,0.4,0.02,7.6,,,,2.0,7.9,Baikal Lake - Kransni,52.3333333333333,106.0
RUS00022,2016-06-16,,0.7,1205.0,0.01,10.9,0.5,0.02,6.0,,,,2.0,7.6,Baikal Lake - Kransni,52.3333333333333,106.0
RUS00022,2016-06-16,,0.8,1209.0,0.01,10.9,0.5,0.02,5.5,,,,2.0,7.6,Baikal Lake - Kransni,52.3333333333333,106.0
RUS00022,2016-06-16,,0.7,1210.0,0.01,10.7,0.3,0.02,4.0,,,,2.0,7.7,Baikal Lake - Kransni,52.3333333333333,106.0
RUS00022,2016-09-08,,0.8,1205.0,0.01,10.4,0.4,0.02,12.8,,,,2.0,7.8,Baikal Lake - Kransni,52.3333333333333,106.0
RUS00022,2016-09-08,,0.7,1215.0,0.01,11.3,0.3,0.02,7.0,,,,2.0,7.7,Baikal Lake - Kransni,52.3333333333333,106.0
RUS00022,2016-09-08,,0.7,1195.0,0.01,11.3,0.5,0.02,4.7,,,,2.0,7.6,Baikal Lake - Kransni,52.3333333333333,106.0
RUS00022,2016-10-19,,0.7,1225.0,0.1,10.4,0.5,0.02,9.6,,,,2.0,7.5,Baikal Lake - Kransni,52.3333333333333,106.0
RUS00022,2017-06-21,,0.7,1226.0,0.01,11.4,0.1,0.02,8.8,,,,2.0,7.5,Baikal Lake - Kransni,52.3333333333333,106.0
RUS00022,2017-06-21,,0.8,1226.0,0.01,11.6,0.2,0.02,4.5,,,,2.0,7.7,Baikal Lake - Kransni,52.3333333333333,106.0
RUS00022,2017-06-21,,0.6,1226.0,0.01,11.6,0.2,0.02,4.0,,,,2.0,7.7,Baikal Lake - Kransni,52.3333333333333,106.0
RUS00022,2017-09-06,,0.7,1193.0,0.01,11.8,0.3,0.02,7.2,,,,2.0,8.0,Baikal Lake - Kransni,52.3333333333333,106.0
RUS00022,2017-09-06,,0.7,1176.0,0.01,12.1,0.4,0.02,6.4,,,,2.0,7.7,Baikal Lake - Kransni,52.3333333333333,106.0
RUS00022,2017-09-06,,0.7,1197.0,0.01,11.8,0.5,0.02,4.4,,,,2.0,7.7,Baikal Lake - Kransni,52.3333333333333,106.0
RUS00022,2018-07-04,,0.8,1229.0,0.01,11.0,0.6,0.02,9.1,,,,2.0,7.8,Baikal Lake - Kransni,52.3333333333333,106.0
RUS00022,2018-07-04,,0.8,1224.0,0.01,12.0,0.6,0.02,5.2,,,,2.0,7.7,Baikal Lake - Kransni,52.3333333333333,106.0
RUS00022,2018-07-05,,0.8,1228.0,0.01,11.8,0.6,0.02,4.0,,,,2.0,7.7,Baikal Lake - Kransni,52.3333333333333,106.0
RUS00022,2018-09-16,,0.7,1206.0,0.02,10.5,0.5,0.02,11.8,,,,2.0,7.9,Baikal Lake - Kransni,52.3333333333333,106.0
RUS00022,2018-09-16,,1.1,1201.0,0.01,9.9,0.6,0.02,10.8,,,,2.0,7.9,Baikal Lake - Kransni,52.3333333333333,106.0
RUS00022,2018-09-16,,0.6,1202.0,0.01,11.3,0.6,0.02,4.8,,,,2.0,7.7,Baikal Lake - Kransni,52.3333333333333,106.0
RUS00022,2019-06-16,,0.6,1242.0,0.02,11.3,0.6,0.02,6.0,,,,2.0,7.7,Baikal Lake - Kransni,52.3333333333333,106.0
RUS00022,2019-06-16,,0.7,1242.0,0.02,10.0,0.5,0.02,6.0,,,,2.0,7.7,Baikal Lake - Kransni,52.3333333333333,106.0
RUS00022,2019-06-16,,0.7,1241.0,0.01,10.9,0.5,0.02,6.0,,,,2.0,7.7,Baikal Lake - Kransni,52.3333333333333,106.0
RUS00022,2019-09-11,,0.6,1266.0,0.01,9.5,0.6,0.02,12.8,,,,2.0,8.0,Baikal Lake - Kransni,52.3333333333333,106.0
RUS00022,2019-09-11,,0.6,1233.0,0.01,10.6,0.6,0.02,8.8,,,,2.0,7.6,Baikal Lake - Kransni,52.3333333333333,106.0
RUS00022,2019-09-11,,0.7,1237.0,0.01,10.2,0.8,0.03,4.0,,,,2.0,7.6,Baikal Lake - Kransni,52.3333333333333,106.0
RUS00022,2019-10-20,,0.6,1161.0,0.01,10.3,0.5,0.02,9.8,,,,2.0,7.4,Baikal Lake - Kransni,52.3333333333333,106.0
RUS00022,2020-06-21,,0.6,1219.0,0.01,11.6,0.7,0.02,6.2,,,,2.0,7.6,Baikal Lake - Kransni,52.3333333333333,106.0
RUS00022,2020-06-21,,1.0,1240.0,0.01,11.6,0.7,0.02,5.8,,,,2.0,7.8,Baikal Lake - Kransni,52.3333333333333,106.0
RUS00022,2020-06-21,,0.6,1242.0,0.01,11.3,0.8,0.02,6.0,,,,2.0,7.7,Baikal Lake - Kransni,52.3333333333333,106.0
RUS00022,2020-09-02,,0.6,1234.0,0.01,11.2,0.3,0.02,13.0,,,,2.0,8.0,Baikal Lake - Kransni,52.3333333333333,106.0
RUS00022,2020-09-02,,0.6,1242.0,0.02,9.7,0.3,0.02,8.0,,,,2.0,7.7,Baikal Lake - Kransni,52.3333333333333,106.0
RUS00022,2020-09-02,,0.6,1248.0,0.03,11.0,0.7,0.02,5.0,,,,2.0,7.7,Baikal Lake - Kransni,52.3333333333333,106.0
RUS00022,2020-10-26,,0.6,1228.0,0.01,10.5,0.6,0.02,6.1,,,,2.0,7.9,Baikal Lake - Kransni,52.3333333333333,106.0
RUS00022,2021-06-24,,0.6,1199.0,0.01,11.8,0.3,0.02,4.0,,,,2.0,7.8,Baikal Lake - Kransni,52.3333333333333,106.0
RUS00022,2021-06-24,,0.6,1190.0,0.01,11.4,0.3,0.02,3.9,,,,2.0,7.9,Baikal Lake - Kransni,52.3333333333333,106.0
RUS00022,2021-06-24,,0.6,1196.0,0.01,11.5,0.05,0.02,5.0,,,,2.0,7.8,Baikal Lake - Kransni,52.3333333333333,106.0
RUS00022,2021-09-05,,0.6,1242.0,0.01,9.8,1.1,0.02,13.0,,,,2.0,8.1,Baikal Lake - Kransni,52.3333333333333,106.0
RUS00022,2021-09-05,,0.6,1150.0,0.01,11.2,0.3,0.02,8.2,,,,2.0,7.9,Baikal Lake - Kransni,52.3333333333333,106.0
RUS00022,2021-09-05,,0.6,1163.0,0.01,10.9,0.7,0.02,5.3,,,,2.0,7.8,Baikal Lake - Kransni,52.3333333333333,106.0
RUS00022,2021-10-25,,0.6,1212.0,0.01,10.5,0.3,0.02,7.6,,,,2.0,8.0,Baikal Lake - Kransni,52.3333333333333,106.0
RUS00022,2022-06-28,,0.8,1216.0,0.01,10.0,0.8,0.02,5.3,,,,2.0,7.9,Baikal Lake - Kransni,52.3333333333333,106.0
RUS00022,2022-06-28,,0.8,1211.0,0.01,10.1,1.2,0.02,5.0,,,,2.0,7.9,Baikal Lake - Kransni,52.3333333333333,106.0
RUS00022,2022-06-28,,0.7,1225.0,0.01,10.3,0.6,0.02,4.6,,,,2.0,8.0,Baikal Lake - Kransni,52.3333333333333,106.0
RUS00022,2022-09-05,,0.8,1214.0,0.01,9.8,0.4,0.03,8.2,,,,2.0,8.0,Baikal Lake - Kransni,52.3333333333333,106.0
RUS00022,2022-09-05,,0.8,1210.0,0.01,10.0,0.3,0.02,6.8,,,,2.0,7.7,Baikal Lake - Kransni,52.3333333333333,106.0
RUS00022,2022-09-05,,0.8,1209.0,0.01,9.8,0.6,0.02,4.5,,,,2.0,7.7,Baikal Lake - Kransni,52.3333333333333,106.0
RUS00022,2022-10-22,,0.7,1210.0,0.01,9.7,0.6,0.02,7.4,,,,2.0,8.2,Baikal Lake - Kransni,52.3333333333333,106.0
RUS00023,2015-06-28,,0.7,1206.0,0.01,11.7,1.1,0.02,4.8,,,,2.0,7.9,Baikal Lake - Vshkani,53.8333333333333,108.666666666667
RUS00023,2015-06-28,,0.7,1205.0,0.01,13.0,1.1,0.02,4.5,,,,2.0,8.0,Baikal Lake - Vshkani,53.8333333333333,108.666666666667
RUS00023,2015-09-13,,0.8,1226.0,0.01,9.7,0.2,0.02,14.8,,,,2.0,7.8,Baikal Lake - Vshkani,53.8333333333333,108.666666666667
RUS00023,2015-09-13,,0.7,1227.0,0.01,10.4,0.2,0.02,11.2,,,,2.0,7.8,Baikal Lake - Vshkani,53.8333333333333,108.666666666667
RUS00023,2015-10-20,,0.6,1169.0,0.01,10.7,0.5,0.02,7.5,,,,2.0,7.7,Baikal Lake - Vshkani,53.8333333333333,108.666666666667
RUS00023,2016-06-28,,0.7,1235.0,0.01,10.9,0.4,0.02,10.1,,,,2.0,7.6,Baikal Lake - Vshkani,53.8333333333333,108.666666666667
RUS00023,2016-06-28,,0.6,1240.0,0.01,11.3,0.5,0.02,7.0,,,,2.0,7.6,Baikal Lake - Vshkani,53.8333333333333,108.666666666667
RUS00023,2016-09-10,,0.9,1209.0,0.02,9.2,0.3,0.02,16.0,,,,2.0,7.7,Baikal Lake - Vshkani,53.8333333333333,108.666666666667
RUS00023,2016-09-10,,0.6,1211.0,0.02,11.0,0.4,0.02,9.8,,,,2.0,7.8,Baikal Lake - Vshkani,53.8333333333333,108.666666666667
RUS00023,2016-10-21,,0.8,1225.0,0.03,10.7,0.4,0.02,8.8,,,,2.0,7.7,Baikal Lake - Vshkani,53.8333333333333,108.666666666667
RUS00023,2017-06-23,,0.7,1240.0,0.01,12.0,0.6,0.02,4.0,,,,2.0,7.7,Baikal Lake - Vshkani,53.8333333333333,108.666666666667
RUS00023,2017-06-23,,0.7,1235.0,0.01,12.1,0.6,0.02,4.0,,,,2.0,7.8,Baikal Lake - Vshkani,53.8333333333333,108.666666666667
RUS00023,2017-09-27,,0.6,1188.0,0.01,11.2,0.4,0.02,6.2,,,,2.0,8.0,Baikal Lake - Vshkani,53.8333333333333,108.666666666667
RUS00023,2017-09-27,,0.6,1180.0,0.01,10.7,0.6,0.02,4.7,,,,2.0,7.9,Baikal Lake - Vshkani,53.8333333333333,108.666666666667
RUS00023,2017-10-03,,0.7,1169.0,0.01,10.7,0.5,0.02,8.8,,,,2.0,7.8,Baikal Lake - Vshkani,53.8333333333333,108.666666666667
RUS00023,2018-07-16,,0.9,1230.0,0.01,11.5,0.5,0.02,8.4,,,,2.0,7.8,Baikal Lake - Vshkani,53.8333333333333,108.666666666667
RUS00023,2018-07-16,,0.8,1207.0,0.01,11.2,0.5,0.02,4.5,,,,2.0,7.7,Baikal Lake - Vshkani,53.8333333333333,108.666666666667
RUS00023,2018-09-23,,0.8,1167.0,0.01,10.2,0.7,0.02,11.2,,,,2.0,7.9,Baikal Lake - Vshkani,53.8333333333333,108.666666666667
RUS00023,2018-09-23,,1.0,1181.0,0.01,9.7,0.6,0.02,11.0,,,,2.0,7.9,Baikal Lake - Vshkani,53.8333333333333,108.666666666667
RUS00023,2019-06-27,,0.6,1244.0,0.01,12.2,0.7,0.02,5.5,,,,2.0,7.7,Baikal Lake - Vshkani,53.8333333333333,108.666666666667
RUS00023,2019-06-27,,0.7,1243.0,0.02,10.7,0.7,0.02,5.0,,,,2.0,7.7,Baikal Lake - Vshkani,53.8333333333333,108.666666666667
RUS00023,2019-09-17,,0.7,1235.0,0.01,10.6,0.7,0.02,10.0,,,,2.0,7.9,Baikal Lake - Vshkani,53.8333333333333,108.666666666667
RUS00023,2019-09-17,,0.7,1229.0,0.01,10.8,0.7,0.02,7.2,,,,2.0,7.8,Baikal Lake - Vshkani,53.8333333333333,108.666666666667
RUS00023,2019-10-17,,0.6,1176.0,0.01,10.5,0.5,0.02,9.0,,,,2.0,7.6,Baikal Lake - Vshkani,53.8333333333333,108.666666666667
RUS00023,2020-06-23,,0.6,1233.0,0.01,11.9,0.6,0.02,4.7,,,,2.0,7.6,Baikal Lake - Vshkani,53.8333333333333,108.666666666667
RUS00023,2020-06-23,,0.6,1242.0,0.01,11.7,0.6,0.03,4.6,,,,2.0,7.8,Baikal Lake - Vshkani,53.8333333333333,108.666666666667
RUS00023,2020-09-05,,0.6,1213.0,0.03,9.2,0.5,0.02,16.5,,,,2.0,7.2,Baikal Lake - Vshkani,53.8333333333333,108.666666666667
RUS00023,2020-09-05,,0.6,1209.0,0.03,10.7,0.8,0.02,6.0,,,,2.0,7.8,Baikal Lake - Vshkani,53.8333333333333,108.666666666667
RUS00023,2020-10-25,,0.6,1234.0,0.01,10.7,0.6,0.02,6.0,,,,2.0,7.9,Baikal Lake - Vshkani,53.8333333333333,108.666666666667
RUS00023,2021-06-27,,0.6,1204.0,0.01,12.0,0.7,0.02,3.4,,,,2.0,7.8,Baikal Lake - Vshkani,53.8333333333333,108.666666666667
RUS00023,2021-06-27,,0.6,1207.0,0.01,12.0,0.8,0.02,5.8,,,,2.0,7.9,Baikal Lake - Vshkani,53.8333333333333,108.666666666667
RUS00023,2021-09-10,,0.6,1223.0,0.02,9.7,1.1,0.02,13.6,,,,2.0,8.3,Baikal Lake - Vshkani,53.8333333333333,108.666666666667
RUS00023,2021-09-10,,0.6,1190.0,0.01,11.5,0.6,0.02,5.8,,,,2.0,7.9,Baikal Lake - Vshkani,53.8333333333333,108.666666666667
RUS00023,2021-10-23,,0.6,1215.0,0.01,11.3,0.3,0.02,7.0,,,,2.0,7.9,Baikal Lake - Vshkani,53.8333333333333,108.666666666667
RUS00023,2022-06-16,,0.7,1195.0,0.01,10.3,0.7,0.02,3.2,,,,2.0,7.9,Baikal Lake - Vshkani,53.8333333333333,108.666666666667
RUS00023,2022-06-16,,0.7,1205.0,0.01,10.3,0.7,0.02,3.5,,,,2.0,7.9,Baikal Lake - Vshkani,53.8333333333333,108.666666666667
RUS00023,2022-09-07,,0.8,1234.0,0.01,9.2,0.7,0.03,9.2,,,,2.0,8.1,Baikal Lake - Vshkani,53.8333333333333,108.666666666667
RUS00023,2022-09-07,,0.8,1212.0,0.01,10.5,0.5,0.03,6.5,,,,2.0,8.0,Baikal Lake - Vshkani,53.8333333333333,108.666666666667
RUS00023,2022-10-21,,0.9,1225.0,0.01,9.7,0.3,0.02,7.4,,,,2.0,8.0,Baikal Lake - Vshkani,53.8333333333333,108.666666666667
RUS00024,2015-06-28,,0.8,1204.0,0.01,12.8,1.1,0.02,4.2,,,,2.0,7.9,Baikal Lake - Uzur,53.1666666666667,108.0
RUS00024,2015-06-28,,0.6,1196.0,0.01,12.5,1.2,0.02,4.0,,,,2.0,7.9,Baikal Lake - Uzur,53.1666666666667,108.0
RUS00024,2015-06-28,,0.7,1194.0,0.01,10.8,1.0,0.02,3.1,,,,2.0,7.8,Baikal Lake - Uzur,53.1666666666667,108.0
RUS00024,2015-09-13,,0.7,1214.0,0.01,10.7,0.2,0.02,11.8,,,,2.0,7.8,Baikal Lake - Uzur,53.1666666666667,108.0
RUS00024,2015-09-13,,0.8,1215.0,0.01,10.8,0.1,0.02,10.2,,,,2.0,7.8,Baikal Lake - Uzur,53.1666666666667,108.0
RUS00024,2015-09-13,,0.8,1221.0,0.01,9.4,0.1,0.02,9.8,,,,2.0,7.8,Baikal Lake - Uzur,53.1666666666667,108.0
RUS00024,2015-10-20,,0.6,1171.0,0.01,10.7,0.5,0.02,7.0,,,,2.0,7.8,Baikal Lake - Uzur,53.1666666666667,108.0
RUS00024,2016-06-29,,0.9,1236.0,0.01,11.0,0.5,0.02,9.0,,,,2.0,7.5,Baikal Lake - Uzur,53.1666666666667,108.0
RUS00024,2016-06-29,,0.7,1237.0,0.02,11.6,0.3,0.02,5.5,,,,2.0,7.6,Baikal Lake - Uzur,53.1666666666667,108.0
RUS00024,2016-06-29,,0.6,1233.0,0.01,12.1,0.5,0.02,4.2,,,,2.0,7.5,Baikal Lake - Uzur,53.1666666666667,108.0
RUS00024,2016-09-09,,0.7,1225.0,0.01,9.9,0.2,0.02,13.2,,,,2.0,7.6,Baikal Lake - Uzur,53.1666666666667,108.0
RUS00024,2016-09-09,,0.8,1225.0,0.02,11.4,0.1,0.02,5.8,,,,2.0,7.6,Baikal Lake - Uzur,53.1666666666667,108.0
RUS00024,2016-09-09,,0.7,1208.0,0.01,10.5,0.6,0.02,5.0,,,,2.0,7.8,Baikal Lake - Uzur,53.1666666666667,108.0
RUS00024,2016-10-26,,0.7,1231.0,0.01,11.0,0.3,0.02,7.2,,,,2.0,7.8,Baikal Lake - Uzur,53.1666666666667,108.0
RUS00024,2017-06-22,,0.7,1234.0,0.01,11.4,0.2,0.02,4.0,,,,2.0,7.8,Baikal Lake - Uzur,53.1666666666667,108.0
RUS00024,2017-06-22,,0.7,1238.0,0.01,11.4,0.4,0.02,4.0,,,,2.0,7.7,Baikal Lake - Uzur,53.1666666666667,108.0
RUS00024,2017-06-22,,0.6,1240.0,0.01,11.1,0.6,0.02,3.5,,,,2.0,7.6,Baikal Lake - Uzur,53.1666666666667,108.0
RUS00024,2017-10-03,,0.6,1175.0,0.01,10.8,0.4,0.02,8.1,,,,2.0,7.8,Baikal Lake - Uzur,53.1666666666667,108.0
RUS00024,2018-07-07,,0.8,1222.0,0.01,11.6,0.2,0.02,4.6,,,,2.0,7.7,Baikal Lake - Uzur,53.1666666666667,108.0
RUS00024,2018-07-07,,0.8,1222.0,0.01,11.5,0.3,0.02,4.5,,,,2.0,7.9,Baikal Lake - Uzur,53.1666666666667,108.0
RUS00024,2018-07-07,,0.8,1230.0,0.01,11.2,0.4,0.02,4.0,,,,2.0,7.9,Baikal Lake - Uzur,53.1666666666667,108.0
RUS00024,2018-09-22,,0.7,1175.0,0.01,10.5,0.4,0.02,10.0,,,,2.0,7.9,Baikal Lake - Uzur,53.1666666666667,108.0
RUS00024,2018-09-22,,0.8,1181.0,0.01,10.0,0.4,0.02,9.0,,,,2.0,8.0,Baikal Lake - Uzur,53.1666666666667,108.0
RUS00024,2018-09-22,,0.8,1192.0,0.01,10.9,0.4,0.02,4.5,,,,2.0,7.9,Baikal Lake - Uzur,53.1666666666667,108.0
RUS00024,2019-06-17,,0.6,1232.0,0.01,11.9,0.2,0.02,6.0,,,,2.0,7.9,Baikal Lake - Uzur,53.1666666666667,108.0
RUS00024,2019-06-17,,0.7,1230.0,0.03,11.9,0.3,0.02,5.5,,,,2.0,7.8,Baikal Lake - Uzur,53.1666666666667,108.0
RUS00024,2019-06-17,,0.6,1246.0,0.01,11.5,0.3,0.02,5.0,,,,2.0,7.9,Baikal Lake - Uzur,53.1666666666667,108.0
RUS00024,2019-09-13,,0.7,1232.0,0.01,10.0,0.5,0.02,8.6,,,,2.0,7.9,Baikal Lake - Uzur,53.1666666666667,108.0
RUS00024,2019-09-13,,0.7,1234.0,0.01,10.6,0.5,0.02,6.5,,,,2.0,7.9,Baikal Lake - Uzur,53.1666666666667,108.0
RUS00024,2019-09-13,,0.7,1236.0,0.02,9.7,1.5,0.02,3.8,,,,2.0,7.6,Baikal Lake - Uzur,53.1666666666667,108.0
RUS00024,2019-10-18,,0.6,1214.0,0.01,10.3,0.5,0.02,10.0,,,,2.0,7.4,Baikal Lake - Uzur,53.1666666666667,108.0
RUS00024,2020-06-22,,0.6,1250.0,0.01,11.1,0.1,0.03,4.8,,,,2.0,7.6,Baikal Lake - Uzur,53.1666666666667,108.0
RUS00024,2020-09-04,,0.6,1233.0,0.02,9.2,0.3,0.02,16.0,,,,2.0,8.1,Baikal Lake - Uzur,53.1666666666667,108.0
RUS00024,2020-09-04,,0.6,1189.0,0.02,9.5,0.3,0.02,13.0,,,,2.0,8.1,Baikal Lake - Uzur,53.1666666666667,108.0
RUS00024,2020-09-04,,0.6,1207.0,0.02,9.6,1.4,0.02,6.0,,,,2.0,7.6,Baikal Lake - Uzur,53.1666666666667,108.0
RUS00024,2020-10-25,,0.6,1230.0,0.01,10.7,0.5,0.02,5.8,,,,2.0,7.9,Baikal Lake - Uzur,53.1666666666667,108.0
RUS00024,2021-06-25,,0.6,1204.0,0.01,12.0,0.5,0.02,4.4,,,,2.0,8.0,Baikal Lake - Uzur,53.1666666666667,108.0
RUS00024,2021-06-25,,0.6,1207.0,0.01,12.1,0.5,0.02,3.8,,,,2.0,8.0,Baikal Lake - Uzur,53.1666666666667,108.0
RUS00024,2021-06-25,,0.6,1212.0,0.01,9.8,1.5,0.02,3.8,,,,2.0,7.6,Baikal Lake - Uzur,53.1666666666667,108.0
RUS00024,2021-09-09,,0.6,1222.0,0.01,10.3,0.7,0.02,10.8,,,,2.0,8.1,Baikal Lake - Uzur,53.1666666666667,108.0
RUS00024,2021-09-09,,0.6,1200.0,0.01,11.4,0.7,0.02,8.2,,,,2.0,7.8,Baikal Lake - Uzur,53.1666666666667,108.0
RUS00024,2021-09-09,,0.6,1218.0,0.01,10.0,1.6,0.02,6.5,,,,2.0,7.7,Baikal Lake - Uzur,53.1666666666667,108.0
RUS00024,2021-10-24,,0.6,1229.0,0.01,10.7,0.6,0.02,6.0,,,,2.0,8.0,Baikal Lake - Uzur,53.1666666666667,108.0
RUS00024,2022-06-25,,0.7,1227.0,0.01,10.3,0.5,0.02,4.2,,,,2.0,7.8,Baikal Lake - Uzur,53.1666666666667,108.0
RUS00024,2022-06-25,,0.7,1224.0,0.01,10.1,0.4,0.02,5.0,,,,2.0,7.8,Baikal Lake - Uzur,53.1666666666667,108.0
RUS00024,2022-06-25,,0.7,1229.0,0.01,8.9,1.4,0.02,5.2,,,,2.0,7.7,Baikal Lake - Uzur,53.1666666666667,108.0
RUS00024,2022-09-19,,0.8,1233.0,0.01,9.2,0.4,0.03,11.0,,,,2.0,8.1,Baikal Lake - Uzur,53.1666666666667,108.0
RUS00024,2022-09-19,,0.8,1216.0,0.01,9.8,0.4,0.03,7.8,,,,2.0,7.9,Baikal Lake - Uzur,53.1666666666667,108.0
RUS00024,2022-09-19,,0.8,1217.0,0.01,9.2,0.4,0.03,4.6,,,,2.0,7.8,Baikal Lake - Uzur,53.1666666666667,108.0
RUS00024,2022-10-21,,0.9,1196.0,0.01,9.7,0.5,0.02,8.0,,,,2.0,8.1,Baikal Lake - Uzur,53.1666666666667,108.0
